Original_SMILES,R1,R2,R3,R4,celldeath
NC1=NN2C=C(F)C=NC2=C1C(=O)NC1=C(C=CN=C1)N1CCC(CC1)C(O)=O,O=C(O)C1CCN([*:1])CC1,[H][*:2],F[*:3],[H][*:4],4149.908064
NC1=NN2C=C(F)C=NC2=C1C(=O)NC1=C(OC2CCC(CC2)C(O)=O)C=CN=C1,O=C(O)C1CCC(O[*:1])CC1,[H][*:2],F[*:3],[H][*:4],1743.7726739999998
CC1=C(NC(=O)C2=C3N=CC(CC#N)=CN3N=C2N)C=NC=C1,C[*:1],[H][*:2],N#CC[*:3],[H][*:4],456.38426880000003
CN1CCC(CC1=O)C1=C(NC(=O)C2=C3N=CC(F)=CN3N=C2N)C=NC=C1,CN1CCC([*:1])CC1=O,[H][*:2],F[*:3],[H][*:4],385.8580458
COC1=CN=CC(NC(=O)C2=C3N=CC(F)=CN3N=C2N)=C1C1CC1,C1CC1[*:1],CO[*:2],F[*:3],[H][*:4],356.1977414
CC1=C(NC(=O)C2=C3N=CC(F)=CN3N=C2N)C=NC=C1,C[*:1],[H][*:2],F[*:3],[H][*:4],277.209495
NC1=NN2C=C(CC#N)C=NC2=C1C(=O)NC1=C(OC2CCCOC2)C=CN=C1,C1COCC(O[*:1])C1,[H][*:2],N#CC[*:3],[H][*:4],247.46254989999997
COC1=C(NC(=O)C2=C3N=CC(CC#N)=CN3N=C2N)C=NC=C1,CO[*:1],[H][*:2],N#CC[*:3],[H][*:4],245.8400932
CC(=O)N1CCN(CC1)C1=C(NC(=O)C2=C3N=CC(F)=CN3N=C2N)C=NC=C1,CC(=O)N1CCN([*:1])CC1,[H][*:2],F[*:3],[H][*:4],241.7414219
NC1=NN2C=C(F)C=NC2=C1C(=O)NC1=C(N2CCS(=O)(=O)CC2)C(F)=CN=C1,O=S1(=O)CCN([*:1])CC1,F[*:2],F[*:3],[H][*:4],234.3917466
CC(=O)N1CCN(CC1)C1=C(NC(=O)C2=C3N=CC(F)=CN3N=C2N)C=NC=C1F,CC(=O)N1CCN([*:1])CC1,F[*:2],F[*:3],[H][*:4],232.15561290000002
CCOC1=C(NC(=O)C2=C3N=CC(CC#N)=CN3N=C2N)C=NC=C1,CCO[*:1],[H][*:2],N#CC[*:3],[H][*:4],230.10171680000002
NC1=NN2C=C(F)C=NC2=C1C(=O)NC1=C(N2CC3CCCN3C(=O)C2)C(F)=CN=C1,O=C1CN([*:1])CC2CCCN12,F[*:2],F[*:3],[H][*:4],226.43334930000003
CS(=O)(=O)C1CCN(C1)C1=C(NC(=O)C2=C3N=CC(F)=CN3N=C2N)C=NC=C1Cl,CS(=O)(=O)C1CCN([*:1])C1,Cl[*:2],F[*:3],[H][*:4],226.4146876
NC1=NN2C=C(CC#N)C=NC2=C1C(=O)NC1=C(OC2CCCC2)C=CN=C1,C1CCC(O[*:1])C1,[H][*:2],N#CC[*:3],[H][*:4],223.27406690000004
CS(=O)(=O)N1CCN(CC1)C1=C(NC(=O)C2=C3N=CC(F)=CN3N=C2N)C=NC=C1,CS(=O)(=O)N1CCN([*:1])CC1,[H][*:2],F[*:3],[H][*:4],221.9559202
NC1=NN2C=C(F)C=NC2=C1C(=O)NC1=C(C=CN=C1)N1CC2CCCN2C(=O)C1,O=C1CN([*:1])CC2CCCN12,[H][*:2],F[*:3],[H][*:4],216.80338959999997
NC1=NN2C=C(CC#N)C=NC2=C1C(=O)NC1=C(OCC(F)(F)F)C=CN=C1,FC(F)(F)CO[*:1],[H][*:2],N#CC[*:3],[H][*:4],211.72158619999996
CS(=O)(=O)C1CCCN(C1)C1=C(NC(=O)C2=C3N=CC(F)=CN3N=C2N)C=NC=C1,CS(=O)(=O)C1CCCN([*:1])C1,[H][*:2],F[*:3],[H][*:4],209.88968819999997
NC1=NN2C=C(CC#N)C=NC2=C1C(=O)NC1=C(OC2CCC2)C=CN=C1,C1CC(O[*:1])C1,[H][*:2],N#CC[*:3],[H][*:4],209.0698061
COCCOC1=C(NC(=O)C2=C3N=CC(CC#N)=CN3N=C2N)C=NC=C1,COCCO[*:1],[H][*:2],N#CC[*:3],[H][*:4],207.0398553
CN(C)S(=O)(=O)C1CCN(CC1)C1=C(NC(=O)C2=C3N=CC(F)=CN3N=C2N)C=NC=C1F,CN(C)S(=O)(=O)C1CCN([*:1])CC1,F[*:2],F[*:3],[H][*:4],206.7684942
NC1=NN2C=C(F)C=NC2=C1C(=O)NC1=C(CN2CCCC2=O)C=CN=C1,O=C1CCCN1C[*:1],[H][*:2],F[*:3],[H][*:4],206.1389428
NC1=NN2C=C(CC#N)C=NC2=C1C(=O)NC1=C(OC2CCOC2)C=CN=C1,C1CC(O[*:1])CO1,[H][*:2],N#CC[*:3],[H][*:4],193.42166719999997
CC(=O)N1CCC(CC1)C1=C(NC(=O)C2=C3N=CC(F)=CN3N=C2N)C=NC=C1,CC(=O)N1CCC([*:1])CC1,[H][*:2],F[*:3],[H][*:4],193.21206940000002
NC1=NN2C=C(CC#N)C=NC2=C1C(=O)NC1=C(OC2CCCCC2)C=CN=C1,C1CCC(O[*:1])CC1,[H][*:2],N#CC[*:3],[H][*:4],192.33875469999998
NC1=NN2C=C(F)C=NC2=C1C(=O)NC1=C(C=CN=C1)N1CCN2C(CCCC2=O)C1,O=C1CCCC2CN([*:1])CCN12,[H][*:2],F[*:3],[H][*:4],189.0247539
NC1=NN2C=C(F)C=NC2=C1C(=O)NC1=C(C=CN=C1)C1CC1,C1CC1[*:1],[H][*:2],F[*:3],[H][*:4],184.79855880000002
NC1=NN2C=C(F)C=NC2=C1C(=O)NC1=C(N2CCC(CC2)C(=O)N2CCOCC2)C(F)=CN=C1,O=C(C1CCN([*:1])CC1)N1CCOCC1,F[*:2],F[*:3],[H][*:4],181.5550358
NC1=NN2C=C(CC#N)C=NC2=C1C(=O)NC1=C(OC2CCOCC2)C=CN=C1,C1CC(O[*:1])CCO1,[H][*:2],N#CC[*:3],[H][*:4],181.2769864
NC1=NN2C=C(CC#N)C=NC2=C1C(=O)NC1=C(C=CN=C1)N1CCOCC1,C1CN([*:1])CCO1,[H][*:2],N#CC[*:3],[H][*:4],178.8393275
COC1=C(NC(=O)C2=C3N=CC(F)=CN3N=C2N)C=NC=C1,CO[*:1],[H][*:2],F[*:3],[H][*:4],178.6910997
CN(C)C(=O)C1CCN(CC1)C1=C(NC(=O)C2=C3N=CC(F)=CN3N=C2N)C=NC=C1F,CN(C)C(=O)C1CCN([*:1])CC1,F[*:2],F[*:3],[H][*:4],177.9580019
NC1=NN2C=C(F)C=NC2=C1C(=O)NC1=C(N2CCN3[C@H](CCCC3=O)C2)C(F)=CN=C1,O=C1CCC[C@@H]2CN([*:1])CCN12,F[*:2],F[*:3],[H][*:4],177.5834817
NC1=NN2C=C(F)C=NC2=C1C(=O)NC1=C(N2CCN3[C@@H](CCCC3=O)C2)C(F)=CN=C1,O=C1CCC[C@H]2CN([*:1])CCN12,F[*:2],F[*:3],[H][*:4],177.559843
COCCS(=O)(=O)C1CCN(CC1)C1=C(NC(=O)C2=C3N=CC(F)=CN3N=C2N)C=NC=C1,COCCS(=O)(=O)C1CCN([*:1])CC1,[H][*:2],F[*:3],[H][*:4],177.20140930000002
CN(C)C(=O)C1CN(CCO1)C1=C(NC(=O)C2=C3N=CC(F)=CN3N=C2N)C=NC=C1,CN(C)C(=O)C1CN([*:1])CCO1,[H][*:2],F[*:3],[H][*:4],176.3507778
NC1=NN2C=C(F)C=NC2=C1C(=O)NC1=C(C=CN=C1)N1CCS(=O)(=O)CC1,O=S1(=O)CCN([*:1])CC1,[H][*:2],F[*:3],[H][*:4],174.1739969
CS(=O)(=O)C1CCN(CC1)C1=C(NC(=O)C2=C3N=CC(F)=CN3N=C2N)C=NC=C1F,CS(=O)(=O)C1CCN([*:1])CC1,F[*:2],F[*:3],[H][*:4],172.9910822
CN(C)C(=O)C1CCCN(C1)C1=C(NC(=O)C2=C3N=CC(F)=CN3N=C2N)C=NC=C1,CN(C)C(=O)C1CCCN([*:1])C1,[H][*:2],F[*:3],[H][*:4],172.2593616
NC1=NN2C=C(F)C=NC2=C1C(=O)NC1=C(C=CN=C1)N1CCOCC1,C1CN([*:1])CCO1,[H][*:2],F[*:3],[H][*:4],169.8915519
CS(=O)(=O)C1CN(C1)C(=O)C1CCN(CC1)C1=C(NC(=O)C2=C3N=CC(F)=CN3N=C2N)C=NC=C1F,CS(=O)(=O)C1CN(C(=O)C2CCN([*:1])CC2)C1,F[*:2],F[*:3],[H][*:4],168.10076469999998
CC1=NN(C(C)=N1)C1=C(NC(=O)C2=C3N=CC(F)=CN3N=C2N)C=NC=C1,Cc1nc(C)n([*:1])n1,[H][*:2],F[*:3],[H][*:4],166.2285877
NC1=NN2C=C(F)C=NC2=C1C(=O)NC1=C(N2CCN3C(CCCC3=O)C2)C(F)=CN=C1,O=C1CCCC2CN([*:1])CCN12,F[*:2],F[*:3],[H][*:4],165.9584916
CN1CCN(CC1=O)C1=C(NC(=O)C2=C3N=CC(F)=CN3N=C2N)C=NC=C1F,CN1CCN([*:1])CC1=O,F[*:2],F[*:3],[H][*:4],163.9646147
NC1=NN2C=C(CC#N)C=NC2=C1C(=O)NC1=C(OC2COC2)C=CN=C1,C1OCC1O[*:1],[H][*:2],N#CC[*:3],[H][*:4],163.7632735
CN1CC2(CCN(CC2)C2=C(NC(=O)C3=C4N=CC(F)=CN4N=C3N)C=NC=C2)CCC1=O,CN1CC2(CCC1=O)CCN([*:1])CC2,[H][*:2],F[*:3],[H][*:4],163.69476740000002
NC1=NN2C=C(CC#N)C=NC2=C1C(=O)NC1=C(OCC2CC2)C=CN=C1,C1CC1CO[*:1],[H][*:2],N#CC[*:3],[H][*:4],161.2806986
CN(C)C(=O)C1CCN(CC1)C1=C(NC(=O)C2=C3N=CC(F)=CN3N=C2N)C=NC=C1,CN(C)C(=O)C1CCN([*:1])CC1,[H][*:2],F[*:3],[H][*:4],159.03217819999998
CS(=O)(=O)C1CN(C1)C(=O)C1CCN(CC1)C1=C(NC(=O)C2=C3N=CC(F)=CN3N=C2N)C=NC=C1,CS(=O)(=O)C1CN(C(=O)C2CCN([*:1])CC2)C1,[H][*:2],F[*:3],[H][*:4],158.3397065
NC1=NN2C=C(F)C=NC2=C1C(=O)NC1=C(OC2CCOC2)C=CN=C1,C1CC(O[*:1])CO1,[H][*:2],F[*:3],[H][*:4],157.8212877
CC1=NC=NN1C1=C(NC(=O)C2=C3N=CC(F)=CN3N=C2N)C=NC=C1F,Cc1ncnn1[*:1],F[*:2],F[*:3],[H][*:4],157.4044142
CC1=C(NC(=O)C2=C3N=CC(Cl)=CN3N=C2N)C=NC=C1,C[*:1],[H][*:2],Cl[*:3],[H][*:4],155.9587321
NC1=NN2C=C(F)C=NC2=C1C(=O)NC1=C(C=CN=C1)N1CCN2C(COCC2=O)C1,O=C1COCC2CN([*:1])CCN12,[H][*:2],F[*:3],[H][*:4],155.9143531
NC1=NN2C=C(F)C=NC2=C1C(=O)NC1=C(C=CN=C1)N1CCC(CC1)C(=O)N1CCOCC1,O=C(C1CCN([*:1])CC1)N1CCOCC1,[H][*:2],F[*:3],[H][*:4],154.69484939999998
NC1=NN2C=C(F)C=NC2=C1C(=O)NC1=C(C=CN=C1)C1CCOC1,C1CC([*:1])CO1,[H][*:2],F[*:3],[H][*:4],154.6545006
NC1=NN2C=C(F)C=NC2=C1C(=O)NC1=C(C=CN=C1)N1CCN(CC1)S(=O)(=O)C1CCOCC1,O=S(=O)(C1CCOCC1)N1CCN([*:1])CC1,[H][*:2],F[*:3],[H][*:4],148.16832409999998
COC(=O)N1CCN(CC1)C1=C(NC(=O)C2=C3N=CC(F)=CN3N=C2N)C=NC=C1F,COC(=O)N1CCN([*:1])CC1,F[*:2],F[*:3],[H][*:4],148.09687340000002
COCC1CN(C1)C(=O)C1CCN(CC1)C1=C(NC(=O)C2=C3N=CC(F)=CN3N=C2N)C=NC=C1F,COCC1CN(C(=O)C2CCN([*:1])CC2)C1,F[*:2],F[*:3],[H][*:4],146.3744197
CC(=O)N1CCCC11CCN(CC1)C1=C(NC(=O)C2=C3N=CC(F)=CN3N=C2N)C=NC=C1,CC(=O)N1CCCC12CCN([*:1])CC2,[H][*:2],F[*:3],[H][*:4],144.8688997
NC1=NN2C=C(F)C=NC2=C1C(=O)NC1=C(C=CN=C1)N1CCN(CC1)S(=O)(=O)C1CCOC1,O=S(=O)(C1CCOC1)N1CCN([*:1])CC1,[H][*:2],F[*:3],[H][*:4],144.8295139
COC1CN(C1)C(=O)C1CCN(CC1)C1=C(NC(=O)C2=C3N=CC(F)=CN3N=C2N)C=NC=C1F,COC1CN(C(=O)C2CCN([*:1])CC2)C1,F[*:2],F[*:3],[H][*:4],143.04237519999998
CS(=O)(=O)C1CCN(CC1)C1=C(NC(=O)C2=C3N=CC(F)=CN3N=C2N)C=NC=C1,CS(=O)(=O)C1CCN([*:1])CC1,[H][*:2],F[*:3],[H][*:4],143.038501
CN1C=NC=C1C1=C(NC(=O)C2=C3N=CC(F)=CN3N=C2N)C=NC=C1F,Cn1cncc1[*:1],F[*:2],F[*:3],[H][*:4],142.2882527
NC1=NN2C=C(CC#N)C=NC2=C1C(=O)NC1=C(C=CN=C1)N1CCCC1,C1CCN([*:1])C1,[H][*:2],N#CC[*:3],[H][*:4],141.1726864
COCCN(C)C(=O)C1CCN(CC1)C1=C(NC(=O)C2=C3N=CC(F)=CN3N=C2N)C=NC=C1F,COCCN(C)C(=O)C1CCN([*:1])CC1,F[*:2],F[*:3],[H][*:4],140.3290178
NC1=NN2C=C(F)C=NC2=C1C(=O)NC1=C(C=CN=C1)N1CCN2[C@@H](CCS2(=O)=O)C1,O=S1(=O)CC[C@H]2CN([*:1])CCN21,[H][*:2],F[*:3],[H][*:4],140.1767139
COC1(C)CN(C1)C(=O)C1CCN(CC1)C1=C(NC(=O)C2=C3N=CC(F)=CN3N=C2N)C=NC=C1F,COC1(C)CN(C(=O)C2CCN([*:1])CC2)C1,F[*:2],F[*:3],[H][*:4],138.4595055
NC1=NN2C=C(F)C=NC2=C1C(=O)NC1=C(N2CCCC2)C(F)=CN=C1,C1CCN([*:1])C1,F[*:2],F[*:3],[H][*:4],137.5253648
NC1=NN2C=C(CC#N)C=NC2=C1C(=O)NC1=C(O[C@H]2CCOC2)C=CN=C1,C1C[C@H](O[*:1])CO1,[H][*:2],N#CC[*:3],[H][*:4],136.1278356
COC1CCN(CC1)C1=C(NC(=O)C2=C3N=CC(F)=CN3N=C2N)C=NC=C1,COC1CCN([*:1])CC1,[H][*:2],F[*:3],[H][*:4],134.48060569999998
NC1=NN2C=C(F)C=NC2=C1C(=O)NC1=C(OC2COC2)C=CN=C1,C1OCC1O[*:1],[H][*:2],F[*:3],[H][*:4],133.9260047
NC1=NN2C=C(F)C=NC2=C1C(=O)NC1=C(N2CCC(CC2)C(=O)N2CCC2)C(F)=CN=C1,O=C(C1CCN([*:1])CC1)N1CCC1,F[*:2],F[*:3],[H][*:4],133.6098627
CC1(CCN(CC1)C1=C(NC(=O)C2=C3N=CC(F)=CN3N=C2N)C=NC=C1)S(C)(=O)=O,CC1(S(C)(=O)=O)CCN([*:1])CC1,[H][*:2],F[*:3],[H][*:4],132.8608098
CCOC1=C(NC(=O)C2=C3N=CC(F)=CN3N=C2N)C=NC=C1,CCO[*:1],[H][*:2],F[*:3],[H][*:4],132.39050690000002
COC1=C(NC(=O)C2=C3N=CC(=CN3N=C2N)C(C)C#N)C=NC=C1,CO[*:1],[H][*:2],CC(C#N)[*:3],[H][*:4],132.1744476
NC1=NN2C=C(CC#N)C=NC2=C1C(=O)NC1=C(O[C@@H]2CCOC2)C=CN=C1,C1C[C@@H](O[*:1])CO1,[H][*:2],N#CC[*:3],[H][*:4],131.46748829999999
NC1=NN2C=C(F)C=NC2=C1C(=O)NC1=C(N2CCC(CC2)S(=O)(=O)N2CCOCC2)C(F)=CN=C1,O=S(=O)(C1CCN([*:1])CC1)N1CCOCC1,F[*:2],F[*:3],[H][*:4],131.3436145
NC1=NN2C=C(F)C=NC2=C1C(=O)NC1=C(N2CCC(CC2)C(=O)N2CC(C2)C#N)C(F)=CN=C1,N#CC1CN(C(=O)C2CCN([*:1])CC2)C1,F[*:2],F[*:3],[H][*:4],130.2951316
CNC(=O)C1CCN(CC1)C1=C(NC(=O)C2=C3N=CC(F)=CN3N=C2N)C=NC=C1F,CNC(=O)C1CCN([*:1])CC1,F[*:2],F[*:3],[H][*:4],129.7250792
NC1=NN2C=C(CC#N)C=NC2=C1C(=O)NC1=C(C=CN=C1)N1CCCCC1,C1CCN([*:1])CC1,[H][*:2],N#CC[*:3],[H][*:4],129.33112659999998
NC1=NN2C=C(F)C=NC2=C1C(=O)NC1=C(N2CCN(CC2)S(=O)(=O)C2CCOCC2)C(F)=CN=C1,O=S(=O)(C1CCOCC1)N1CCN([*:1])CC1,F[*:2],F[*:3],[H][*:4],129.3238899
COC1CN(C1)C(=O)C1CCN(CC1)C1=C(NC(=O)C2=C3N=CC(F)=CN3N=C2N)C=NC=C1,COC1CN(C(=O)C2CCN([*:1])CC2)C1,[H][*:2],F[*:3],[H][*:4],126.79189860000001
COC1(C)CN(C1)C(=O)C1CCN(CC1)C1=C(NC(=O)C2=C3N=CC(F)=CN3N=C2N)C=NC=C1,COC1(C)CN(C(=O)C2CCN([*:1])CC2)C1,[H][*:2],F[*:3],[H][*:4],124.4148164
NC1=NN2C=C(F)C=NC2=C1C(=O)NC1=C(N2CCN(CC2)C(=O)C2CCOC2)C(F)=CN=C1,O=C(C1CCOC1)N1CCN([*:1])CC1,F[*:2],F[*:3],[H][*:4],123.7404835
NC1=NN2C=C(F)C=NC2=C1C(=O)NC1=C(C=CN=C1)N1CCC(CC1)C(=O)N1CCCC1,O=C(C1CCN([*:1])CC1)N1CCCC1,[H][*:2],F[*:3],[H][*:4],123.20419550000001
CC1=NC=NN1C1=C(NC(=O)C2=C3N=CC(F)=CN3N=C2N)C=NC=C1,Cc1ncnn1[*:1],[H][*:2],F[*:3],[H][*:4],122.8423523
NC1=NN2C=C(F)C=NC2=C1C(=O)NC1=C(C=CN=C1)N1CCN2C(COC2=O)C1,O=C1OCC2CN([*:1])CCN12,[H][*:2],F[*:3],[H][*:4],122.3398945
NC1=NN2C=C(F)C=NC2=C1C(=O)NC1=C(N2CCC(CC2)C(=O)N2CC(F)(F)C2)C(F)=CN=C1,O=C(C1CCN([*:1])CC1)N1CC(F)(F)C1,F[*:2],F[*:3],[H][*:4],121.127228
NC1=NN2C=C(F)C=NC2=C1C(=O)NC1=C(N2CCCC2)C(Cl)=CN=C1,C1CCN([*:1])C1,Cl[*:2],F[*:3],[H][*:4],121.0513847
NC1=NN2C=C(F)C=NC2=C1C(=O)NC1=C(N2CCN3C(CCC3=O)C2)C(F)=CN=C1,O=C1CCC2CN([*:1])CCN12,F[*:2],F[*:3],[H][*:4],120.418208
COCC1CCN(CC1)C1=C(NC(=O)C2=C3N=CC(F)=CN3N=C2N)C=NC=C1,COCC1CCN([*:1])CC1,[H][*:2],F[*:3],[H][*:4],120.19342309999999
CO[C@@H]1CCN(C1)C(=O)C1CCN(CC1)C1=C(NC(=O)C2=C3N=CC(F)=CN3N=C2N)C=NC=C1,CO[C@@H]1CCN(C(=O)C2CCN([*:1])CC2)C1,[H][*:2],F[*:3],[H][*:4],119.6741308
NC1=NN2C=C(F)C=NC2=C1C(=O)NC1=C(C=CN=C1)N1CCC(CC1)C(=O)N1CCC1,O=C(C1CCN([*:1])CC1)N1CCC1,[H][*:2],F[*:3],[H][*:4],119.44754440000001
NC1=NN2C=C(CC#N)C=NC2=C1C(=O)NC1=C(C=CN=C1)N1CCCCCC1,C1CCCN([*:1])CC1,[H][*:2],N#CC[*:3],[H][*:4],119.41023799999999
NC1=NN2C=C(F)C=NC2=C1C(=O)NC1=C(C=CN=C1)N1CCC(CC1)C(=O)N1CC(C1)C#N,N#CC1CN(C(=O)C2CCN([*:1])CC2)C1,[H][*:2],F[*:3],[H][*:4],118.4569215
NC1=NN2C=C(F)C=NC2=C1C(=O)NC1=C(N2CCCCC2)C(F)=CN=C1,C1CCN([*:1])CC1,F[*:2],F[*:3],[H][*:4],117.15068640000001
NC1=NN2C=C(F)C=NC2=C1C(=O)NC1=C(C=CN=C1)N1CCCCC1,C1CCN([*:1])CC1,[H][*:2],F[*:3],[H][*:4],116.51910459999999
NC1=NN2C=C(F)C=NC2=C1C(=O)NC1=C(N2CC[C@H](C2)C#N)C(Cl)=CN=C1,N#C[C@@H]1CCN([*:1])C1,Cl[*:2],F[*:3],[H][*:4],115.9792324
NC1=NN2C=C(F)C=NC2=C1C(=O)NC1=C(C=CN=C1)N1CCCC2(COC2)C1,C1CN([*:1])CC2(C1)COC2,[H][*:2],F[*:3],[H][*:4],115.7466182
CCC(C#N)C1=CN2N=C(N)C(C(=O)NC3=C(OC)C=CN=C3)=C2N=C1,CO[*:1],[H][*:2],CCC(C#N)[*:3],[H][*:4],115.7201193
NC1=NN2C=C(F)C=NC2=C1C(=O)NC1=C(C=CN=C1)N1C=CC=N1,c1cnn([*:1])c1,[H][*:2],F[*:3],[H][*:4],114.1513702
CC1=NN(C=C1)C1=C(NC(=O)C2=C3N=CC(F)=CN3N=C2N)C=NC=C1,Cc1ccn([*:1])n1,[H][*:2],F[*:3],[H][*:4],114.00893290000002
CC1=CC=NN1C1=C(NC(=O)C2=C3N=CC(F)=CN3N=C2N)C=NC=C1,Cc1ccnn1[*:1],[H][*:2],F[*:3],[H][*:4],113.9152263
CN1CCN(CC1=O)C1=C(NC(=O)C2=C3N=CC(F)=CN3N=C2N)C=NC=C1,CN1CCN([*:1])CC1=O,[H][*:2],F[*:3],[H][*:4],113.7345777
NC1=NN2C=C(F)C=NC2=C1C(=O)NC1=C(N2CCN(CC2)S(=O)(=O)C2CC2)C(F)=CN=C1,O=S(=O)(C1CC1)N1CCN([*:1])CC1,F[*:2],F[*:3],[H][*:4],113.5130413
CCOC1CN(C1)C(=O)C1CCN(CC1)C1=C(NC(=O)C2=C3N=CC(F)=CN3N=C2N)C=NC=C1,CCOC1CN(C(=O)C2CCN([*:1])CC2)C1,[H][*:2],F[*:3],[H][*:4],113.1008283
NC1=NN2C=C(CC#N)C=NC2=C1C(=O)NC1=C(OCCCO)C=CN=C1,OCCCO[*:1],[H][*:2],N#CC[*:3],[H][*:4],112.99898590000002
NC1=NN2C=C(F)C=NC2=C1C(=O)NC1=C(N2CCC(CC2)S(=O)(=O)N2CCC2)C(F)=CN=C1,O=S(=O)(C1CCN([*:1])CC1)N1CCC1,F[*:2],F[*:3],[H][*:4],112.813272
NC1=NN2C=C(F)C=NC2=C1C(=O)NC1=C(C=CN=C1)N1CCC(CC1)C(=O)N1CC(F)(F)C1,O=C(C1CCN([*:1])CC1)N1CC(F)(F)C1,[H][*:2],F[*:3],[H][*:4],112.64917879999999
CC1=C(N=NC=C1)C1=C(NC(=O)C2=C3N=CC(F)=CN3N=C2N)C=NC=C1,Cc1ccnnc1[*:1],[H][*:2],F[*:3],[H][*:4],111.25161829999999
NC1=NN2C=C(F)C=NC2=C1C(=O)NC1=C(OC2CC[S+]([O-])CC2)C=CN=C1,[O-][S+]1CCC(O[*:1])CC1,[H][*:2],F[*:3],[H][*:4],111.24994009999999
CN1C(=O)CCC11CCN(CC1)C1=C(NC(=O)C2=C3N=CC(F)=CN3N=C2N)C=NC=C1,CN1C(=O)CCC12CCN([*:1])CC2,[H][*:2],F[*:3],[H][*:4],109.9209231
NC1=NN2C=C(F)C=NC2=C1C(=O)NC1=C(C=CN=C1)C1CCN(CC1)C(=O)C1CC1,O=C(C1CC1)N1CCC([*:1])CC1,[H][*:2],F[*:3],[H][*:4],109.82400690000001
CO[C@H]1CCN(C1)C(=O)C1CCN(CC1)C1=C(NC(=O)C2=C3N=CC(F)=CN3N=C2N)C=NC=C1F,CO[C@H]1CCN(C(=O)C2CCN([*:1])CC2)C1,F[*:2],F[*:3],[H][*:4],108.78417069999999
NC1=NN2C=C(F)C=NC2=C1C(=O)NC1=C(C=CN=C1)N1CCN(CC1)S(=O)(=O)C1COC1,O=S(=O)(C1COC1)N1CCN([*:1])CC1,[H][*:2],F[*:3],[H][*:4],108.12240159999999
NC1=NN2C=C(Cl)C=NC2=C1C(=O)NC1=C(OC2CCCOC2)C=CN=C1,C1COCC(O[*:1])C1,[H][*:2],Cl[*:3],[H][*:4],107.05420159999998
NC1=NN2C=C(F)C=NC2=C1C(=O)NC1=C(C=CN=C1)N1CCCCCC1,C1CCCN([*:1])CC1,[H][*:2],F[*:3],[H][*:4],105.94000249999999
NC1=NN2C=C(F)C=NC2=C1C(=O)NC1=C(N2CCC(CC2)C(=O)NC2COC2)C(F)=CN=C1,O=C(NC1COC1)C1CCN([*:1])CC1,F[*:2],F[*:3],[H][*:4],105.49612820000002
CS(=O)(=O)CC1CCN(CC1)C1=C(NC(=O)C2=C3N=CC(F)=CN3N=C2N)C=NC=C1,CS(=O)(=O)CC1CCN([*:1])CC1,[H][*:2],F[*:3],[H][*:4],104.668818
CC1(C)CN(CCS1(=O)=O)C1=C(NC(=O)C2=C3N=CC(F)=CN3N=C2N)C=NC=C1,CC1(C)CN([*:1])CCS1(=O)=O,[H][*:2],F[*:3],[H][*:4],103.4644275
COC1=C(NC(=O)C2=C3N=CC(Cl)=CN3N=C2N)C=NC=C1,CO[*:1],[H][*:2],Cl[*:3],[H][*:4],102.92220259999999
CC(C)OC1=C(NC(=O)C2=C3N=CC(CC#N)=CN3N=C2N)C=NC=C1,CC(C)O[*:1],[H][*:2],N#CC[*:3],[H][*:4],102.85786709999999
CO[C@H]1CCN(C1)C(=O)C1CCN(CC1)C1=C(NC(=O)C2=C3N=CC(F)=CN3N=C2N)C=NC=C1,CO[C@H]1CCN(C(=O)C2CCN([*:1])CC2)C1,[H][*:2],F[*:3],[H][*:4],102.56467909999999
NC1=NN2C=C(F)C=NC2=C1C(=O)NC1=C(N2CCN(CC2)S(=O)(=O)C2COC2)C(F)=CN=C1,O=S(=O)(C1COC1)N1CCN([*:1])CC1,F[*:2],F[*:3],[H][*:4],102.22441459999999
NC1=NN2C=C(F)C=NC2=C1C(=O)NC1=C(N2CCN(CC2)C(=O)C2CC2)C(F)=CN=C1,O=C(C1CC1)N1CCN([*:1])CC1,F[*:2],F[*:3],[H][*:4],100.9644494
COCCOC1=C(NC(=O)C2=C3N=CC(Cl)=CN3N=C2N)C=NC=C1,COCCO[*:1],[H][*:2],Cl[*:3],[H][*:4],100.0574393
NC1=NN2C=C(F)C=NC2=C1C(=O)NC1=C(N2CCC(CC2)C(=O)N2CC(O)C2)C(F)=CN=C1,O=C(C1CCN([*:1])CC1)N1CC(O)C1,F[*:2],F[*:3],[H][*:4],99.91364377
NC1=NN2C=C(CC#N)C=NC2=C1C(=O)NC1=C(OCCO)C=CN=C1,OCCO[*:1],[H][*:2],N#CC[*:3],[H][*:4],99.62756737
NC1=NN2C=C(F)C=NC2=C1C(=O)NC1=C(N2CCC(O)C2)C(Cl)=CN=C1,OC1CCN([*:1])C1,Cl[*:2],F[*:3],[H][*:4],99.57136396
NC1=NN2C=C(F)C=NC2=C1C(=O)NC1=C(OC2CCS(=O)(=O)CC2)C=CN=C1,O=S1(=O)CCC(O[*:1])CC1,[H][*:2],F[*:3],[H][*:4],99.44931325
NC1=NN2C=C(F)C=NC2=C1C(=O)NC1=C(N2CCN3[C@H](COC3=O)C2)C(F)=CN=C1,O=C1OC[C@@H]2CN([*:1])CCN12,F[*:2],F[*:3],[H][*:4],99.20432977
NC1=NN2C=C(F)C=NC2=C1C(=O)NC1=C(C=CN=C1)N1CCC(CC1)S(=O)(=O)N1CCC1,O=S(=O)(C1CCN([*:1])CC1)N1CCC1,[H][*:2],F[*:3],[H][*:4],98.69239516
CN1C(=O)C=CC=C1C1=C(NC(=O)C2=C3N=CC(F)=CN3N=C2N)C=NC=C1,Cn1c([*:1])cccc1=O,[H][*:2],F[*:3],[H][*:4],98.56275902
NC1=NN2C=C(Cl)C=NC2=C1C(=O)NC1=C(OC2CCOCC2)C=CN=C1,C1CC(O[*:1])CCO1,[H][*:2],Cl[*:3],[H][*:4],98.50851603
COC(=O)C1CCN(CC1)C1=C(NC(=O)C2=C3N=CC(Cl)=CN3N=C2N)C=NC=C1,COC(=O)C1CCN([*:1])CC1,[H][*:2],Cl[*:3],[H][*:4],98.47281597
NC1=NN2C=C(F)C=NC2=C1C(=O)NC1=C(C=CN=C1)N1CCC(CC1)S(=O)(=O)N1CCOCC1,O=S(=O)(C1CCN([*:1])CC1)N1CCOCC1,[H][*:2],F[*:3],[H][*:4],98.09633824
NC1=NN2C=C(F)C=NC2=C1C(=O)NC1=C(C=CN=C1)N1CCN(CC1)C(=O)C1COC1,O=C(C1COC1)N1CCN([*:1])CC1,[H][*:2],F[*:3],[H][*:4],98.04813879999999
CC1=NN=CN1C1=C(NC(=O)C2=C3N=CC(F)=CN3N=C2N)C=NC=C1,Cc1nncn1[*:1],[H][*:2],F[*:3],[H][*:4],98.02630958
NC1=NN2C=C(F)C=NC2=C1C(=O)NC1=C(N2CCN(CC2)C(=O)C2COC2)C(F)=CN=C1,O=C(C1COC1)N1CCN([*:1])CC1,F[*:2],F[*:3],[H][*:4],97.94580937
NC1=NN2C=C(CC#N)C=NC2=C1C(=O)NC1=C(C=CN=C1)C1=CC=CC=C1,c1ccc([*:1])cc1,[H][*:2],N#CC[*:3],[H][*:4],95.94291182
NC1=NN2C=C(F)C=NC2=C1C(=O)NC1=C(C=CN=C1)N1CCN(CC1)S(=O)(=O)C1CC1,O=S(=O)(C1CC1)N1CCN([*:1])CC1,[H][*:2],F[*:3],[H][*:4],94.92943958
CC(=O)N1CCC2(C1)CCN(CC2)C1=C(NC(=O)C2=C3N=CC(F)=CN3N=C2N)C=NC=C1,CC(=O)N1CCC2(CCN([*:1])CC2)C1,[H][*:2],F[*:3],[H][*:4],93.6656832
CC1=NN(C=N1)C1=C(NC(=O)C2=C3N=CC(F)=CN3N=C2N)C=NC=C1,Cc1ncn([*:1])n1,[H][*:2],F[*:3],[H][*:4],93.4834151
NC1=NN2C=C(Cl)C=NC2=C1C(=O)NC1=C(OCC(F)(F)F)C=CN=C1,FC(F)(F)CO[*:1],[H][*:2],Cl[*:3],[H][*:4],93.14165600000001
CN1N=NC=C1C1=C(NC(=O)C2=C3N=CC(F)=CN3N=C2N)C=NC=C1,Cn1nncc1[*:1],[H][*:2],F[*:3],[H][*:4],91.57409416
NC1=NN2C=C(F)C=NC2=C1C(=O)NC1=C(N2CCC(CC2)C(=O)N2CC(F)C2)C(F)=CN=C1,O=C(C1CCN([*:1])CC1)N1CC(F)C1,F[*:2],F[*:3],[H][*:4],91.36120343
CC1=C(C=CN=N1)C1=C(NC(=O)C2=C3N=CC(F)=CN3N=C2N)C=NC=C1,Cc1nnccc1[*:1],[H][*:2],F[*:3],[H][*:4],91.18864738
CC(C)(C)NC(=O)C1CCN(CC1)C1=C(NC(=O)C2=C3N=CC(F)=CN3N=C2N)C=NC=C1F,CC(C)(C)NC(=O)C1CCN([*:1])CC1,F[*:2],F[*:3],[H][*:4],90.52412455
NC1=NN2C=C(F)C=NC2=C1C(=O)NC1=C(N2CCN3[C@H](CCC3=O)C2)C(F)=CN=C1,O=C1CC[C@@H]2CN([*:1])CCN12,F[*:2],F[*:3],[H][*:4],90.29641344
NC1=NN2C=C(Cl)C=NC2=C1C(=O)NC1=C(O[C@@H]2CCOC2)C=CN=C1,C1C[C@@H](O[*:1])CO1,[H][*:2],Cl[*:3],[H][*:4],89.63329206
CC1(O)CN(C1)C(=O)C1CCN(CC1)C1=C(NC(=O)C2=C3N=CC(F)=CN3N=C2N)C=NC=C1F,CC1(O)CN(C(=O)C2CCN([*:1])CC2)C1,F[*:2],F[*:3],[H][*:4],89.31334508
CN(C)C(=O)[C@@H]1CC[C@@H](CC1)OC1=C(NC(=O)C2=C3N=CC(F)=CN3N=C2N)C=NC=C1,CN(C)C(=O)[C@H]1CC[C@@H](O[*:1])CC1,[H][*:2],F[*:3],[H][*:4],88.79380008
CCOC1=C(NC(=O)C2=C3N=CC(Cl)=CN3N=C2N)C=NC=C1,CCO[*:1],[H][*:2],Cl[*:3],[H][*:4],87.4794801
NC1=NN2C=C(CC#N)C=NC2=C1C(=O)NC1=C(C=CN=C1)N1CCC(O)CC1,OC1CCN([*:1])CC1,[H][*:2],N#CC[*:3],[H][*:4],86.89493554
NC1=NN2C=C(F)C=NC2=C1C(=O)NC1=C(C=CN=C1)N1CCC(CC1)C(=O)N1CC(F)C1,O=C(C1CCN([*:1])CC1)N1CC(F)C1,[H][*:2],F[*:3],[H][*:4],84.78450907
NC1=NN2C=C(F)C=NC2=C1C(=O)NC1=C(C=CN=C1)N1CCC(CC1)C(=O)N1CCC2(COC2)C1,O=C(C1CCN([*:1])CC1)N1CCC2(COC2)C1,[H][*:2],F[*:3],[H][*:4],84.51327418
NC1=NN2C=C(F)C=NC2=C1C(=O)NC1=C(C=CN=C1)N1CCC(CC1)C(=O)N1CC2(COC2)C1,O=C(C1CCN([*:1])CC1)N1CC2(COC2)C1,[H][*:2],F[*:3],[H][*:4],83.84745353
NC1=NN2C=C(F)C=NC2=C1C(=O)NC1=C(C=CN=C1)N1CCC(CC1)C(=O)N1CC2(CCO2)C1,O=C(C1CCN([*:1])CC1)N1CC2(CCO2)C1,[H][*:2],F[*:3],[H][*:4],83.81040333
NC1=NN2C=C(F)C=NC2=C1C(=O)NC1=C(C=CN=C1)N1CCN2[C@@H](CCC2=O)C1,O=C1CC[C@H]2CN([*:1])CCN12,[H][*:2],F[*:3],[H][*:4],82.73466076
NC1=NN2C=C(F)C=NC2=C1C(=O)NC1=C(N2CCC(CC2)C(=O)N2CC3(COC3)C2)C(F)=CN=C1,O=C(C1CCN([*:1])CC1)N1CC2(COC2)C1,F[*:2],F[*:3],[H][*:4],82.72885907
COC(=O)[C@H]1CC[C@@H](CC1)OC1=C(NC(=O)C2=C3N=CC(F)=CN3N=C2N)C=NC=C1,COC(=O)[C@H]1CC[C@H](O[*:1])CC1,[H][*:2],F[*:3],[H][*:4],82.16057106
NC1=NN2C=C(CC#N)C=NC2=C1C(=O)NC1=C(OC2=CC=CC=C2)C=CN=C1,c1ccc(O[*:1])cc1,[H][*:2],N#CC[*:3],[H][*:4],80.73234286
NC1=NN2C=C(Cl)C=NC2=C1C(=O)NC1=C(O[C@H]2CCOC2)C=CN=C1,C1C[C@H](O[*:1])CO1,[H][*:2],Cl[*:3],[H][*:4],79.94062989
CC(C)(C)OC1=C(NC(=O)C2=C3N=CC(F)=CN3N=C2N)C=NC=C1,CC(C)(C)O[*:1],[H][*:2],F[*:3],[H][*:4],79.40575149
CN1CC2(CC1=O)CCN(CC2)C1=C(NC(=O)C2=C3N=CC(F)=CN3N=C2N)C=NC=C1,CN1CC2(CCN([*:1])CC2)CC1=O,[H][*:2],F[*:3],[H][*:4],78.53072077
CN1CC2(CCN(CC2)C2=C(NC(=O)C3=C4N=CC(F)=CN4N=C3N)C=NC=C2)OC1=O,CN1CC2(CCN([*:1])CC2)OC1=O,[H][*:2],F[*:3],[H][*:4],77.12247521
COC1=CN=CC(NC(=O)C2=C3N=CC(F)=CN3N=C2N)=C1C1=CN=CC=C1,c1cncc([*:1])c1,CO[*:2],F[*:3],[H][*:4],76.90164191
CN1C=CC(=N1)C1=C(NC(=O)C2=C3N=CC(F)=CN3N=C2N)C=NC=C1,Cn1ccc([*:1])n1,[H][*:2],F[*:3],[H][*:4],76.12420238
NC1=NN2C=C(F)C=NC2=C1C(=O)NC1=C(C=CN=C1)C1CCN(CC1)C(=O)C1(CC1)C#N,N#CC1(C(=O)N2CCC([*:1])CC2)CC1,[H][*:2],F[*:3],[H][*:4],75.66752831
CN1CC2(CCN(CC2)C2=C(NC(=O)C3=C4N=CC(F)=CN4N=C3N)C=NC=C2F)OC1=O,CN1CC2(CCN([*:1])CC2)OC1=O,F[*:2],F[*:3],[H][*:4],74.52699082
NC1=NN2C=C(F)C=NC2=C1C(=O)NC1=C(C=CN=C1)N1CCN2[C@H](CCC2=O)C1,O=C1CC[C@@H]2CN([*:1])CCN12,[H][*:2],F[*:3],[H][*:4],74.52258504
NC1=NN2C=C(Cl)C=NC2=C1C(=O)NC1=C(OCCO)C=CN=C1,OCCO[*:1],[H][*:2],Cl[*:3],[H][*:4],74.27354717
CC1(C)CCCN1C1=C(NC(=O)C2=C3N=CC(F)=CN3N=C2N)C=NC=C1,CC1(C)CCCN1[*:1],[H][*:2],F[*:3],[H][*:4],74.13569879
NC1=NN2C=C(Cl)C=NC2=C1C(=O)NC1=C(OCCCO)C=CN=C1,OCCCO[*:1],[H][*:2],Cl[*:3],[H][*:4],74.02485608
COC1CCN(CC1)C1=C(NC(=O)C2=C3N=CC(Cl)=CN3N=C2N)C=NC=C1,COC1CCN([*:1])CC1,[H][*:2],Cl[*:3],[H][*:4],73.81874223
NC1=NN2C=C(F)C=NC2=C1C(=O)NC1=C(C=CN=C1)C1CCN(CC1)S(=O)(=O)C1CC1,O=S(=O)(C1CC1)N1CCC([*:1])CC1,[H][*:2],F[*:3],[H][*:4],72.77691543
CN1C=C(C(C)=N1)C1=C(NC(=O)C2=C3N=CC(F)=CN3N=C2N)C=NC=C1,Cc1nn(C)cc1[*:1],[H][*:2],F[*:3],[H][*:4],72.65881525
NC1=NN2C=C(F)C=NC2=C1C(=O)NC1=C(C=CN=C1)C1=CC=CC=N1,c1ccc([*:1])nc1,[H][*:2],F[*:3],[H][*:4],71.93225479
CC1=CC=NN1C1=C(NC(=O)C2=C3N=CC(F)=CN3N=C2N)C=NC=C1C,Cc1ccnn1[*:1],C[*:2],F[*:3],[H][*:4],70.19178396
NC1=NN2C=C(Cl)C=NC2=C1C(=O)NC1=C(C=CN=C1)N1CCS(=O)CC1,O=S1CCN([*:1])CC1,[H][*:2],Cl[*:3],[H][*:4],67.70062149
CS(=O)(=O)C1=CC=C(C=C1)C1=C(NC(=O)C2=C3N=CC(F)=CN3N=C2N)C=NC=C1,CS(=O)(=O)c1ccc([*:1])cc1,[H][*:2],F[*:3],[H][*:4],65.70682141
CC1=C(N=CC=C1)C1=C(NC(=O)C2=C3N=CC(F)=CN3N=C2N)C=NC=C1,Cc1cccnc1[*:1],[H][*:2],F[*:3],[H][*:4],65.54897194
NC1=NN2C=C(F)C=NC2=C1C(=O)NC1=C(N2CCN(CC(=O)N3CCC3)CC2)C(F)=CN=C1,O=C(CN1CCN([*:1])CC1)N1CCC1,F[*:2],F[*:3],[H][*:4],65.16417693
NC1=NN2C=C(F)C=NC2=C1C(=O)NC1=C(C=CN=C1)C1=CC=NN=C1,c1cc([*:1])cnn1,[H][*:2],F[*:3],[H][*:4],64.60438993
NC1=NN2C=C(F)C=NC2=C1C(=O)NC1=C(C=CN=C1)C1=CC=CC=C1,c1ccc([*:1])cc1,[H][*:2],F[*:3],[H][*:4],64.34534574
CC1=NC(=CN1C1=C(NC(=O)C2=C3N=CC(F)=CN3N=C2N)C=NC=C1)C(F)(F)F,Cc1nc(C(F)(F)F)cn1[*:1],[H][*:2],F[*:3],[H][*:4],63.26350245
COC(=O)[C@@H]1CC[C@@H](CC1)OC1=C(NC(=O)C2=C3N=CC(F)=CN3N=C2N)C=NC=C1,COC(=O)[C@H]1CC[C@@H](O[*:1])CC1,[H][*:2],F[*:3],[H][*:4],62.89698842
NC1=NN2C=C(F)C=NC2=C1C(=O)NC1=C(N2CCC3(COC3)CC2)C(F)=CN=C1,C1CC2(CCN1[*:1])COC2,F[*:2],F[*:3],[H][*:4],62.38327917
NC1=NN2C=C(F)C=NC2=C1C(=O)NC1=C(OC2=CN=CC=C2)C=CN=C1,c1cncc(O[*:1])c1,[H][*:2],F[*:3],[H][*:4],61.7708489
CN1N=CN=C1C1=C(NC(=O)C2=C3N=CC(F)=CN3N=C2N)C=NC=C1,Cn1ncnc1[*:1],[H][*:2],F[*:3],[H][*:4],59.34279055
CC(C#N)C1=CN2N=C(N)C(C(=O)NC3=C(N4CCC(CC4)C4COC4)C(F)=CN=C3)=C2N=C1,C1CN([*:1])CCC1C1COC1,F[*:2],CC(C#N)[*:3],[H][*:4],59.00039977
NC1=NN2C=C(F)C=NC2=C1C(=O)NC1=C(C=CN=C1)N1C=NC(=C1)C(F)(F)F,FC(F)(F)c1cn([*:1])cn1,[H][*:2],F[*:3],[H][*:4],58.85717893
CC(C)(O)C1CCN(CC1)C1=C(NC(=O)C2=C3N=CC(Cl)=CN3N=C2N)C=NC=C1,CC(C)(O)C1CCN([*:1])CC1,[H][*:2],Cl[*:3],[H][*:4],58.66414731
NC1=NN2C=C(F)C=NC2=C1C(=O)NC1=C(C=CN=C1)C1=C(F)N=CC=C1,Fc1ncccc1[*:1],[H][*:2],F[*:3],[H][*:4],58.44978551
CC1=C(C)N(C=N1)C1=C(NC(=O)C2=C3N=CC(F)=CN3N=C2N)C=NC=C1,Cc1ncn([*:1])c1C,[H][*:2],F[*:3],[H][*:4],57.22965443
CC1=C(C=CC=N1)C1=C(NC(=O)C2=C3N=CC(F)=CN3N=C2N)C=NC=C1,Cc1ncccc1[*:1],[H][*:2],F[*:3],[H][*:4],56.78464753
CC(=O)N1CC2(C1)CCN(CC2)C1=C(NC(=O)C2=C3N=CC(F)=CN3N=C2N)C=NC=C1,CC(=O)N1CC2(CCN([*:1])CC2)C1,[H][*:2],F[*:3],[H][*:4],56.77666959
CN1N=CC=C1C1=C(NC(=O)C2=C3N=CC(F)=CN3N=C2N)C=NC=C1,Cn1nccc1[*:1],[H][*:2],F[*:3],[H][*:4],56.68523229
CN1CCN2CCN(CC2C1=O)C1=C(NC(=O)C2=C3N=CC(F)=CN3N=C2N)C=NC=C1,CN1CCN2CCN([*:1])CC2C1=O,[H][*:2],F[*:3],[H][*:4],56.47647187
CC1=NC=CN=C1C1=C(NC(=O)C2=C3N=CC(F)=CN3N=C2N)C=NC=C1,Cc1nccnc1[*:1],[H][*:2],F[*:3],[H][*:4],56.27577627
NC1=NN2C=C(F)C=NC2=C1C(=O)NC1=C(C=CN=C1)N1CCC2(COC2)CC1,C1CC2(CCN1[*:1])COC2,[H][*:2],F[*:3],[H][*:4],55.91521831
NC1=NN2C=C(F)C=NC2=C1C(=O)NC1=C(C=CN=C1)C1=C(Cl)N=CC=C1,Clc1ncccc1[*:1],[H][*:2],F[*:3],[H][*:4],55.51922132
NC1=NN2C=C(F)C=NC2=C1C(=O)NC1=C(C=CN=C1)N1CCN2CCOCC2C1,C1CN2CCN([*:1])CC2CO1,[H][*:2],F[*:3],[H][*:4],55.23178618
NC1=NN2C=C(F)C=NC2=C1C(=O)NC1=C(C=CN=C1)C1=C(O)N=CC=C1,Oc1ncccc1[*:1],[H][*:2],F[*:3],[H][*:4],55.21943413
CC1=C(C=CC(F)=N1)C1=C(NC(=O)C2=C3N=CC(F)=CN3N=C2N)C=NC=C1,Cc1nc(F)ccc1[*:1],[H][*:2],F[*:3],[H][*:4],54.45020373
CC1=NN=C(O1)N1CCN(CC1)C1=C(NC(=O)C2=C3N=CC(F)=CN3N=C2N)C=NC=C1,Cc1nnc(N2CCN([*:1])CC2)o1,[H][*:2],F[*:3],[H][*:4],54.10437084
CN1CCN2CCN(CC2C1=O)C1=C(NC(=O)C2=C3N=CC(F)=CN3N=C2N)C=NC=C1F,CN1CCN2CCN([*:1])CC2C1=O,F[*:2],F[*:3],[H][*:4],53.9885671
CC1(O)CCN(CC1)C1=C(NC(=O)C2=C3N=CC(Cl)=CN3N=C2N)C=NC=C1,CC1(O)CCN([*:1])CC1,[H][*:2],Cl[*:3],[H][*:4],53.51212788
NC1=NN2C=C(F)C=NC2=C1C(=O)NC1=C(C=CN=C1)N1C=CN=C1,c1cn([*:1])cn1,[H][*:2],F[*:3],[H][*:4],53.16774389
CN1C[C@@H]2CCN(C[C@@H]2C1=O)C1=C(NC(=O)C2=C3N=CC(F)=CN3N=C2N)C=NC=C1,CN1C[C@@H]2CCN([*:1])C[C@@H]2C1=O,[H][*:2],F[*:3],[H][*:4],52.52131832
CC1=C(N=CN=C1)C1=C(NC(=O)C2=C3N=CC(F)=CN3N=C2N)C=NC=C1,Cc1cncnc1[*:1],[H][*:2],F[*:3],[H][*:4],52.353370899999994
CC1=C(C=NC=C1)C1=C(NC(=O)C2=C3N=CC(F)=CN3N=C2N)C=NC=C1,Cc1ccncc1[*:1],[H][*:2],F[*:3],[H][*:4],51.92430229
NC1=NN2C=C(F)C=NC2=C1C(=O)NC1=C(C=CN=C1)N1C=CN=C1C(F)(F)F,FC(F)(F)c1nccn1[*:1],[H][*:2],F[*:3],[H][*:4],50.90228101
NC1=NN2C=C(F)C=NC2=C1C(=O)NC1=C(C=CN=C1)C1=CN=CC=C1,c1cncc([*:1])c1,[H][*:2],F[*:3],[H][*:4],49.61354676
NC1=NN2C=C(F)C=NC2=C1C(=O)NC1=C(N2CCN3CCOC[C@H]3C2)C(F)=CN=C1,C1CN2CCN([*:1])C[C@@H]2CO1,F[*:2],F[*:3],[H][*:4],49.07047946
CN1C=C(C=CC1=O)C1=C(NC(=O)C2=C3N=CC(F)=CN3N=C2N)C=NC=C1,Cn1cc([*:1])ccc1=O,[H][*:2],F[*:3],[H][*:4],48.74117928
NC1=NN2C=C(F)C=NC2=C1C(=O)NC1=C(C=CN=C1)N1CCN2CCOC[C@H]2C1,C1CN2CCN([*:1])C[C@@H]2CO1,[H][*:2],F[*:3],[H][*:4],48.58393399
CC1=CN=CN1C1=C(NC(=O)C2=C3N=CC(F)=CN3N=C2N)C=NC=C1,Cc1cncn1[*:1],[H][*:2],F[*:3],[H][*:4],47.87535349
CN1C=CN=C1C1=C(NC(=O)C2=C3N=CC(F)=CN3N=C2N)C=NC=C1,Cn1ccnc1[*:1],[H][*:2],F[*:3],[H][*:4],47.86581355
NC1=NN2C=C(F)C=NC2=C1C(=O)NC1=C(C=CN=C1)N1CCC(CC1)N1CCCC1=O,O=C1CCCN1C1CCN([*:1])CC1,[H][*:2],F[*:3],[H][*:4],47.12668316
CC1=C(C=CN=C1)C1=C(NC(=O)C2=C3N=CC(F)=CN3N=C2N)C=NC=C1,Cc1cnccc1[*:1],[H][*:2],F[*:3],[H][*:4],47.02689584
COC1=NC=C(C=C1)C1=C(NC(=O)C2=C3N=CC(F)=CN3N=C2N)C=NC=C1,COc1ccc([*:1])cn1,[H][*:2],F[*:3],[H][*:4],46.76660329
CC1=NC=CN1C1=C(NC(=O)C2=C3N=CC(F)=CN3N=C2N)C=NC=C1,Cc1nccn1[*:1],[H][*:2],F[*:3],[H][*:4],46.38095299
NC1=NN2C=C(F)C=NC2=C1C(=O)NC1=C(N2CCC(CN3CCCC3=O)CC2)C(F)=CN=C1,O=C1CCCN1CC1CCN([*:1])CC1,F[*:2],F[*:3],[H][*:4],46.14343186
NC1=NN2C=C(F)C=NC2=C1C(=O)NC1=C(N2CCC(CC2)N2CCCC2=O)C(F)=CN=C1,O=C1CCCN1C1CCN([*:1])CC1,F[*:2],F[*:3],[H][*:4],45.29013093
NC1=NN2C=C(Cl)C=NC2=C1C(=O)NC1=C(OC2=CN=CC=C2)C=CN=C1,c1cncc(O[*:1])c1,[H][*:2],Cl[*:3],[H][*:4],45.06472286
CC(C)N1CCN2CCN(CC2C1=O)C1=C(NC(=O)C2=C3N=CC(F)=CN3N=C2N)C=NC=C1,CC(C)N1CCN2CCN([*:1])CC2C1=O,[H][*:2],F[*:3],[H][*:4],42.916842100000004
CN1CCN(CC11CCOCC1)C1=C(NC(=O)C2=C3N=CC(F)=CN3N=C2N)C=NC=C1,CN1CCN([*:1])CC12CCOCC2,[H][*:2],F[*:3],[H][*:4],41.55585158
NC1=NN2C=C(Cl)C=NC2=C1C(=O)NC1=C(C=CN=C1)N1C=CN=C1,c1cn([*:1])cn1,[H][*:2],Cl[*:3],[H][*:4],41.36817714
NC1=NN2C=C(F)C=NC2=C1C(=O)NC1=C(C=CN=C1)C1=CN=CN=C1,c1ncc([*:1])cn1,[H][*:2],F[*:3],[H][*:4],41.01934047
NC1=NN2C=C(F)C=NC2=C1C(=O)NC1=C(N2CCN3CCOC[C@@H]3C2)C(F)=CN=C1,C1CN2CCN([*:1])C[C@H]2CO1,F[*:2],F[*:3],[H][*:4],39.63635856
COCC1CN(CCN1C)C1=C(NC(=O)C2=C3N=CC(Cl)=CN3N=C2N)C=NC=C1,COCC1CN([*:1])CCN1C,[H][*:2],Cl[*:3],[H][*:4],39.37309286
CC1=NN=C(O1)C1CCN(CC1)C1=C(NC(=O)C2=C3N=CC(F)=CN3N=C2N)C=NC=C1,Cc1nnc(C2CCN([*:1])CC2)o1,[H][*:2],F[*:3],[H][*:4],39.27350861
COCCN1CCN(CC1)C1=C(NC(=O)C2=C3N=CC(F)=CN3N=C2N)C=NC=C1,COCCN1CCN([*:1])CC1,[H][*:2],F[*:3],[H][*:4],39.06771123
NC1=NN2C=C(F)C=NC2=C1C(=O)NC1=C(C=CN=C1)C1CCN(CC1)C1COC1,C1OCC1N1CCC([*:1])CC1,[H][*:2],F[*:3],[H][*:4],37.48984918
CN1CCN(CC1)C1=C(NC(=O)C2=C3N=CC(F)=CN3N=C2N)C=NC=C1C#N,CN1CCN([*:1])CC1,N#C[*:2],F[*:3],[H][*:4],37.24135324
NC1=NN2C=C(F)C=NC2=C1C(=O)NC1=C(C=CN=C1)C1=CC=C(C=C1)S(=O)(=O)N1CCC1,O=S(=O)(c1ccc([*:1])cc1)N1CCC1,[H][*:2],F[*:3],[H][*:4],37.01547368
NC1=NN2C=C(F)C=NC2=C1C(=O)NC1=C(C=CN=C1)C1=CC=NC=C1,c1cc([*:1])ccn1,[H][*:2],F[*:3],[H][*:4],36.46775466
COCCN1CCN(CC1)C1=C(NC(=O)C2=C3N=CC(F)=CN3N=C2N)C=NC=C1F,COCCN1CCN([*:1])CC1,F[*:2],F[*:3],[H][*:4],35.43566675
CN1CCC(CC1)C1=C(NC(=O)C2=C3N=CC(F)=CN3N=C2N)C=NC=C1F,CN1CCC([*:1])CC1,F[*:2],F[*:3],[H][*:4],35.23328904
COC1=CN=CC(NC(=O)C2=C3N=CC(F)=CN3N=C2N)=C1C1=CN=CN1C,Cn1cncc1[*:1],CO[*:2],F[*:3],[H][*:4],35.02409226
NC1=NN2C=C(Cl)C=NC2=C1C(=O)NC1=C(C=CN=C1)N1CCN2C=NC=C2C1,c1ncn2c1CN([*:1])CC2,[H][*:2],Cl[*:3],[H][*:4],34.71308248
NC1=NN2C=C(F)C=NC2=C1C(=O)NC1=C(C=CN=C1)N1CCC(CC1)C1=NN=CO1,c1nnc(C2CCN([*:1])CC2)o1,[H][*:2],F[*:3],[H][*:4],34.59838034
NC1=NN2C=C(F)C=NC2=C1C(=O)NC1=C(C2CCN(CC2)C2COC2)C(F)=CN=C1,C1OCC1N1CCC([*:1])CC1,F[*:2],F[*:3],[H][*:4],34.38692244
NC1=NN2C=C(F)C=NC2=C1C(=O)NC1=C(N2CCN(CC2)C2CCOC2)C(F)=CN=C1,C1CC(N2CCN([*:1])CC2)CO1,F[*:2],F[*:3],[H][*:4],34.33057648
NC1=NN2C=C(F)C=NC2=C1C(=O)NC1=C(N2CCN(CC2)[C@H]2CCOC2)C(F)=CN=C1,C1C[C@H](N2CCN([*:1])CC2)CO1,F[*:2],F[*:3],[H][*:4],34.24921574
CC1=NC=C(C=C1)C1=C(NC(=O)C2=C3N=CC(F)=CN3N=C2N)C=NC=C1,Cc1ccc([*:1])cn1,[H][*:2],F[*:3],[H][*:4],33.97624967
COCCN1C=NC=C1C1=C(NC(=O)C2=C3N=CC(F)=CN3N=C2N)C=NC=C1,COCCn1cncc1[*:1],[H][*:2],F[*:3],[H][*:4],33.96832682
NC1=NN2C=C(F)C=NC2=C1C(=O)NC1=C(C=CN=C1)N1CCN(CC1)C1CCOC1,C1CC(N2CCN([*:1])CC2)CO1,[H][*:2],F[*:3],[H][*:4],33.80747526
CN1CCN(CC1)C1=C(NC(=O)C2=C3N=CC(F)=CN3N=C2N)C=NC=C1F,CN1CCN([*:1])CC1,F[*:2],F[*:3],[H][*:4],33.54494412
CN1CCN(CC1)C1=C(NC(=O)C2=C3N=CC(F)=CN3N=C2N)C=NC=C1C(F)F,CN1CCN([*:1])CC1,FC(F)[*:2],F[*:3],[H][*:4],33.44294594
NC1=NN2C=C(F)C=NC2=C1C(=O)NC1=C(C=CN=C1)N1CCC(CC1)C1=NOC=N1,c1nc(C2CCN([*:1])CC2)no1,[H][*:2],F[*:3],[H][*:4],33.35190951
CN1C=NC(C)=C1C1=C(NC(=O)C2=C3N=CC(F)=CN3N=C2N)C=NC=C1,Cc1ncn(C)c1[*:1],[H][*:2],F[*:3],[H][*:4],33.33406606
CCN1CCN(CC1)C1=C(NC(=O)C2=C3N=CC(F)=CN3N=C2N)C=NC=C1,CCN1CCN([*:1])CC1,[H][*:2],F[*:3],[H][*:4],33.23676903
CCN1C=NC=C1C1=C(NC(=O)C2=C3N=CC(F)=CN3N=C2N)C=NC=C1,CCn1cncc1[*:1],[H][*:2],F[*:3],[H][*:4],32.73041652
NC1=NN2C=C(Cl)C=NC2=C1C(=O)NC1=C(C=CN=C1)N1CCN2C=CN=C2C1,c1cn2c(n1)CN([*:1])CC2,[H][*:2],Cl[*:3],[H][*:4],32.57882873
CC1=NON=C1N1CCN(CC1)C1=C(NC(=O)C2=C3N=CC(F)=CN3N=C2N)C=NC=C1,Cc1nonc1N1CCN([*:1])CC1,[H][*:2],F[*:3],[H][*:4],31.28563197
NC1=NN2C=C(F)C=NC2=C1C(=O)NC1=C(C(F)=CN=C1)C1=CCN(CC1)C1COC1,C1=C([*:1])CCN(C2COC2)C1,F[*:2],F[*:3],[H][*:4],30.24109164
CN1C(C)=NC=C1C1=C(NC(=O)C2=C3N=CC(F)=CN3N=C2N)C=NC=C1,Cc1ncc([*:1])n1C,[H][*:2],F[*:3],[H][*:4],30.19137554
CN(C)C1CN(C1)C(=O)C1CCN(CC1)C1=C(NC(=O)C2=C3N=CC(F)=CN3N=C2N)C=NC=C1F,CN(C)C1CN(C(=O)C2CCN([*:1])CC2)C1,F[*:2],F[*:3],[H][*:4],30.04335794
NC1=NN2C=C(F)C=NC2=C1C(=O)NC1=C(N2CCN(CC2)C2CCOC2)C(Cl)=CN=C1,C1CC(N2CCN([*:1])CC2)CO1,Cl[*:2],F[*:3],[H][*:4],29.82660869
CN1CCN(CC1CO)C1=C(NC(=O)C2=C3N=CC(Cl)=CN3N=C2N)C=NC=C1,CN1CCN([*:1])CC1CO,[H][*:2],Cl[*:3],[H][*:4],29.58770254
NC1=NN2C=C(F)C=NC2=C1C(=O)NC1=C(N2CCC(CC2)C2=NC=CS2)C(F)=CN=C1,c1csc(C2CCN([*:1])CC2)n1,F[*:2],F[*:3],[H][*:4],29.50073168
CN(C)CC(=O)N1CCN(CC1)C1=C(NC(=O)C2=C3N=CC(F)=CN3N=C2N)C=NC=C1F,CN(C)CC(=O)N1CCN([*:1])CC1,F[*:2],F[*:3],[H][*:4],29.46992054
NC1=NN2C=C(F)C=NC2=C1C(=O)NC1=C(C=CN=C1)N1CCN(CC(F)(F)F)CC1,FC(F)(F)CN1CCN([*:1])CC1,[H][*:2],F[*:3],[H][*:4],29.4496721
CC(C)N1CCN(CC1)C1=C(NC(=O)C2=C3N=CC(F)=CN3N=C2N)C=NC=C1,CC(C)N1CCN([*:1])CC1,[H][*:2],F[*:3],[H][*:4],28.47987678
CC(C)(O)CN1CCN(CC1)C1=C(NC(=O)C2=C3N=CC(F)=CN3N=C2N)C=NC=C1F,CC(C)(O)CN1CCN([*:1])CC1,F[*:2],F[*:3],[H][*:4],28.07577674
NC1=NN2C=C(Cl)C=NC2=C1C(=O)NC1=C(OCCN2CCOCC2)C=CN=C1,C1CN(CCO[*:1])CCO1,[H][*:2],Cl[*:3],[H][*:4],27.73837663
CN1CCC(CC1)C1=C(NC(=O)C2=C3N=CC(F)=CN3N=C2N)C=NC=C1,CN1CCC([*:1])CC1,[H][*:2],F[*:3],[H][*:4],27.48669865
CN1CCN(CC1)C1=C(NC(=O)C2=C3N=CC(CC#N)=CN3N=C2N)C=NC=C1F,CN1CCN([*:1])CC1,F[*:2],N#CC[*:3],[H][*:4],27.26764728
CC1=CN=CC(NC(=O)C2=C3N=CC(F)=CN3N=C2N)=C1N1CCN(CC1)C1COC1,C1OCC1N1CCN([*:1])CC1,C[*:2],F[*:3],[H][*:4],27.12308346
NC1=NN2C=C(F)C=NC2=C1C(=O)NC1=C(C=CN=C1)N1CCN(CC1)C1COC1,C1OCC1N1CCN([*:1])CC1,[H][*:2],F[*:3],[H][*:4],26.99338855
CN1C=NC=C1C1=C(NC(=O)C2=C3N=CC(F)=CN3N=C2N)C=NC=C1,Cn1cncc1[*:1],[H][*:2],F[*:3],[H][*:4],26.95140586
NC1=NN2C=C(F)C=NC2=C1C(=O)NC1=C(N2CCN(CC2)C2CCOCC2)C(F)=CN=C1,C1CC(N2CCN([*:1])CC2)CCO1,F[*:2],F[*:3],[H][*:4],26.94648931
CC1=CN=CC(NC(=O)C2=C3N=CC(F)=CN3N=C2N)=C1N1CCN(CC1)C1CCOCC1,C1CC(N2CCN([*:1])CC2)CCO1,C[*:2],F[*:3],[H][*:4],26.90481145
CN1CCC2=C(NC(=O)C3=C4N=CC(F)=CN4N=C3N)C=NC=C2C1,CN(CC[*:1])C[*:2],CN(CC[*:1])C[*:2],F[*:3],[H][*:4],26.85130235
NC1=NN2C=C(F)C=NC2=C1C(=O)NC1=C(C=CN=C1)N1CCN(CC1)C1CCOCC1,C1CC(N2CCN([*:1])CC2)CCO1,[H][*:2],F[*:3],[H][*:4],26.77699495
CN1CC2CC1CN2C(=O)C1CCN(CC1)C1=C(NC(=O)C2=C3N=CC(F)=CN3N=C2N)C=NC=C1F,CN1CC2CC1CN2C(=O)C1CCN([*:1])CC1,F[*:2],F[*:3],[H][*:4],26.15290942
NC1=NN2C=C(F)C=NC2=C1C(=O)NC1=C(C=CN=C1)N1CCN(CC1)[C@@H]1CCOC1,C1C[C@@H](N2CCN([*:1])CC2)CO1,[H][*:2],F[*:3],[H][*:4],26.14145446
CN1CCN(CC1)C1=C(NC(=O)C2=C3N=CC(F)=CN3N=C2N)C=NC=C1,CN1CCN([*:1])CC1,[H][*:2],F[*:3],[H][*:4],26.13870476
NC1=NN2C=C(F)C=NC2=C1C(=O)NC1=C(N2CCN(CC2)C2COC2)C(F)=CN=C1,C1OCC1N1CCN([*:1])CC1,F[*:2],F[*:3],[H][*:4],26.01330338
CN1CCN(CC1)C1=C(NC(=O)C2=C3N=CC(F)=CN3N=C2N)C=NC=C1Cl,CN1CCN([*:1])CC1,Cl[*:2],F[*:3],[H][*:4],25.99204245
CN(C)CCCN(C)C(=O)C1CCN(CC1)C1=C(NC(=O)C2=C3N=CC(F)=CN3N=C2N)C=NC=C1F,CN(C)CCCN(C)C(=O)C1CCN([*:1])CC1,F[*:2],F[*:3],[H][*:4],25.88247355
COCCN1CCN(CC1)C1=C(NC(=O)C2=C3N=CC(Cl)=CN3N=C2N)C=NC=C1,COCCN1CCN([*:1])CC1,[H][*:2],Cl[*:3],[H][*:4],25.75354372
NC1=NN2C=C(F)C=NC2=C1C(=O)NC1=C(N2CCC(CC2)N2C=CN=C2)C(F)=CN=C1,c1cn(C2CCN([*:1])CC2)cn1,F[*:2],F[*:3],[H][*:4],25.45486015
NC1=NN2C=C(F)C=NC2=C1C(=O)NC1=C(N2CCN(CC2)C2COC2)C(Cl)=CN=C1,C1OCC1N1CCN([*:1])CC1,Cl[*:2],F[*:3],[H][*:4],25.36645988
CN1CCN(CC2CCN(CC2)C2=C(NC(=O)C3=C4N=CC(F)=CN4N=C3N)C=NC=C2F)CC1=O,CN1CCN(CC2CCN([*:1])CC2)CC1=O,F[*:2],F[*:3],[H][*:4],25.229973899999997
NC1=NN2C=C(Cl)C=NC2=C1C(=O)NC1=C(C=CN=C1)N1C2CCC1CC(O)C2,OC1CC2CCC(C1)N2[*:1],[H][*:2],Cl[*:3],[H][*:4],25.18233365
CN1CCN(CC1)C1=C(NC(=O)C2=C3N=CC(Cl)=CN3N=C2N)C=NC=C1F,CN1CCN([*:1])CC1,F[*:2],Cl[*:3],[H][*:4],25.17398059
CCN1CCN(CC1)C1=C(NC(=O)C2=C3N=CC(Cl)=CN3N=C2N)C=NC=C1,CCN1CCN([*:1])CC1,[H][*:2],Cl[*:3],[H][*:4],25.05639666
CC1(COC1)N1CCN(CC1)C1=C(NC(=O)C2=C3N=CC(F)=CN3N=C2N)C=NC=C1,CC1(N2CCN([*:1])CC2)COC1,[H][*:2],F[*:3],[H][*:4],25.00452792
CNC1CN(C1)C(=O)C1CCN(CC1)C1=C(NC(=O)C2=C3N=CC(F)=CN3N=C2N)C=NC=C1F,CNC1CN(C(=O)C2CCN([*:1])CC2)C1,F[*:2],F[*:3],[H][*:4],24.81419834
NC1=NN2C=C(F)C=NC2=C1C(=O)NC1=C(C=CN=C1)N1CCN(CC1)[C@H]1CCOC1,C1C[C@H](N2CCN([*:1])CC2)CO1,[H][*:2],F[*:3],[H][*:4],24.7637875
NC1=NN2C=C(Cl)C=NC2=C1C(=O)NC1=C(C=CN=C1)C1CCN(CC1)C1COC1,C1OCC1N1CCC([*:1])CC1,[H][*:2],Cl[*:3],[H][*:4],24.49989691
NC1=NN2C=C(F)C=NC2=C1C(=O)NC1=C(C=CN=C1)N1C=CN=C1C1CC1,c1cn([*:1])c(C2CC2)n1,[H][*:2],F[*:3],[H][*:4],24.27480462
NC1=NN2C=C(F)C=NC2=C1C(=O)NC1=C(OC2CCN(CC2)C2COC2)C(F)=CN=C1,C1CN(C2COC2)CCC1O[*:1],F[*:2],F[*:3],[H][*:4],24.17606416
NC1=NN2C=C(F)C=NC2=C1C(=O)NC1=C(N2CCN(CC2)C(=O)CN2CCCC2)C(F)=CN=C1,O=C(CN1CCCC1)N1CCN([*:1])CC1,F[*:2],F[*:3],[H][*:4],23.64183449
NC1=NN2C=C(F)C=NC2=C1C(=O)NC1=C(C=CN=C1)N1CCN(CC1)C1CC1,C1CC1N1CCN([*:1])CC1,[H][*:2],F[*:3],[H][*:4],23.07436168
CC1CN(C)CCN1C1=C(NC(=O)C2=C3N=CC(Cl)=CN3N=C2N)C=NC=C1,CC1CN(C)CCN1[*:1],[H][*:2],Cl[*:3],[H][*:4],22.97170981
CN1CCN(CC1)C1=C(NC(=O)C2=C3N=CC(Cl)=CN3N=C2N)C=NC(Cl)=C1,CN1CCN([*:1])CC1,[H][*:2],Cl[*:3],Cl[*:4],22.78852889
NC1=NN2C=C(F)C=NC2=C1C(=O)NC1=C(N2CCC(CC2)N2CCOCC2)C(F)=CN=C1,C1CN(C2CCN([*:1])CC2)CCO1,F[*:2],F[*:3],[H][*:4],22.60665782
CN1CCC(CC1)OC1=C(NC(=O)C2=C3N=CC(F)=CN3N=C2N)C=NC=C1F,CN1CCC(O[*:1])CC1,F[*:2],F[*:3],[H][*:4],22.57841653
CC1CN(CCN1C)C1=C(NC(=O)C2=C3N=CC(Cl)=CN3N=C2N)C=NC=C1,CC1CN([*:1])CCN1C,[H][*:2],Cl[*:3],[H][*:4],22.57491044
NC1=NN2C=C(F)C=NC2=C1C(=O)NC1=C(C=CN=C1)N1CCN2CCC[C@H]2C1,C1C[C@H]2CN([*:1])CCN2C1,[H][*:2],F[*:3],[H][*:4],22.44488657
NC1=NN2C=C(Cl)C=NC2=C1C(=O)NC1=C(C=CN=C1)N1CCN(CC(F)(F)F)CC1,FC(F)(F)CN1CCN([*:1])CC1,[H][*:2],Cl[*:3],[H][*:4],22.36430163
CN1CC[C@@H](C1)OC1=C(NC(=O)C2=C3N=CC(F)=CN3N=C2N)C=NC=C1,CN1CC[C@H](O[*:1])C1,[H][*:2],F[*:3],[H][*:4],22.22483386
NC1=NN2C=C(F)C=NC2=C1C(=O)NC1=C(N2CCC(CC2)C(=O)N2CCN(CC2)C2COC2)C(F)=CN=C1,O=C(C1CCN([*:1])CC1)N1CCN(C2COC2)CC1,F[*:2],F[*:3],[H][*:4],22.16165704
CC(C)(C)N1CCN(CC1)C1=C(NC(=O)C2=C3N=CC(Cl)=CN3N=C2N)C=NC=C1,CC(C)(C)N1CCN([*:1])CC1,[H][*:2],Cl[*:3],[H][*:4],21.99888228
CN1CCOCC1C(=O)N1CCN(CC1)C1=C(NC(=O)C2=C3N=CC(F)=CN3N=C2N)C=NC=C1F,CN1CCOCC1C(=O)N1CCN([*:1])CC1,F[*:2],F[*:3],[H][*:4],21.921609
NCCOC1=C(NC(=O)C2=C3N=CC(CC#N)=CN3N=C2N)C=NC=C1,NCCO[*:1],[H][*:2],N#CC[*:3],[H][*:4],21.851079300000002
CN1CCN(CC1)C1=C(NC(=O)C2=C3N=CC(Cl)=CN3N=C2N)C=NC=C1,CN1CCN([*:1])CC1,[H][*:2],Cl[*:3],[H][*:4],21.44097454
CN(C)CCCNC(=O)C1CCN(CC1)C1=C(NC(=O)C2=C3N=CC(F)=CN3N=C2N)C=NC=C1F,CN(C)CCCNC(=O)C1CCN([*:1])CC1,F[*:2],F[*:3],[H][*:4],21.26053779
NC1=NN2C=C(Cl)C=NC2=C1C(=O)NC1=C(C=CN=C1)N1CCNC(C1)C(F)(F)F,FC(F)(F)C1CN([*:1])CCN1,[H][*:2],Cl[*:3],[H][*:4],21.06075858
CN1CCN(C2CCN(CC2)C2=C(NC(=O)C3=C4N=CC(F)=CN4N=C3N)C=NC=C2F)C(=O)C1,CN1CCN(C2CCN([*:1])CC2)C(=O)C1,F[*:2],F[*:3],[H][*:4],20.96605011
C[C@H]1CN(CCN1C1=C(NC(=O)C2=C3N=CC(F)=CN3N=C2N)C=NC=C1)C1COC1,C[C@H]1CN(C2COC2)CCN1[*:1],[H][*:2],F[*:3],[H][*:4],20.94101776
CC(C)N1CCN(CC1)C1=C(NC(=O)C2=C3N=CC(Cl)=CN3N=C2N)C=NC=C1,CC(C)N1CCN([*:1])CC1,[H][*:2],Cl[*:3],[H][*:4],20.79882943
NC1=NN2C=C(Cl)C=NC2=C1C(=O)NC1=C(OC2CNC2)C=CN=C1,C1NCC1O[*:1],[H][*:2],Cl[*:3],[H][*:4],20.71981303
CN1CCCN(CC1)C1=C(NC(=O)C2=C3N=CC(Cl)=CN3N=C2N)C=NC=C1,CN1CCCN([*:1])CC1,[H][*:2],Cl[*:3],[H][*:4],20.6517879
CN1CCN(CC1)C1=C(NC(=O)C2=C3N=CC(Cl)=CN3N=C2N)C=NC=C1Cl,CN1CCN([*:1])CC1,Cl[*:2],Cl[*:3],[H][*:4],20.39249103
CN(C)CCN(C)C(=O)C1CCN(CC1)C1=C(NC(=O)C2=C3N=CC(F)=CN3N=C2N)C=NC=C1F,CN(C)CCN(C)C(=O)C1CCN([*:1])CC1,F[*:2],F[*:3],[H][*:4],20.34214378
CN1CCCC(C1)OC1=C(NC(=O)C2=C3N=CC(Cl)=CN3N=C2N)C=NC=C1,CN1CCCC(O[*:1])C1,[H][*:2],Cl[*:3],[H][*:4],20.24431216
NC1=NN2C=C(Cl)C=NC2=C1C(=O)NC1=C(N2CCN(CC2)C2COC2)C(F)=CN=C1,C1OCC1N1CCN([*:1])CC1,F[*:2],Cl[*:3],[H][*:4],20.16689365
CN1CCC[C@H]1COC1=C(NC(=O)C2=C3N=CC(Cl)=CN3N=C2N)C=NC=C1,CN1CCC[C@H]1CO[*:1],[H][*:2],Cl[*:3],[H][*:4],20.07054948
CN1CC[C@H](C1)OC1=C(NC(=O)C2=C3N=CC(Cl)=CN3N=C2N)C=NC=C1,CN1CC[C@@H](O[*:1])C1,[H][*:2],Cl[*:3],[H][*:4],20.0593939
CN1CC[C@@H](C1)OC1=C(NC(=O)C2=C3N=CC(Cl)=CN3N=C2N)C=NC=C1,CN1CC[C@H](O[*:1])C1,[H][*:2],Cl[*:3],[H][*:4],20.00510645
NC1=NN2C=C(F)C=NC2=C1C(=O)NC1=C(O[C@H]2CCCN(C2)C2COC2)C=CN=C1,C1C[C@H](O[*:1])CN(C2COC2)C1,[H][*:2],F[*:3],[H][*:4],19.93161222
CN(C)CCOC1=C(NC(=O)C2=C3N=CC(CC#N)=CN3N=C2N)C=NC=C1,CN(C)CCO[*:1],[H][*:2],N#CC[*:3],[H][*:4],19.9045765
CN1CCN(CC1)C1=C(NC(=O)C2=C3N=CC(Cl)=CN3N=C2N)C=NC=C1C,CN1CCN([*:1])CC1,C[*:2],Cl[*:3],[H][*:4],19.89696466
CN1CCN(CC1)C(=O)N1CCN(CC1)C1=C(NC(=O)C2=C3N=CC(F)=CN3N=C2N)C=NC=C1F,CN1CCN(C(=O)N2CCN([*:1])CC2)CC1,F[*:2],F[*:3],[H][*:4],19.82530525
NC1=NN2C=C(F)C=NC2=C1C(=O)NC1=C(N2CCN(CC2)[C@H]2CCOC2)C(=CN=C1)C1CC1,C1C[C@H](N2CCN([*:1])CC2)CO1,C1CC1[*:2],F[*:3],[H][*:4],19.7916618
CN1CCN(CC1)C1=C(NC(=O)C2=C3N=CC(F)=CN3N=C2N)C=NC=C1C1CC1,CN1CCN([*:1])CC1,C1CC1[*:2],F[*:3],[H][*:4],19.71275798
C[C@@H]1CN(CCN1C1=C(NC(=O)C2=C3N=CC(F)=CN3N=C2N)C=NC=C1)C1COC1,C[C@@H]1CN(C2COC2)CCN1[*:1],[H][*:2],F[*:3],[H][*:4],19.53091767
NC1=NN2C=C(Cl)C=NC2=C1C(=O)NC1=C(C=CN=C1)N1CCN(CC1)C1COC1,C1OCC1N1CCN([*:1])CC1,[H][*:2],Cl[*:3],[H][*:4],19.51271147
NC1=NN2C=C(F)C=NC2=C1C(=O)NC1=C2CCNCC2=CN=C1,C(C[*:1])NC[*:2],C(C[*:1])NC[*:2],F[*:3],[H][*:4],19.45946135
NC1=NN2C=C(CC#N)C=NC2=C1C(=O)NC1=C(OC2CNC2)C=CN=C1,C1NCC1O[*:1],[H][*:2],N#CC[*:3],[H][*:4],19.38163428
CN(C)C1CCCN(C1)C1=C(NC(=O)C2=C3N=CC(Cl)=CN3N=C2N)C=NC=C1,CN(C)C1CCCN([*:1])C1,[H][*:2],Cl[*:3],[H][*:4],19.13571425
C[N+]1([O-])CCC2=C(NC(=O)C3=C4N=CC(F)=CN4N=C3N)C=NC=C2C1,C[N+]([O-])(CC[*:1])C[*:2],C[N+]([O-])(CC[*:1])C[*:2],F[*:3],[H][*:4],19.04932017
CN1CCC(CC1)OC1=C(NC(=O)C2=C3N=CC(F)=CN3N=C2N)C=NC=C1,CN1CCC(O[*:1])CC1,[H][*:2],F[*:3],[H][*:4],19.00404497
CN1CCN(CC1)C1=C(NC(=O)C2=C3N=CC(CC#N)=CN3N=C2N)C=NC=C1,CN1CCN([*:1])CC1,[H][*:2],N#CC[*:3],[H][*:4],18.9150278
NC1=NN2C=C(Cl)C=NC2=C1C(=O)NC1=C(C=CN=C1)N1CCN(CC1)C1CC1,C1CC1N1CCN([*:1])CC1,[H][*:2],Cl[*:3],[H][*:4],18.91464648
CN1CCC[C@@H]1COC1=C(NC(=O)C2=C3N=CC(Cl)=CN3N=C2N)C=NC=C1,CN1CCC[C@@H]1CO[*:1],[H][*:2],Cl[*:3],[H][*:4],18.82408575
CN(C)CCOC1=C(NC(=O)C2=C3N=CC(Cl)=CN3N=C2N)C=NC=C1,CN(C)CCO[*:1],[H][*:2],Cl[*:3],[H][*:4],18.79995574
CN1CC2CN(CC2C1)C(=O)C1CCN(CC1)C1=C(NC(=O)C2=C3N=CC(F)=CN3N=C2N)C=NC=C1F,CN1CC2CN(C(=O)C3CCN([*:1])CC3)CC2C1,F[*:2],F[*:3],[H][*:4],18.68235417
CN1CCCCC1C(=O)N1CCN(CC1)C1=C(NC(=O)C2=C3N=CC(F)=CN3N=C2N)C=NC=C1F,CN1CCCCC1C(=O)N1CCN([*:1])CC1,F[*:2],F[*:3],[H][*:4],18.63807849
CN1CCC(CC1)OC1=C(NC(=O)C2=C3N=CC(Cl)=CN3N=C2N)C=NC=C1Cl,CN1CCC(O[*:1])CC1,Cl[*:2],Cl[*:3],[H][*:4],18.59560775
NC1=NN2C=C(F)C=NC2=C1C(=O)NC1=C(N2CCN(CC2)C(=O)CN2CCC2)C(F)=CN=C1,O=C(CN1CCC1)N1CCN([*:1])CC1,F[*:2],F[*:3],[H][*:4],18.56829359
CN1CCN(CC1)S(=O)(=O)C1CCN(CC1)C1=C(NC(=O)C2=C3N=CC(F)=CN3N=C2N)C=NC=C1F,CN1CCN(S(=O)(=O)C2CCN([*:1])CC2)CC1,F[*:2],F[*:3],[H][*:4],18.48925384
CN1CCC[C@@H]1C(=O)N1CCN(CC1)C1=C(NC(=O)C2=C3N=CC(F)=CN3N=C2N)C=NC=C1F,CN1CCC[C@@H]1C(=O)N1CCN([*:1])CC1,F[*:2],F[*:3],[H][*:4],18.44961113
CN1CCN(CC1(C)C)C1=C(NC(=O)C2=C3N=CC(Cl)=CN3N=C2N)C=NC=C1,CN1CCN([*:1])CC1(C)C,[H][*:2],Cl[*:3],[H][*:4],18.40847641
NC1=NN2C=C(F)C=NC2=C1C(=O)NC1=C(N2CCNCC2)C(F)=CN=C1,C1CN([*:1])CCN1,F[*:2],F[*:3],[H][*:4],18.37001248
NC1=NN2C=C(F)C=NC2=C1C(=O)NC1=C(OC2CCN(CC2)C2COC2)C=CN=C1,C1CN(C2COC2)CCC1O[*:1],[H][*:2],F[*:3],[H][*:4],18.29163011
CNC1=CC(OC)=C(NC(=O)C2=C3N=CC(F)=CN3N=C2N)C=N1,CO[*:1],[H][*:2],F[*:3],CN[*:4],18.24382655
NC1=NN2C=C(Cl)C=NC2=C1C(=O)NC1=C(C=CN=C1)N1CCC(CC1)N1CC(F)(F)C1,FC1(F)CN(C2CCN([*:1])CC2)C1,[H][*:2],Cl[*:3],[H][*:4],18.21385869
NC1=NN2C=C(F)C=NC2=C1C(=O)NC1=C(N2CCN(CC2)[C@@H]2CCOC2)C(=CN=C1)C1CC1,C1C[C@@H](N2CCN([*:1])CC2)CO1,C1CC1[*:2],F[*:3],[H][*:4],18.09781667
CN1CCC[C@H]1C(=O)N1CCN(CC1)C1=C(NC(=O)C2=C3N=CC(F)=CN3N=C2N)C=NC=C1F,CN1CCC[C@H]1C(=O)N1CCN([*:1])CC1,F[*:2],F[*:3],[H][*:4],17.92523868
CN1CCC[C@H]1C(=O)N1CCN(CC1)C1=C(NC(=O)C2=C3N=CC(F)=CN3N=C2N)C=NC=C1,CN1CCC[C@H]1C(=O)N1CCN([*:1])CC1,[H][*:2],F[*:3],[H][*:4],17.86828757
CCN1CCCC1C(=O)N1CCN(CC1)C1=C(NC(=O)C2=C3N=CC(F)=CN3N=C2N)C=NC=C1F,CCN1CCCC1C(=O)N1CCN([*:1])CC1,F[*:2],F[*:3],[H][*:4],17.61125767
COCCN1CCC[C@@H](C1)OC1=C(NC(=O)C2=C3N=CC(Cl)=CN3N=C2N)C=NC=C1,COCCN1CCC[C@H](O[*:1])C1,[H][*:2],Cl[*:3],[H][*:4],17.61081422
CN1CCC[C@@H]1C(=O)N1CCN(CC1)C1=C(NC(=O)C2=C3N=CC(F)=CN3N=C2N)C=NC=C1,CN1CCC[C@@H]1C(=O)N1CCN([*:1])CC1,[H][*:2],F[*:3],[H][*:4],17.58154717
CN1CC(C1)NC(=O)C1CCN(CC1)C1=C(NC(=O)C2=C3N=CC(F)=CN3N=C2N)C=NC=C1F,CN1CC(NC(=O)C2CCN([*:1])CC2)C1,F[*:2],F[*:3],[H][*:4],17.45525327
NC1=NN2C=C(F)C=NC2=C1C(=O)NC1=C(O[C@@H]2CN3CCC2CC3)C=CN=C1,C1CN2CCC1[C@H](O[*:1])C2,[H][*:2],F[*:3],[H][*:4],17.35282607
CN(C)[C@@H]1CCN(C1)C(=O)C1CCN(CC1)C1=C(NC(=O)C2=C3N=CC(F)=CN3N=C2N)C=NC=C1F,CN(C)[C@@H]1CCN(C(=O)C2CCN([*:1])CC2)C1,F[*:2],F[*:3],[H][*:4],17.33069757
C[C@@H]1CN(CCN1C1=C(NC(=O)C2=C3N=CC(Cl)=CN3N=C2N)C=NC=C1)C1(C)COC1,C[C@@H]1CN(C2(C)COC2)CCN1[*:1],[H][*:2],Cl[*:3],[H][*:4],17.32018617
CN1CCN(CC2CCN(CC2)C2=C(NC(=O)C3=C4N=CC(F)=CN4N=C3N)C=NC=C2F)C(=O)C1,CN1CCN(CC2CCN([*:1])CC2)C(=O)C1,F[*:2],F[*:3],[H][*:4],17.29830967
CN1CCC(CC1)OC1=C(NC(=O)C2=C3N=CC(CC#N)=CN3N=C2N)C=NC=C1,CN1CCC(O[*:1])CC1,[H][*:2],N#CC[*:3],[H][*:4],17.17568778
NC1=NN2C=C(F)C=NC2=C1C(=O)NC1=C(N2CCN(CC2)C2COC2)C(=CN=C1)C1CC1,C1OCC1N1CCN([*:1])CC1,C1CC1[*:2],F[*:3],[H][*:4],17.173764399999996
NC1=NN2C=C(F)C=NC2=C1C(=O)NC1=C(N2CCC(CC2)C(=O)N2CC3CCC(C2)N3)C(F)=CN=C1,O=C(C1CCN([*:1])CC1)N1CC2CCC(C1)N2,F[*:2],F[*:3],[H][*:4],17.16967785
NC1=NN2C=C(F)C=NC2=C1C(=O)NC1=C(N2CCNCC2)C(Cl)=CN=C1,C1CN([*:1])CCN1,Cl[*:2],F[*:3],[H][*:4],17.01572817
NC1=NN2C=C(F)C=NC2=C1C(=O)NC1=C(N2CCC(CC2)C(=O)N2CC(C2)N2CCC2)C(F)=CN=C1,O=C(C1CCN([*:1])CC1)N1CC(N2CCC2)C1,F[*:2],F[*:3],[H][*:4],16.98008488
CN(C)[C@H]1CCN(C[C@@H]1O)C1=C(NC(=O)C2=C3N=CC(Cl)=CN3N=C2N)C=NC=C1,CN(C)[C@H]1CCN([*:1])C[C@@H]1O,[H][*:2],Cl[*:3],[H][*:4],16.8451478
NC1=NN2C=C(F)C=NC2=C1C(=O)NC1=C(N2CCC(CC2)C(=O)N2CC(C2)N2CCCC2)C(F)=CN=C1,O=C(C1CCN([*:1])CC1)N1CC(N2CCCC2)C1,F[*:2],F[*:3],[H][*:4],16.4683737
CC(C)N1CCCC1C(=O)N1CCN(CC1)C1=C(NC(=O)C2=C3N=CC(F)=CN3N=C2N)C=NC=C1F,CC(C)N1CCCC1C(=O)N1CCN([*:1])CC1,F[*:2],F[*:3],[H][*:4],16.41311452
NC1=NN2C=C(F)C=NC2=C1C(=O)NC1=C(C=CN=C1)N1CCN(C2CC12)C1COC1,C1OCC1N1CCN([*:1])C2CC21,[H][*:2],F[*:3],[H][*:4],16.36080894
NC1=NN2C=C(F)C=NC2=C1C(=O)NC1=C(O[C@H]2CN3CCC2CC3)C=CN=C1,C1CN2CCC1[C@@H](O[*:1])C2,[H][*:2],F[*:3],[H][*:4],16.31801096
CN1CCN(CC1)C(=O)C1CCN(CC1)C1=C(NC(=O)C2=C3N=CC(F)=CN3N=C2N)C=NC=C1F,CN1CCN(C(=O)C2CCN([*:1])CC2)CC1,F[*:2],F[*:3],[H][*:4],16.2959247
CCN1CCCCC1C(=O)N1CCN(CC1)C1=C(NC(=O)C2=C3N=CC(F)=CN3N=C2N)C=NC=C1F,CCN1CCCCC1C(=O)N1CCN([*:1])CC1,F[*:2],F[*:3],[H][*:4],16.25155765
NC1=NN2C=C(F)C=NC2=C1C(=O)NC1=C(O[C@H]2CCCNC2)C=CN=C1,C1CNC[C@@H](O[*:1])C1,[H][*:2],F[*:3],[H][*:4],16.08624643
CN1CCC(C1)NC(=O)C1CCN(CC1)C1=C(NC(=O)C2=C3N=CC(F)=CN3N=C2N)C=NC=C1F,CN1CCC(NC(=O)C2CCN([*:1])CC2)C1,F[*:2],F[*:3],[H][*:4],16.05107902
NC1=NN2C=C(Cl)C=NC2=C1C(=O)NC1=C(C=CN=C1)N1CCN(CC1)C1CCC1,C1CC(N2CCN([*:1])CC2)C1,[H][*:2],Cl[*:3],[H][*:4],15.92168617
CN1CCOC2(CCN(CC2)C2=C(NC(=O)C3=C4N=CC(F)=CN4N=C3N)C=NC=C2F)C1,CN1CCOC2(CCN([*:1])CC2)C1,F[*:2],F[*:3],[H][*:4],15.81694196
CN1CCN(CC1)C(=O)C1CCCN(C1)C1=C(NC(=O)C2=C3N=CC(F)=CN3N=C2N)C=NC=C1F,CN1CCN(C(=O)C2CCCN([*:1])C2)CC1,F[*:2],F[*:3],[H][*:4],15.699288699999999
NC1=NN2C=C(F)C=NC2=C1C(=O)NC1=C(O[C@@H]2CN3C=CN=C3C2)C=CN=C1,c1cn2c(n1)C[C@H](O[*:1])C2,[H][*:2],F[*:3],[H][*:4],15.67763302
CN1CCN(CC1)C1=C(NC(=O)C2=C3N=CC(=CN3N=C2N)C(C)(C)C#N)C=NC=C1F,CN1CCN([*:1])CC1,F[*:2],CC(C)(C#N)[*:3],[H][*:4],15.63114149
CN(C)CCCOC1=C(NC(=O)C2=C3N=CC(Cl)=CN3N=C2N)C=NC=C1,CN(C)CCCO[*:1],[H][*:2],Cl[*:3],[H][*:4],15.53282225
NC1CCCN(C1)C1=C(NC(=O)C2=C3N=CC(Cl)=CN3N=C2N)C=NC=C1,NC1CCCN([*:1])C1,[H][*:2],Cl[*:3],[H][*:4],15.47996183
NC1=NN2C=C(F)C=NC2=C1C(=O)NC1=C(OC2CN3CCC2CC3)C=CN=C1,C1CN2CCC1C(O[*:1])C2,[H][*:2],F[*:3],[H][*:4],15.45585065
CN1CCOC(C1)C(=O)N1CCN(CC1)C1=C(NC(=O)C2=C3N=CC(F)=CN3N=C2N)C=NC=C1F,CN1CCOC(C(=O)N2CCN([*:1])CC2)C1,F[*:2],F[*:3],[H][*:4],15.45172587
NC1=NN2C=C(F)C=NC2=C1C(=O)NC1=C(N2CCC(CC2)C(=O)N2CCN3CCCC3C2)C(F)=CN=C1,O=C(C1CCN([*:1])CC1)N1CCN2CCCC2C1,F[*:2],F[*:3],[H][*:4],15.39458504
CC(C#N)C1=CN2N=C(N)C(C(=O)NC3=C(C=CN=C3)N3CCN(CC3)C3COC3)=C2N=C1,C1OCC1N1CCN([*:1])CC1,[H][*:2],CC(C#N)[*:3],[H][*:4],15.23590847
CN1CCN2CCN(CC2C1)C1=C(NC(=O)C2=C3N=CC(F)=CN3N=C2N)C=NC=C1F,CN1CCN2CCN([*:1])CC2C1,F[*:2],F[*:3],[H][*:4],15.23058868
CN1CCC(CC1)C1=C(NC(=O)C2=C3N=CC(=CN3N=C2N)C(C)(C)C#N)C=NC=C1,CN1CCC([*:1])CC1,[H][*:2],CC(C)(C#N)[*:3],[H][*:4],15.205480300000001
CN1C2CCC1CN(C2)C(=O)C1CCN(CC1)C1=C(NC(=O)C2=C3N=CC(F)=CN3N=C2N)C=NC=C1F,CN1C2CCC1CN(C(=O)C1CCN([*:1])CC1)C2,F[*:2],F[*:3],[H][*:4],15.13734934
NC1=NN2C=C(F)C=NC2=C1C(=O)NC1=C(C=CN=C1)N1CCN2CCC1CC2,C1CN2CCC1N([*:1])CC2,[H][*:2],F[*:3],[H][*:4],15.094374400000001
CN1CCCN(CC1)C(=O)C1CCN(CC1)C1=C(NC(=O)C2=C3N=CC(F)=CN3N=C2N)C=NC=C1F,CN1CCCN(C(=O)C2CCN([*:1])CC2)CC1,F[*:2],F[*:3],[H][*:4],15.07535139
CN1CCC(CC1)OC1=C(NC(=O)C2=C3N=CC(Cl)=CN3N=C2N)C=NC=C1,CN1CCC(O[*:1])CC1,[H][*:2],Cl[*:3],[H][*:4],15.01273873
CCN1CCN(CC1)C(=O)C1CCN(CC1)C1=C(NC(=O)C2=C3N=CC(F)=CN3N=C2N)C=NC=C1F,CCN1CCN(C(=O)C2CCN([*:1])CC2)CC1,F[*:2],F[*:3],[H][*:4],14.99372717
NC1=NN2C=C(F)C=NC2=C1C(=O)NC1=C(N2CCC(CC2)C(=O)N2CCN3CC[C@H]2C3)C(F)=CN=C1,O=C(C1CCN([*:1])CC1)N1CCN2CC[C@H]1C2,F[*:2],F[*:3],[H][*:4],14.82168491
CC(C#N)C1=CN2N=C(N)C(C(=O)NC3=C(C=CN=C3)N3CCN(C)CC3)=C2N=C1,CN1CCN([*:1])CC1,[H][*:2],CC(C#N)[*:3],[H][*:4],14.78076665
NC1=NN2C=C(Cl)C=NC2=C1C(=O)NC1=C(C=CN=C1)N1CCNCC1,C1CN([*:1])CCN1,[H][*:2],Cl[*:3],[H][*:4],14.73241192
NC1=NN2C=C(Cl)C=NC2=C1C(=O)NC1=C(C=CN=C1)N1CCN2CCC[C@H]2C1,C1C[C@H]2CN([*:1])CCN2C1,[H][*:2],Cl[*:3],[H][*:4],14.68729298
COC1CN(C1)C1CCN(CC1)C1=C(NC(=O)C2=C3N=CC(Cl)=CN3N=C2N)C=NC=C1,COC1CN(C2CCN([*:1])CC2)C1,[H][*:2],Cl[*:3],[H][*:4],14.52129456
NC1=NN2C=C(F)C=NC2=C1C(=O)NC1=C(N2CCC(CC2)C(=O)N2CC3CNCC3C2)C(F)=CN=C1,O=C(C1CCN([*:1])CC1)N1CC2CNCC2C1,F[*:2],F[*:3],[H][*:4],14.4993812
CN(C)C1CCN(CC1)C1=C(NC(=O)C2=C3N=CC(Cl)=CN3N=C2N)C=NC=C1,CN(C)C1CCN([*:1])CC1,[H][*:2],Cl[*:3],[H][*:4],14.48392181
NCC1CN(CCO1)C1=C(NC(=O)C2=C3N=CC(CC#N)=CN3N=C2N)C=NC=C1,NCC1CN([*:1])CCO1,[H][*:2],N#CC[*:3],[H][*:4],14.3326823
C[C@H]1CN(CCN1C)C(=O)C1CCN(CC1)C1=C(NC(=O)C2=C3N=CC(F)=CN3N=C2N)C=NC=C1F,C[C@H]1CN(C(=O)C2CCN([*:1])CC2)CCN1C,F[*:2],F[*:3],[H][*:4],14.26298683
NC1=NN2C=C(Cl)C=NC2=C1C(=O)NC1=C(C=CN=C1)N1CCC(CC1)N1CCOCC1,C1CN(C2CCN([*:1])CC2)CCO1,[H][*:2],Cl[*:3],[H][*:4],14.26087257
CN1CCN(CC1)C(=O)C1CCN(CC1)C1=C(NC(=O)C2=C3N=CC(F)=CN3N=C2N)C=NC=C1Cl,CN1CCN(C(=O)C2CCN([*:1])CC2)CC1,Cl[*:2],F[*:3],[H][*:4],14.242285199999998
CN1CCN(CC1)C(=O)C1(C)CCN(CC1)C1=C(NC(=O)C2=C3N=CC(F)=CN3N=C2N)C=NC=C1F,CN1CCN(C(=O)C2(C)CCN([*:1])CC2)CC1,F[*:2],F[*:3],[H][*:4],14.209382699999999
NC1=NN2C=C(F)C=NC2=C1C(=O)NC1=C(N2CCC(CC2)C(=O)N2CCNC3(CC3)C2)C(F)=CN=C1,O=C(C1CCN([*:1])CC1)N1CCNC2(CC2)C1,F[*:2],F[*:3],[H][*:4],14.20032953
CN1CCN2CCN(CC2C1)C1=C(NC(=O)C2=C3N=CC(F)=CN3N=C2N)C=NC=C1Cl,CN1CCN2CCN([*:1])CC2C1,Cl[*:2],F[*:3],[H][*:4],14.15875609
CN1CC(C1)C(=O)N1CCN(CC1)C1=C(NC(=O)C2=C3N=CC(F)=CN3N=C2N)C=NC=C1F,CN1CC(C(=O)N2CCN([*:1])CC2)C1,F[*:2],F[*:3],[H][*:4],14.09174656
NC1=NN2C=C(F)C=NC2=C1C(=O)NC1=C(N2CCC(CC2)C(=O)N2CCN3CC[C@@H]2C3)C(F)=CN=C1,O=C(C1CCN([*:1])CC1)N1CCN2CC[C@@H]1C2,F[*:2],F[*:3],[H][*:4],14.08759544
CN1CCN(CC1)C(=O)N1CCC(CC1)C1=C(NC(=O)C2=C3N=CC(F)=CN3N=C2N)C=NC=C1,CN1CCN(C(=O)N2CCC([*:1])CC2)CC1,[H][*:2],F[*:3],[H][*:4],14.03437346
COC1(CN(C)C)CCN(CC1)C1=C(NC(=O)C2=C3N=CC(Cl)=CN3N=C2N)C=NC=C1,COC1(CN(C)C)CCN([*:1])CC1,[H][*:2],Cl[*:3],[H][*:4],14.03343868
NC1=NN2C=C(Cl)C=NC2=C1C(=O)NC1=C(C=CN=C1)N1CCN2CCC[C@@H]2C1,C1C[C@@H]2CN([*:1])CCN2C1,[H][*:2],Cl[*:3],[H][*:4],14.00662358
CN1CCN(CC1)C(=O)C1(CCN(CC1)C1=C(NC(=O)C2=C3N=CC(F)=CN3N=C2N)C=NC=C1F)C#N,CN1CCN(C(=O)C2(C#N)CCN([*:1])CC2)CC1,F[*:2],F[*:3],[H][*:4],13.85096888
CN1CCN(CC1)C(=O)C1CCN(C1)C1=C(NC(=O)C2=C3N=CC(F)=CN3N=C2N)C=NC=C1F,CN1CCN(C(=O)C2CCN([*:1])C2)CC1,F[*:2],F[*:3],[H][*:4],13.813197199999998
CN1CCN(CC1)C1=C(NC(=O)C2=C3N=CC(=CN3N=C2N)C(C)(C)C#N)C=NC=C1,CN1CCN([*:1])CC1,[H][*:2],CC(C)(C#N)[*:3],[H][*:4],13.75415694
NC1=NN2C=C(F)C=NC2=C1C(=O)NC1=C(N2CCC(CC2)C(=O)N2CC(C2)N2CCCCC2)C(F)=CN=C1,O=C(C1CCN([*:1])CC1)N1CC(N2CCCCC2)C1,F[*:2],F[*:3],[H][*:4],13.73901493
CN1CCOC2(CCN(CC2)C2=C(NC(=O)C3=C4N=CC(F)=CN4N=C3N)C=NC=C2)C1,CN1CCOC2(CCN([*:1])CC2)C1,[H][*:2],F[*:3],[H][*:4],13.61147244
NC1=NN2C=C(Cl)C=NC2=C1C(=O)NC1=C(OC2CN3CCC2CC3)C=CN=C1,C1CN2CCC1C(O[*:1])C2,[H][*:2],Cl[*:3],[H][*:4],13.6046634
NC1=NN2C=C(F)C=NC2=C1C(=O)NC1=C(N2CCC(CC2)C(=O)N2CCN3CCC2C3)C(F)=CN=C1,O=C(C1CCN([*:1])CC1)N1CCN2CCC1C2,F[*:2],F[*:3],[H][*:4],13.596287
NC1=NN2C=C(F)C=NC2=C1C(=O)NC1=C(N2CCN3CCN(CC3C2)C2COC2)C(Cl)=CN=C1,C1OCC1N1CCN2CCN([*:1])CC2C1,Cl[*:2],F[*:3],[H][*:4],13.58722923
CC(C)(C#N)C1=CN2N=C(N)C(C(=O)NC3=C(C=CN=C3)N3CCN(CC3)C3COC3)=C2N=C1,C1OCC1N1CCN([*:1])CC1,[H][*:2],CC(C)(C#N)[*:3],[H][*:4],13.52804844
NC1=NN2C=C(Cl)C=NC2=C1C(=O)NC1=C(O[C@H]2CCNC2)C=CN=C1,C1C[C@H](O[*:1])CN1,[H][*:2],Cl[*:3],[H][*:4],13.41580755
NC1CCN(CC1)C1=C(NC(=O)C2=C3N=CC(CC#N)=CN3N=C2N)C=NC=C1,NC1CCN([*:1])CC1,[H][*:2],N#CC[*:3],[H][*:4],13.28981669
NC1=NN2C=C(CC#N)C=NC2=C1C(=O)NC1=C(OC2CN3CCC2CC3)C=CN=C1,C1CN2CCC1C(O[*:1])C2,[H][*:2],N#CC[*:3],[H][*:4],13.27548683
NC1=NN2C=C(CC#N)C=NC2=C1C(=O)NC1=C(O[C@H]2CCNC2)C=CN=C1,C1C[C@H](O[*:1])CN1,[H][*:2],N#CC[*:3],[H][*:4],13.12600232
CN1CCN(CC1)C(=O)C1CCN(CC1)C1=C(NC(=O)C2=C3N=CC(F)=CN3N=C2N)C=NC=C1,CN1CCN(C(=O)C2CCN([*:1])CC2)CC1,[H][*:2],F[*:3],[H][*:4],13.05664259
CC(C)(C#N)C1=CN2N=C(N)C(C(=O)NC3=C(N4CCN(CC4)C4COC4)C(F)=CN=C3)=C2N=C1,C1OCC1N1CCN([*:1])CC1,F[*:2],CC(C)(C#N)[*:3],[H][*:4],13.03586751
NC1=NN2C=C(CC#N)C=NC2=C1C(=O)NC1=C(O[C@@H]2CCNC2)C=CN=C1,C1C[C@@H](O[*:1])CN1,[H][*:2],N#CC[*:3],[H][*:4],13.01047245
NC1=NN2C=C(F)C=NC2=C1C(=O)NC1=C(N2CCC(CC2)C(=O)N2CCC(C2)N2CCCCC2)C(F)=CN=C1,O=C(C1CCN([*:1])CC1)N1CCC(N2CCCCC2)C1,F[*:2],F[*:3],[H][*:4],12.9355982
C[C@@H]1CN(CCN1)C(=O)C1CCN(CC1)C1=C(NC(=O)C2=C3N=CC(F)=CN3N=C2N)C=NC=C1F,C[C@@H]1CN(C(=O)C2CCN([*:1])CC2)CCN1,F[*:2],F[*:3],[H][*:4],12.86534322
CN1CCN(CC1)C(=O)C1CCN(CC1)C1=C(NC(=O)C2=C3N=CC(Cl)=CN3N=C2N)C=NC=C1F,CN1CCN(C(=O)C2CCN([*:1])CC2)CC1,F[*:2],Cl[*:3],[H][*:4],12.83988763
C[C@@H]1CN(CCN1C)C(=O)C1CCN(CC1)C1=C(NC(=O)C2=C3N=CC(F)=CN3N=C2N)C=NC=C1F,C[C@@H]1CN(C(=O)C2CCN([*:1])CC2)CCN1C,F[*:2],F[*:3],[H][*:4],12.82729288
CN1CCN(CC11CC1)C(=O)C1CCN(CC1)C1=C(NC(=O)C2=C3N=CC(F)=CN3N=C2N)C=NC=C1F,CN1CCN(C(=O)C2CCN([*:1])CC2)CC12CC2,F[*:2],F[*:3],[H][*:4],12.78833591
NC1CCN(CC1)C1=C(NC(=O)C2=C3N=CC(Cl)=CN3N=C2N)C=NC=C1,NC1CCN([*:1])CC1,[H][*:2],Cl[*:3],[H][*:4],12.68654747
CN1CC(C1)OC1CCN(CC1)C1=C(NC(=O)C2=C3N=CC(F)=CN3N=C2N)C=NC=C1,CN1CC(OC2CCN([*:1])CC2)C1,[H][*:2],F[*:3],[H][*:4],12.67308138
NC1=NN2C=C(CC#N)C=NC2=C1C(=O)NC1=C(C=CN=C1)N1CCNCC1,C1CN([*:1])CCN1,[H][*:2],N#CC[*:3],[H][*:4],12.65026587
CC1(COC1)N1CCN(CC1)C(=O)C1CCN(CC1)C1=C(NC(=O)C2=C3N=CC(F)=CN3N=C2N)C=NC=C1F,CC1(N2CCN(C(=O)C3CCN([*:1])CC3)CC2)COC1,F[*:2],F[*:3],[H][*:4],12.45630388
NC1=NN2C=C(F)C=NC2=C1C(=O)NC1=C(N2CCC(CC2)C(=O)N2CC[C@@H](C2)N2CCCC2)C(F)=CN=C1,O=C(C1CCN([*:1])CC1)N1CC[C@H](N2CCCC2)C1,F[*:2],F[*:3],[H][*:4],12.44686591
NC1=NN2C=C(Cl)C=NC2=C1C(=O)NC1=C(C=CN=C1)N1CCC(CC1)N1CC2(COC2)C1,C1CN([*:1])CCC1N1CC2(COC2)C1,[H][*:2],Cl[*:3],[H][*:4],12.43854328
NC1=NN2C=C(F)C=NC2=C1C(=O)NC1=C(N2CCC(CC2)C(=O)N2CCNCC2)C(F)=CN=C1,O=C(C1CCN([*:1])CC1)N1CCNCC1,F[*:2],F[*:3],[H][*:4],12.39963332
CNC1CCN(CC1)C1=C(NC(=O)C2=C3N=CC(Cl)=CN3N=C2N)C=NC=C1,CNC1CCN([*:1])CC1,[H][*:2],Cl[*:3],[H][*:4],12.39778329
CN1CCC(CC1)NC(=O)C1CCN(CC1)C1=C(NC(=O)C2=C3N=CC(F)=CN3N=C2N)C=NC=C1F,CN1CCC(NC(=O)C2CCN([*:1])CC2)CC1,F[*:2],F[*:3],[H][*:4],12.34063904
NC1=NN2C=C(Cl)C=NC2=C1C(=O)NC1=C(OC2CCCNC2)C=CN=C1,C1CNCC(O[*:1])C1,[H][*:2],Cl[*:3],[H][*:4],12.28302316
NC1=NN2C=C(F)C=NC2=C1C(=O)NC1=C(C=CN=C1)N1CCC(CN2CCC(F)(F)C2)CC1,FC1(F)CCN(CC2CCN([*:1])CC2)C1,[H][*:2],F[*:3],[H][*:4],12.25363893
C[C@H]1CN(CCN1)C(=O)C1CCN(CC1)C1=C(NC(=O)C2=C3N=CC(F)=CN3N=C2N)C=NC=C1F,C[C@H]1CN(C(=O)C2CCN([*:1])CC2)CCN1,F[*:2],F[*:3],[H][*:4],12.22662312
NC1=NN2C=C(F)C=NC2=C1C(=O)NC1=C(N2CCC(CC2)C(=O)N2CCN3CCC2C3)C(Cl)=CN=C1,O=C(C1CCN([*:1])CC1)N1CCN2CCC1C2,Cl[*:2],F[*:3],[H][*:4],12.15679002
NC1=NN2C=C(CC#N)C=NC2=C1C(=O)NC1=C(OC2CCNCC2)C=CN=C1,C1CC(O[*:1])CCN1,[H][*:2],N#CC[*:3],[H][*:4],12.11920778
NC1=NN2C=C(F)C=NC2=C1C(=O)NC1=C(N2CCC(CC2)C(=O)N2CCNC3CC23)C(F)=CN=C1,O=C(C1CCN([*:1])CC1)N1CCNC2CC21,F[*:2],F[*:3],[H][*:4],12.04928486
NC1=NN2C=C(Cl)C=NC2=C1C(=O)NC1=C(C=CN=C1)N1CCC(CC1)N1CCS(=O)CC1,O=S1CCN(C2CCN([*:1])CC2)CC1,[H][*:2],Cl[*:3],[H][*:4],12.0424564
NC1=NN2C=C(Cl)C=NC2=C1C(=O)NC1=C(O[C@@H]2CCNC2)C=CN=C1,C1C[C@@H](O[*:1])CN1,[H][*:2],Cl[*:3],[H][*:4],12.02995447
NC1=NN2C=C(Cl)C=NC2=C1C(=O)NC1=C(C=CN=C1)N1CCC(CC1)N1CCC1,C1CN(C2CCN([*:1])CC2)C1,[H][*:2],Cl[*:3],[H][*:4],11.951913699999999
NC1=NN2C=C(Cl)C=NC2=C1C(=O)NC1=C(C=CN=C1)N1CCC(CC1)N1CCC11COC1,C1CN([*:1])CCC1N1CCC12COC2,[H][*:2],Cl[*:3],[H][*:4],11.92302004
NC1=NN2C=C(Cl)C=NC2=C1C(=O)NC1=C(C=CN=C1)N1CCN2CCC1CC2,C1CN2CCC1N([*:1])CC2,[H][*:2],Cl[*:3],[H][*:4],11.8552427
NC1=NN2C=C(F)C=NC2=C1C(=O)NC1=C(N2CCC(CC2)C(=O)N2CCN(CC2)C2CC2)C(F)=CN=C1,O=C(C1CCN([*:1])CC1)N1CCN(C2CC2)CC1,F[*:2],F[*:3],[H][*:4],11.85261282
NC1=NN2C=C(F)C=NC2=C1C(=O)NC1=C(N2CCC(CC2)C(=O)N2CCC(CC2)N2CCC2)C(F)=CN=C1,O=C(C1CCN([*:1])CC1)N1CCC(N2CCC2)CC1,F[*:2],F[*:3],[H][*:4],11.82758452
CN(C)CC1CCN(CC1)C1=C(NC(=O)C2=C3N=CC(F)=CN3N=C2N)C=NC=C1,CN(C)CC1CCN([*:1])CC1,[H][*:2],F[*:3],[H][*:4],11.81085073
NC1=NN2C=C(Cl)C=NC2=C1C(=O)NC1=C(C=CN=C1)N1CCC(CC1)N1CCCC1,C1CCN(C2CCN([*:1])CC2)C1,[H][*:2],Cl[*:3],[H][*:4],11.7696221
CN1CCC(C1)C(=O)N1CCN(CC1)C1=C(NC(=O)C2=C3N=CC(F)=CN3N=C2N)C=NC=C1F,CN1CCC(C(=O)N2CCN([*:1])CC2)C1,F[*:2],F[*:3],[H][*:4],11.7565525
NC1=NN2C=C(F)C=NC2=C1C(=O)NC1=C(N2CCC(CC2)C(=O)N2CC[NH+]([O-])CC2)C(F)=CN=C1,O=C(C1CCN([*:1])CC1)N1CC[NH+]([O-])CC1,F[*:2],F[*:3],[H][*:4],11.70445605
NC1=NN2C=C(Cl)C=NC2=C1C(=O)NC1=C(OC2CC3(CNC3)C2)C=CN=C1,C1NCC12CC(O[*:1])C2,[H][*:2],Cl[*:3],[H][*:4],11.68429318
CN(C)CCNC(=O)C1CCN(CC1)C1=C(NC(=O)C2=C3N=CC(F)=CN3N=C2N)C=NC=C1F,CN(C)CCNC(=O)C1CCN([*:1])CC1,F[*:2],F[*:3],[H][*:4],11.6786713
CN1CC[C@H](C1)OC1CCN(CC1)C1=C(NC(=O)C2=C3N=CC(F)=CN3N=C2N)C=NC=C1F,CN1CC[C@@H](OC2CCN([*:1])CC2)C1,F[*:2],F[*:3],[H][*:4],11.66706588
CN1CC(C1)N1CCN(CC1)C(=O)C1CCN(CC1)C1=C(NC(=O)C2=C3N=CC(F)=CN3N=C2N)C=NC=C1F,CN1CC(N2CCN(C(=O)C3CCN([*:1])CC3)CC2)C1,F[*:2],F[*:3],[H][*:4],11.6367919
CN1CCN(CC1)C(=O)[C@@H]1CC[C@@H](CC1)OC1=C(NC(=O)C2=C3N=CC(F)=CN3N=C2N)C=NC=C1,CN1CCN(C(=O)[C@H]2CC[C@@H](O[*:1])CC2)CC1,[H][*:2],F[*:3],[H][*:4],11.63512465
CC(C)N1CCC(C1)C(=O)N1CCN(CC1)C1=C(NC(=O)C2=C3N=CC(F)=CN3N=C2N)C=NC=C1F,CC(C)N1CCC(C(=O)N2CCN([*:1])CC2)C1,F[*:2],F[*:3],[H][*:4],11.61251216
CN(C)CCOCCOC1=C(NC(=O)C2=C3N=CC(Cl)=CN3N=C2N)C=NC=C1,CN(C)CCOCCO[*:1],[H][*:2],Cl[*:3],[H][*:4],11.60390417
NC1=NN2C=C(Cl)C=NC2=C1C(=O)NC1=C(O[C@H]2CCCNC2)C=CN=C1,C1CNC[C@@H](O[*:1])C1,[H][*:2],Cl[*:3],[H][*:4],11.56727807
NC1=NN2C=C(CC#N)C=NC2=C1C(=O)NC1=C(OC2CCCNC2)C=CN=C1,C1CNCC(O[*:1])C1,[H][*:2],N#CC[*:3],[H][*:4],11.55812427
NC1=NN2C=C(Cl)C=NC2=C1C(=O)NC1=C(C=CN=C1)N1CCC(CC1)N1CC[C@H](F)C1,F[C@H]1CCN(C2CCN([*:1])CC2)C1,[H][*:2],Cl[*:3],[H][*:4],11.43011478
CN1CCN(CC1)C(=O)C1=NC=C(C=C1)C1=C(NC(=O)C2=C3N=CC(F)=CN3N=C2N)C=NC=C1,CN1CCN(C(=O)c2ccc([*:1])cn2)CC1,[H][*:2],F[*:3],[H][*:4],11.27578921
CN1CCC(CC1)S(=O)(=O)N1CCN(CC1)C1=C(NC(=O)C2=C3N=CC(F)=CN3N=C2N)C=NC=C1F,CN1CCC(S(=O)(=O)N2CCN([*:1])CC2)CC1,F[*:2],F[*:3],[H][*:4],11.24323963
NC1=NN2C=C(F)C=NC2=C1C(=O)NC1=C(C=CN=C1)C1=CC=C(N=C1)C(=O)N1CCN(CC1)C1COC1,O=C(c1ccc([*:1])cn1)N1CCN(C2COC2)CC1,[H][*:2],F[*:3],[H][*:4],11.23180405
COC1CCN(C1)C1CCN(CC1)C1=C(NC(=O)C2=C3N=CC(Cl)=CN3N=C2N)C=NC=C1,COC1CCN(C2CCN([*:1])CC2)C1,[H][*:2],Cl[*:3],[H][*:4],11.20899489
NC1=NN2C=C(F)C=NC2=C1C(=O)NC1=C(N2CCC(CC2)C(=O)N2CCN(CC2)C2CCC2)C(F)=CN=C1,O=C(C1CCN([*:1])CC1)N1CCN(C2CCC2)CC1,F[*:2],F[*:3],[H][*:4],11.17044287
NCC1CCN(CC1)C1=C(NC(=O)C2=C3N=CC(Cl)=CN3N=C2N)C=NC=C1,NCC1CCN([*:1])CC1,[H][*:2],Cl[*:3],[H][*:4],11.15189817
CN1CCN(C2CC12)C(=O)C1CCN(CC1)C1=C(NC(=O)C2=C3N=CC(F)=CN3N=C2N)C=NC=C1F,CN1CCN(C(=O)C2CCN([*:1])CC2)C2CC21,F[*:2],F[*:3],[H][*:4],11.02819174
NC1=NN2C=C(F)C=NC2=C1C(=O)NC1=C(N2CCN(CC2)C(=O)C2CNC2)C(F)=CN=C1,O=C(C1CNC1)N1CCN([*:1])CC1,F[*:2],F[*:3],[H][*:4],10.96857141
CN1CCN(CC1)C(=O)C1=NC(C)=C(C=C1)C1=C(NC(=O)C2=C3N=CC(F)=CN3N=C2N)C=NC=C1,Cc1nc(C(=O)N2CCN(C)CC2)ccc1[*:1],[H][*:2],F[*:3],[H][*:4],10.90314507
CN1CCN(CC1(C)C)C(=O)C1CCN(CC1)C1=C(NC(=O)C2=C3N=CC(F)=CN3N=C2N)C=NC=C1F,CN1CCN(C(=O)C2CCN([*:1])CC2)CC1(C)C,F[*:2],F[*:3],[H][*:4],10.85357122
CN(C)CCC1=CN(N=C1)C1=C(NC(=O)C2=C3N=CC(F)=CN3N=C2N)C=NC=C1,CN(C)CCc1cnn([*:1])c1,[H][*:2],F[*:3],[H][*:4],10.83282995
NC1=NN2C=C(F)C=NC2=C1C(=O)NC1=C(C=CN=C1)N1CCN(CC1)S(=O)(=O)N1CCN2CCC1CC2,O=S(=O)(N1CCN([*:1])CC1)N1CCN2CCC1CC2,[H][*:2],F[*:3],[H][*:4],10.79901751
NC1=NN2C=C(Cl)C=NC2=C1C(=O)NC1=C(C=CN=C1)N1CCC(CC1)N1CC[C@@H](F)C1,F[C@@H]1CCN(C2CCN([*:1])CC2)C1,[H][*:2],Cl[*:3],[H][*:4],10.78918049
NC1=NN2C=C(F)C=NC2=C1C(=O)NC1=C(N2CCN(CC2)C(=O)C2CCN(CC2)C2COC2)C(F)=CN=C1,O=C(C1CCN(C2COC2)CC1)N1CCN([*:1])CC1,F[*:2],F[*:3],[H][*:4],10.78835285
CCN1CCC(C1)C(=O)N1CCN(CC1)C1=C(NC(=O)C2=C3N=CC(F)=CN3N=C2N)C=NC=C1F,CCN1CCC(C(=O)N2CCN([*:1])CC2)C1,F[*:2],F[*:3],[H][*:4],10.77868793
NC1=NN2C=C(F)C=NC2=C1C(=O)NC1=C(N2CCC(CC2)C(=O)N2CCNCC2)C(Cl)=CN=C1,O=C(C1CCN([*:1])CC1)N1CCNCC1,Cl[*:2],F[*:3],[H][*:4],10.47045961
CC1(C)CN(CCN1)C(=O)C1CCN(CC1)C1=C(NC(=O)C2=C3N=CC(F)=CN3N=C2N)C=NC=C1F,CC1(C)CN(C(=O)C2CCN([*:1])CC2)CCN1,F[*:2],F[*:3],[H][*:4],10.42902228
NC1=NN2C=C(Cl)C=NC2=C1C(=O)NC1=C(C=CN=C1)N1CCC(CC1)N1CCC2(COC2)C1,C1CN([*:1])CCC1N1CCC2(COC2)C1,[H][*:2],Cl[*:3],[H][*:4],10.41672391
NC1=NN2C=C(Cl)C=NC2=C1C(=O)NC1=C(OC2CCNCC2)C=CN=C1,C1CC(O[*:1])CCN1,[H][*:2],Cl[*:3],[H][*:4],10.35270924
NC1=NN2C=C(F)C=NC2=C1C(=O)NC1=C(N2CCN(CC2)C(=O)C2CNCCO2)C(F)=CN=C1,O=C(C1CNCCO1)N1CCN([*:1])CC1,F[*:2],F[*:3],[H][*:4],10.34247807
CN(C1CCN(C)CC1)S(=O)(=O)C1CCN(CC1)C1=C(NC(=O)C2=C3N=CC(F)=CN3N=C2N)C=NC=C1F,CN1CCC(N(C)S(=O)(=O)C2CCN([*:1])CC2)CC1,F[*:2],F[*:3],[H][*:4],10.27800027
CN(C)CC1(O)CCN(CC1)C1=C(NC(=O)C2=C3N=CC(Cl)=CN3N=C2N)C=NC=C1,CN(C)CC1(O)CCN([*:1])CC1,[H][*:2],Cl[*:3],[H][*:4],10.25491268
CN1CC[C@H](C1)OC1CCN(CC1)C1=C(NC(=O)C2=C3N=CC(F)=CN3N=C2N)C=NC=C1,CN1CC[C@@H](OC2CCN([*:1])CC2)C1,[H][*:2],F[*:3],[H][*:4],10.16061161
CN1CCN2CCN(CC2C1)C1=C(NC(=O)C2=C3N=CC(Cl)=CN3N=C2N)C=NC=C1,CN1CCN2CCN([*:1])CC2C1,[H][*:2],Cl[*:3],[H][*:4],10.08343704
CNCCC1=CN(N=C1)C1=C(NC(=O)C2=C3N=CC(F)=CN3N=C2N)C=NC=C1,CNCCc1cnn([*:1])c1,[H][*:2],F[*:3],[H][*:4],10.030466800000001
CN1CCC(CC1)S(=O)(=O)N1CCN(CC1)C1=C(NC(=O)C2=C3N=CC(F)=CN3N=C2N)C=NC=C1,CN1CCC(S(=O)(=O)N2CCN([*:1])CC2)CC1,[H][*:2],F[*:3],[H][*:4],9.978011351000001
CN1CC2CN(CC2C1)C1=C(NC(=O)C2=C3N=CC(F)=CN3N=C2N)C=NC=C1Cl,CN1CC2CN([*:1])CC2C1,Cl[*:2],F[*:3],[H][*:4],9.940266579
CN1CCC(CC1)C(=O)N1CCN(CC1)C1=C(NC(=O)C2=C3N=CC(F)=CN3N=C2N)C=NC=C1F,CN1CCC(C(=O)N2CCN([*:1])CC2)CC1,F[*:2],F[*:3],[H][*:4],9.932379897
NC1=NN2C=C(F)C=NC2=C1C(=O)NC1=C(N2CCC(CN3CCOCC3)CC2)C(F)=CN=C1,C1CN(CC2CCN([*:1])CC2)CCO1,F[*:2],F[*:3],[H][*:4],9.915419335
NC1=NN2C=C(F)C=NC2=C1C(=O)NC1=C(N2CCC(CC2)OCCN2CCCC2)C(F)=CN=C1,C1CCN(CCOC2CCN([*:1])CC2)C1,F[*:2],F[*:3],[H][*:4],9.870447208
NC1=NN2C=C(F)C=NC2=C1C(=O)NC1=C(N2CCN(CC2)C(=O)C2CN3CCC2CC3)C(F)=CN=C1,O=C(C1CN2CCC1CC2)N1CCN([*:1])CC1,F[*:2],F[*:3],[H][*:4],9.640502209
CN1CCN(CC1)C(=O)C1=CC(Cl)=C(N=C1)C1=C(NC(=O)C2=C3N=CC(F)=CN3N=C2N)C=NC=C1,CN1CCN(C(=O)c2cnc([*:1])c(Cl)c2)CC1,[H][*:2],F[*:3],[H][*:4],9.637375488
CN1CCC(CC1)C(=O)N1CCC(CC1)C1=C(NC(=O)C2=C3N=CC(F)=CN3N=C2N)C=NC=C1,CN1CCC(C(=O)N2CCC([*:1])CC2)CC1,[H][*:2],F[*:3],[H][*:4],9.615891558
NC1=NN2C=C(F)C=NC2=C1C(=O)NC1=C(N2CCC(CC2)C(=O)NCCN2CCC2)C(F)=CN=C1,O=C(NCCN1CCC1)C1CCN([*:1])CC1,F[*:2],F[*:3],[H][*:4],9.53220728
NC1=NN2C=C(F)C=NC2=C1C(=O)NC1=C(N2CCC(CC2)C(=O)N2CCC(CC2)N2CCCCC2)C(F)=CN=C1,O=C(C1CCN([*:1])CC1)N1CCC(N2CCCCC2)CC1,F[*:2],F[*:3],[H][*:4],9.509442647
CN1CCN(CC1)C(=O)C1=CC(C)=C(C=C1)C1=C(NC(=O)C2=C3N=CC(F)=CN3N=C2N)C=NC=C1,Cc1cc(C(=O)N2CCN(C)CC2)ccc1[*:1],[H][*:2],F[*:3],[H][*:4],9.375495687
NC1=NN2C=C(F)C=NC2=C1C(=O)NC1=C(N2CCC(CC2)C(=O)N2CCC(CC2)N2CCCC2)C(F)=CN=C1,O=C(C1CCN([*:1])CC1)N1CCC(N2CCCC2)CC1,F[*:2],F[*:3],[H][*:4],9.325945828
NC1=NN2C=C(Cl)C=NC2=C1C(=O)NC1=C(O[C@H]2C[C@@]3(CCN3)C2)C=CN=C1,C1C[C@]2(C[C@@H](O[*:1])C2)N1,[H][*:2],Cl[*:3],[H][*:4],9.22682754
NC1=NN2C=C(F)C=NC2=C1C(=O)NC1=C(C=CN=C1)C1=CC=C(C=C1F)C(=O)N1CCN(CC1)C1COC1,O=C(c1ccc([*:1])c(F)c1)N1CCN(C2COC2)CC1,[H][*:2],F[*:3],[H][*:4],9.107512954
CN(C)CC1=NC=C(OC2=C(NC(=O)C3=C4N=CC(F)=CN4N=C3N)C=NC=C2)C=C1,CN(C)Cc1ccc(O[*:1])cn1,[H][*:2],F[*:3],[H][*:4],9.08065778
NC1=NN2C=C(F)C=NC2=C1C(=O)NC1=C(C=CN=C1)N1CCC2(CCNC2)CC1,C1CC2(CCN([*:1])CC2)CN1,[H][*:2],F[*:3],[H][*:4],8.985113677000001
NC1=NN2C=C(F)C=NC2=C1C(=O)NC1=C(N2CCN(CC2)C(=O)C2CC3CCCCN3C2)C(F)=CN=C1,O=C(C1CC2CCCCN2C1)N1CCN([*:1])CC1,F[*:2],F[*:3],[H][*:4],8.709670316
NC1=NN2C=C(F)C=NC2=C1C(=O)NC1=C(N2CCC(CC2)C(=O)N2CCN3CCC2CC3)C(F)=CN=C1,O=C(C1CCN([*:1])CC1)N1CCN2CCC1CC2,F[*:2],F[*:3],[H][*:4],8.620296986
CN(C)CN1CCN(CC1)C1=C(NC(=O)C2=C3N=CC(Cl)=CN3N=C2N)C=NC=C1,CN(C)CN1CCN([*:1])CC1,[H][*:2],Cl[*:3],[H][*:4],8.501740029
NC1=NN2C=C(F)C=NC2=C1C(=O)NC1=C(N2CCC(CC2)C(=O)N2CCN3CCC2CC3)C(Cl)=CN=C1,O=C(C1CCN([*:1])CC1)N1CCN2CCC1CC2,Cl[*:2],F[*:3],[H][*:4],8.481523949
NC1=NN2C=C(Cl)C=NC2=C1C(=O)NC1=C(N2CCC(CC2)C(=O)N2CCN3CCC2CC3)C(F)=CN=C1,O=C(C1CCN([*:1])CC1)N1CCN2CCC1CC2,F[*:2],Cl[*:3],[H][*:4],8.37157906
NC1=NN2C=C(F)C=NC2=C1C(=O)NC1=C(N2CCN(CC2)C(=O)C23CCN(CC2)CC3)C(F)=CN=C1,O=C(N1CCN([*:1])CC1)C12CCN(CC1)CC2,F[*:2],F[*:3],[H][*:4],8.161774896
CN1CCN(CC1)C(=O)C1=CC=C(C=C1)C1=C(NC(=O)C2=C3N=CC(F)=CN3N=C2N)C=NC=C1F,CN1CCN(C(=O)c2ccc([*:1])cc2)CC1,F[*:2],F[*:3],[H][*:4],8.154334784
NC1=NN2C=C(F)C=NC2=C1C(=O)NC1=C(N2CCC(CC2)S(=O)(=O)N2CCN3CCC2CC3)C(F)=CN=C1,O=S(=O)(C1CCN([*:1])CC1)N1CCN2CCC1CC2,F[*:2],F[*:3],[H][*:4],8.064477906
CN1CCOC[C@@H]1C1=CC=C(C=C1)C1=C(NC(=O)C2=C3N=CC(F)=CN3N=C2N)C=NC=C1,CN1CCOC[C@@H]1c1ccc([*:1])cc1,[H][*:2],F[*:3],[H][*:4],8.059812082
CN(C)C1CN(C1)C1CCN(CC1)C1=C(NC(=O)C2=C3N=CC(Cl)=CN3N=C2N)C=NC=C1,CN(C)C1CN(C2CCN([*:1])CC2)C1,[H][*:2],Cl[*:3],[H][*:4],8.007351283
NC1=NN2C=C(F)C=NC2=C1C(=O)NC1=C(C=CN=C1)C1=CC=C(N=C1)C(=O)N1CCC(CC1)N1CCCC1,O=C(c1ccc([*:1])cn1)N1CCC(N2CCCC2)CC1,[H][*:2],F[*:3],[H][*:4],7.880867075
NC1=NN2C=C(F)C=NC2=C1C(=O)NC1=C(C=CN=C1)C1=CC=C(C=C1)C(=O)N1CCN(CC1)C1COC1,O=C(c1ccc([*:1])cc1)N1CCN(C2COC2)CC1,[H][*:2],F[*:3],[H][*:4],7.754809363
CN1CCC(CC1)C(=O)N1CCC(=CC1)C1=C(NC(=O)C2=C3N=CC(F)=CN3N=C2N)C=NC=C1F,CN1CCC(C(=O)N2CC=C([*:1])CC2)CC1,F[*:2],F[*:3],[H][*:4],7.584975226
CN1CCN(CC1)C(=O)C1=CC=C(C=C1)C1=C(NC(=O)C2=C3N=CC(F)=CN3N=C2N)C=NC=C1,CN1CCN(C(=O)c2ccc([*:1])cc2)CC1,[H][*:2],F[*:3],[H][*:4],7.492148555
NC1=NN2C=C(F)C=NC2=C1C(=O)NC1=C(C=CN=C1)C1=CC=C(N=C1)C(=O)N1CCC(CC1)N1CCC1,O=C(c1ccc([*:1])cn1)N1CCC(N2CCC2)CC1,[H][*:2],F[*:3],[H][*:4],7.404877608
NC1=NN2C=C(F)C=NC2=C1C(=O)NC1=C(C=CN=C1)C1CCN(CC1)C(=O)C12CCN(CC1)CC2,O=C(N1CCC([*:1])CC1)C12CCN(CC1)CC2,[H][*:2],F[*:3],[H][*:4],7.342645442
CN1CCC(CC1)OC1CCN(CC1)C1=C(NC(=O)C2=C3N=CC(F)=CN3N=C2N)C=NC=C1,CN1CCC(OC2CCN([*:1])CC2)CC1,[H][*:2],F[*:3],[H][*:4],7.182934734
NC1=NN2C=C(Cl)C=NC2=C1C(=O)NC1=C(O[C@H]2C[C@]3(CCN3)C2)C=CN=C1,C1C[C@]2(C[C@H](O[*:1])C2)N1,[H][*:2],Cl[*:3],[H][*:4],7.133794459
NC1=NN2C=C(Cl)C=NC2=C1C(=O)NC1=C(C=CN=C1)N1CCC(CC1)N1CCN2C=NC=C2C1,c1ncn2c1CN(C1CCN([*:1])CC1)CC2,[H][*:2],Cl[*:3],[H][*:4],7.127932111000001
CN1CCN(CC1)C1=C(NC(=O)C2=C3N=CC(Cl)=CN3N=C2N)C=NC(N)=C1,CN1CCN([*:1])CC1,[H][*:2],Cl[*:3],N[*:4],7.095655515
CN1CCN(CC2CCN(CC2)C2=C(NC(=O)C3=C4N=CC(F)=CN4N=C3N)C=NC=C2F)CC1,CN1CCN(CC2CCN([*:1])CC2)CC1,F[*:2],F[*:3],[H][*:4],6.682010109
NC1=NN2C=C(F)C=NC2=C1C(=O)NC1=C(C=CN=C1)C1=CC=C(C=C1)C(=O)N1CCNCC1,O=C(c1ccc([*:1])cc1)N1CCNCC1,[H][*:2],F[*:3],[H][*:4],6.605536763
CN1CCN(CC1)C1=NC=C(C=C1)C1=C(NC(=O)C2=C3N=CC(F)=CN3N=C2N)C=NC=C1,CN1CCN(c2ccc([*:1])cn2)CC1,[H][*:2],F[*:3],[H][*:4],6.601562502999999
CN1CCN(CC1)C1=NC(C)=C(C=C1)C1=C(NC(=O)C2=C3N=CC(F)=CN3N=C2N)C=NC=C1,Cc1nc(N2CCN(C)CC2)ccc1[*:1],[H][*:2],F[*:3],[H][*:4],6.498972393
CN1CCN(CC1)C1CCN(CC1)C1=C(NC(=O)C2=C3N=CC(Cl)=CN3N=C2N)C=NC=C1,CN1CCN(C2CCN([*:1])CC2)CC1,[H][*:2],Cl[*:3],[H][*:4],6.453658315
CN(C)CCN1CCN(CC1)C1=C(NC(=O)C2=C3N=CC(Cl)=CN3N=C2N)C=NC=C1,CN(C)CCN1CCN([*:1])CC1,[H][*:2],Cl[*:3],[H][*:4],6.3206747839999995
CN1CC[C@H](C1)OC1=NC(C)=C(C=C1)C1=C(NC(=O)C2=C3N=CC(F)=CN3N=C2N)C=NC=C1,Cc1nc(O[C@@H]2CCN(C)C2)ccc1[*:1],[H][*:2],F[*:3],[H][*:4],6.102943700000001
CNC1=CC(N2CCN(C)CC2)=C(NC(=O)C2=C3N=CC(F)=CN3N=C2N)C=N1,CN1CCN([*:1])CC1,[H][*:2],F[*:3],CN[*:4],5.956548988
NC1=NN2C=C(F)C=NC2=C1C(=O)NC1=C(C=CN=C1)C1=CC=C(C=C1)C(=O)N1CCN2CCC1CC2,O=C(c1ccc([*:1])cc1)N1CCN2CCC1CC2,[H][*:2],F[*:3],[H][*:4],5.507797073
NC1=NN2C=C(Cl)C=NC2=C1C(=O)NC1=C(C=CN=C1)N1CCC(CC1)N1CCN2C=CN=C2C1,c1cn2c(n1)CN(C1CCN([*:1])CC1)CC2,[H][*:2],Cl[*:3],[H][*:4],5.374036707999999
CN(C)C1CCN(C1)C1CCN(CC1)C1=C(NC(=O)C2=C3N=CC(Cl)=CN3N=C2N)C=NC=C1,CN(C)C1CCN(C2CCN([*:1])CC2)C1,[H][*:2],Cl[*:3],[H][*:4],5.325479423
CN1CCN(CC2CCN(CC2)C2=C(NC(=O)C3=C4N=CC(=CN4N=C3N)C3(CC3)C#N)C=NC=C2F)CC1,CN1CCN(CC2CCN([*:1])CC2)CC1,F[*:2],N#CC1([*:3])CC1,[H][*:4],3.671215227