Original_SMILES,R1,R2,R3,R4,cellv
NC1=NN2C=C(F)C=NC2=C1C(=O)NC1=C(C=CN=C1)N1CCC(CC1)C(O)=O,O=C(O)C1CCN([*:1])CC1,[H][*:2],F[*:3],[H][*:4],106.39165609999999
NC1=NN2C=C(F)C=NC2=C1C(=O)NC1=C(OC2CCC(CC2)C(O)=O)C=CN=C1,O=C(O)C1CCC(O[*:1])CC1,[H][*:2],F[*:3],[H][*:4],73.93105109999999
CC1=C(NC(=O)C2=C3N=CC(CC#N)=CN3N=C2N)C=NC=C1,C[*:1],[H][*:2],N#CC[*:3],[H][*:4],69.36472966
NC1=NN2C=C(CC#N)C=NC2=C1C(=O)NC1=C(C=CN=C1)N1CCOCC1,C1CN([*:1])CCO1,[H][*:2],N#CC[*:3],[H][*:4],68.78392225
NC1=NN2C=C(F)C=NC2=C1C(=O)NC1=C(CN2CCCC2=O)C=CN=C1,O=C1CCCN1C[*:1],[H][*:2],F[*:3],[H][*:4],64.34392555
COC1=C(NC(=O)C2=C3N=CC(CC#N)=CN3N=C2N)C=NC=C1,CO[*:1],[H][*:2],N#CC[*:3],[H][*:4],63.12097469
COCCOC1=C(NC(=O)C2=C3N=CC(CC#N)=CN3N=C2N)C=NC=C1,COCCO[*:1],[H][*:2],N#CC[*:3],[H][*:4],60.67110188
CC1=C(NC(=O)C2=C3N=CC(F)=CN3N=C2N)C=NC=C1,C[*:1],[H][*:2],F[*:3],[H][*:4],59.26809355
NC1=NN2C=C(CC#N)C=NC2=C1C(=O)NC1=C(OCCCO)C=CN=C1,OCCCO[*:1],[H][*:2],N#CC[*:3],[H][*:4],55.72068556
NC1=NN2C=C(F)C=NC2=C1C(=O)NC1=C(C=CN=C1)C1CCOC1,C1CC([*:1])CO1,[H][*:2],F[*:3],[H][*:4],54.41742506
COC1=C(NC(=O)C2=C3N=CC(F)=CN3N=C2N)C=NC=C1,CO[*:1],[H][*:2],F[*:3],[H][*:4],54.11356025
CCOC1=C(NC(=O)C2=C3N=CC(CC#N)=CN3N=C2N)C=NC=C1,CCO[*:1],[H][*:2],N#CC[*:3],[H][*:4],53.21820271
CC1=C(NC(=O)C2=C3N=CC(Cl)=CN3N=C2N)C=NC=C1,C[*:1],[H][*:2],Cl[*:3],[H][*:4],52.58222243
NC1=NN2C=C(CC#N)C=NC2=C1C(=O)NC1=C(OC2CCOC2)C=CN=C1,C1CC(O[*:1])CO1,[H][*:2],N#CC[*:3],[H][*:4],51.77481771
CN(C)C(=O)C1CN(CCO1)C1=C(NC(=O)C2=C3N=CC(F)=CN3N=C2N)C=NC=C1,CN(C)C(=O)C1CN([*:1])CCO1,[H][*:2],F[*:3],[H][*:4],50.7968453
NC1=NN2C=C(CC#N)C=NC2=C1C(=O)NC1=C(OCCO)C=CN=C1,OCCO[*:1],[H][*:2],N#CC[*:3],[H][*:4],50.77264136
NC1=NN2C=C(CC#N)C=NC2=C1C(=O)NC1=C(OC2CCCOC2)C=CN=C1,C1COCC(O[*:1])C1,[H][*:2],N#CC[*:3],[H][*:4],50.54369145
CN1CCC(CC1=O)C1=C(NC(=O)C2=C3N=CC(F)=CN3N=C2N)C=NC=C1,CN1CCC([*:1])CC1=O,[H][*:2],F[*:3],[H][*:4],50.07276077
COCCOC1=C(NC(=O)C2=C3N=CC(Cl)=CN3N=C2N)C=NC=C1,COCCO[*:1],[H][*:2],Cl[*:3],[H][*:4],49.21423464
NC1=NN2C=C(CC#N)C=NC2=C1C(=O)NC1=C(O[C@H]2CCOC2)C=CN=C1,C1C[C@H](O[*:1])CO1,[H][*:2],N#CC[*:3],[H][*:4],47.894751299999996
NC1=NN2C=C(CC#N)C=NC2=C1C(=O)NC1=C(O[C@@H]2CCOC2)C=CN=C1,C1C[C@@H](O[*:1])CO1,[H][*:2],N#CC[*:3],[H][*:4],47.53176481
COC1=CN=CC(NC(=O)C2=C3N=CC(F)=CN3N=C2N)=C1C1CC1,C1CC1[*:1],CO[*:2],F[*:3],[H][*:4],47.36899469
NC1=NN2C=C(CC#N)C=NC2=C1C(=O)NC1=C(OC2COC2)C=CN=C1,C1OCC1O[*:1],[H][*:2],N#CC[*:3],[H][*:4],47.29845858
NC1=NN2C=C(CC#N)C=NC2=C1C(=O)NC1=C(OCC2CC2)C=CN=C1,C1CC1CO[*:1],[H][*:2],N#CC[*:3],[H][*:4],46.92655881
NC1=NN2C=C(F)C=NC2=C1C(=O)NC1=C(C=CN=C1)N1CCOCC1,C1CN([*:1])CCO1,[H][*:2],F[*:3],[H][*:4],45.58966814
NC1=NN2C=C(CC#N)C=NC2=C1C(=O)NC1=C(C=CN=C1)N1CCC(O)CC1,OC1CCN([*:1])CC1,[H][*:2],N#CC[*:3],[H][*:4],45.46470535
NC1=NN2C=C(CC#N)C=NC2=C1C(=O)NC1=C(OC2CCC2)C=CN=C1,C1CC(O[*:1])C1,[H][*:2],N#CC[*:3],[H][*:4],45.41399493
NC1=NN2C=C(CC#N)C=NC2=C1C(=O)NC1=C(OCC(F)(F)F)C=CN=C1,FC(F)(F)CO[*:1],[H][*:2],N#CC[*:3],[H][*:4],44.67795939
COC1=C(NC(=O)C2=C3N=CC(Cl)=CN3N=C2N)C=NC=C1,CO[*:1],[H][*:2],Cl[*:3],[H][*:4],44.60711791
NC1=NN2C=C(CC#N)C=NC2=C1C(=O)NC1=C(OC2CCOCC2)C=CN=C1,C1CC(O[*:1])CCO1,[H][*:2],N#CC[*:3],[H][*:4],44.50431624
NC1=NN2C=C(F)C=NC2=C1C(=O)NC1=C(N2CCS(=O)(=O)CC2)C(F)=CN=C1,O=S1(=O)CCN([*:1])CC1,F[*:2],F[*:3],[H][*:4],44.42048838
NC1=NN2C=C(F)C=NC2=C1C(=O)NC1=C(C=CN=C1)N1CCN2C(COCC2=O)C1,O=C1COCC2CN([*:1])CCN12,[H][*:2],F[*:3],[H][*:4],43.834568299999994
NC1=NN2C=C(CC#N)C=NC2=C1C(=O)NC1=C(OC2CCCC2)C=CN=C1,C1CCC(O[*:1])C1,[H][*:2],N#CC[*:3],[H][*:4],43.51901229999999
CCOC1=C(NC(=O)C2=C3N=CC(F)=CN3N=C2N)C=NC=C1,CCO[*:1],[H][*:2],F[*:3],[H][*:4],43.35616116
COC1=C(NC(=O)C2=C3N=CC(=CN3N=C2N)C(C)C#N)C=NC=C1,CO[*:1],[H][*:2],CC(C#N)[*:3],[H][*:4],43.23756366
CCC(C#N)C1=CN2N=C(N)C(C(=O)NC3=C(OC)C=CN=C3)=C2N=C1,CO[*:1],[H][*:2],CCC(C#N)[*:3],[H][*:4],42.11273539
CCOC1=C(NC(=O)C2=C3N=CC(Cl)=CN3N=C2N)C=NC=C1,CCO[*:1],[H][*:2],Cl[*:3],[H][*:4],41.56212385
NC1=NN2C=C(F)C=NC2=C1C(=O)NC1=C(OC2CCOC2)C=CN=C1,C1CC(O[*:1])CO1,[H][*:2],F[*:3],[H][*:4],41.54719716
CC(=O)N1CCN(CC1)C1=C(NC(=O)C2=C3N=CC(F)=CN3N=C2N)C=NC=C1,CC(=O)N1CCN([*:1])CC1,[H][*:2],F[*:3],[H][*:4],41.41919201
NC1=NN2C=C(F)C=NC2=C1C(=O)NC1=C(C=CN=C1)N1C=CC=N1,c1cnn([*:1])c1,[H][*:2],F[*:3],[H][*:4],41.31435909
NC1=NN2C=C(Cl)C=NC2=C1C(=O)NC1=C(OCCO)C=CN=C1,OCCO[*:1],[H][*:2],Cl[*:3],[H][*:4],41.10184616
NC1=NN2C=C(CC#N)C=NC2=C1C(=O)NC1=C(C=CN=C1)N1CCCC1,C1CCN([*:1])C1,[H][*:2],N#CC[*:3],[H][*:4],39.84966099
NC1=NN2C=C(F)C=NC2=C1C(=O)NC1=C(C=CN=C1)N1CCS(=O)(=O)CC1,O=S1(=O)CCN([*:1])CC1,[H][*:2],F[*:3],[H][*:4],39.39089103
NC1=NN2C=C(F)C=NC2=C1C(=O)NC1=C(C=CN=C1)N1CCN2C(COC2=O)C1,O=C1OCC2CN([*:1])CCN12,[H][*:2],F[*:3],[H][*:4],39.21521614
NC1=NN2C=C(CC#N)C=NC2=C1C(=O)NC1=C(OC2CCCCC2)C=CN=C1,C1CCC(O[*:1])CC1,[H][*:2],N#CC[*:3],[H][*:4],39.0153069
CC(=O)N1CCN(CC1)C1=C(NC(=O)C2=C3N=CC(F)=CN3N=C2N)C=NC=C1F,CC(=O)N1CCN([*:1])CC1,F[*:2],F[*:3],[H][*:4],38.63438772
NC1=NN2C=C(Cl)C=NC2=C1C(=O)NC1=C(O[C@@H]2CCOC2)C=CN=C1,C1C[C@@H](O[*:1])CO1,[H][*:2],Cl[*:3],[H][*:4],38.59596663
CN1C=NC=C1C1=C(NC(=O)C2=C3N=CC(F)=CN3N=C2N)C=NC=C1F,Cn1cncc1[*:1],F[*:2],F[*:3],[H][*:4],38.03315469
COC(=O)C1CCN(CC1)C1=C(NC(=O)C2=C3N=CC(Cl)=CN3N=C2N)C=NC=C1,COC(=O)C1CCN([*:1])CC1,[H][*:2],Cl[*:3],[H][*:4],37.98968006
NC1=NN2C=C(Cl)C=NC2=C1C(=O)NC1=C(O[C@H]2CCOC2)C=CN=C1,C1C[C@H](O[*:1])CO1,[H][*:2],Cl[*:3],[H][*:4],37.96735395
NC1=NN2C=C(F)C=NC2=C1C(=O)NC1=C(C=CN=C1)N1CC2CCCN2C(=O)C1,O=C1CN([*:1])CC2CCCN12,[H][*:2],F[*:3],[H][*:4],37.89926625
NC1=NN2C=C(Cl)C=NC2=C1C(=O)NC1=C(OC2CCCOC2)C=CN=C1,C1COCC(O[*:1])C1,[H][*:2],Cl[*:3],[H][*:4],37.72267932
NC1=NN2C=C(Cl)C=NC2=C1C(=O)NC1=C(OCCCO)C=CN=C1,OCCCO[*:1],[H][*:2],Cl[*:3],[H][*:4],37.59730329
NC1=NN2C=C(F)C=NC2=C1C(=O)NC1=C(C=CN=C1)C1CC1,C1CC1[*:1],[H][*:2],F[*:3],[H][*:4],37.39326759
CC1=NC=NN1C1=C(NC(=O)C2=C3N=CC(F)=CN3N=C2N)C=NC=C1F,Cc1ncnn1[*:1],F[*:2],F[*:3],[H][*:4],37.18138412
NC1=NN2C=C(F)C=NC2=C1C(=O)NC1=C(OC2COC2)C=CN=C1,C1OCC1O[*:1],[H][*:2],F[*:3],[H][*:4],37.0240595
CC(C)OC1=C(NC(=O)C2=C3N=CC(CC#N)=CN3N=C2N)C=NC=C1,CC(C)O[*:1],[H][*:2],N#CC[*:3],[H][*:4],36.60284728
CC1=C(N=NC=C1)C1=C(NC(=O)C2=C3N=CC(F)=CN3N=C2N)C=NC=C1,Cc1ccnnc1[*:1],[H][*:2],F[*:3],[H][*:4],36.56365667
CC1=NC=NN1C1=C(NC(=O)C2=C3N=CC(F)=CN3N=C2N)C=NC=C1,Cc1ncnn1[*:1],[H][*:2],F[*:3],[H][*:4],36.46217021
CN1CCN(CC1=O)C1=C(NC(=O)C2=C3N=CC(F)=CN3N=C2N)C=NC=C1,CN1CCN([*:1])CC1=O,[H][*:2],F[*:3],[H][*:4],36.3795078
CC1=NN(C=C1)C1=C(NC(=O)C2=C3N=CC(F)=CN3N=C2N)C=NC=C1,Cc1ccn([*:1])n1,[H][*:2],F[*:3],[H][*:4],36.30214687
CS(=O)(=O)N1CCN(CC1)C1=C(NC(=O)C2=C3N=CC(F)=CN3N=C2N)C=NC=C1,CS(=O)(=O)N1CCN([*:1])CC1,[H][*:2],F[*:3],[H][*:4],36.17909753
CC(=O)N1CCC(CC1)C1=C(NC(=O)C2=C3N=CC(F)=CN3N=C2N)C=NC=C1,CC(=O)N1CCC([*:1])CC1,[H][*:2],F[*:3],[H][*:4],35.78550723
NC1=NN2C=C(Cl)C=NC2=C1C(=O)NC1=C(OC2CCOCC2)C=CN=C1,C1CC(O[*:1])CCO1,[H][*:2],Cl[*:3],[H][*:4],35.67041252
CN(C)C(=O)C1CCCN(C1)C1=C(NC(=O)C2=C3N=CC(F)=CN3N=C2N)C=NC=C1,CN(C)C(=O)C1CCCN([*:1])C1,[H][*:2],F[*:3],[H][*:4],35.59911217
NC1=NN2C=C(F)C=NC2=C1C(=O)NC1=C(OC2CC[S+]([O-])CC2)C=CN=C1,[O-][S+]1CCC(O[*:1])CC1,[H][*:2],F[*:3],[H][*:4],35.50003044
NC1=NN2C=C(F)C=NC2=C1C(=O)NC1=C(N2CCN3[C@H](CCCC3=O)C2)C(F)=CN=C1,O=C1CCC[C@@H]2CN([*:1])CCN12,F[*:2],F[*:3],[H][*:4],35.42888651
CC1=NN(C(C)=N1)C1=C(NC(=O)C2=C3N=CC(F)=CN3N=C2N)C=NC=C1,Cc1nc(C)n([*:1])n1,[H][*:2],F[*:3],[H][*:4],35.34462619
NC1=NN2C=C(F)C=NC2=C1C(=O)NC1=C(C=CN=C1)N1CCN(CC1)S(=O)(=O)C1CCOC1,O=S(=O)(C1CCOC1)N1CCN([*:1])CC1,[H][*:2],F[*:3],[H][*:4],35.27532691
NC1=NN2C=C(CC#N)C=NC2=C1C(=O)NC1=C(OC2=CC=CC=C2)C=CN=C1,c1ccc(O[*:1])cc1,[H][*:2],N#CC[*:3],[H][*:4],35.14976717
NC1=NN2C=C(Cl)C=NC2=C1C(=O)NC1=C(OCC(F)(F)F)C=CN=C1,FC(F)(F)CO[*:1],[H][*:2],Cl[*:3],[H][*:4],35.01979776
CC(C)(C)OC1=C(NC(=O)C2=C3N=CC(F)=CN3N=C2N)C=NC=C1,CC(C)(C)O[*:1],[H][*:2],F[*:3],[H][*:4],34.76992331
NC1=NN2C=C(F)C=NC2=C1C(=O)NC1=C(C=CN=C1)N1CCN2C(CCCC2=O)C1,O=C1CCCC2CN([*:1])CCN12,[H][*:2],F[*:3],[H][*:4],34.58150959
CS(=O)(=O)C1CCN(C1)C1=C(NC(=O)C2=C3N=CC(F)=CN3N=C2N)C=NC=C1Cl,CS(=O)(=O)C1CCN([*:1])C1,Cl[*:2],F[*:3],[H][*:4],34.29642037
NC1=NN2C=C(F)C=NC2=C1C(=O)NC1=C(C=CN=C1)N1CCN(CC1)S(=O)(=O)C1CCOCC1,O=S(=O)(C1CCOCC1)N1CCN([*:1])CC1,[H][*:2],F[*:3],[H][*:4],34.08076085
CN1CCN(CC1=O)C1=C(NC(=O)C2=C3N=CC(F)=CN3N=C2N)C=NC=C1F,CN1CCN([*:1])CC1=O,F[*:2],F[*:3],[H][*:4],33.63327178
CC1=CC=NN1C1=C(NC(=O)C2=C3N=CC(F)=CN3N=C2N)C=NC=C1,Cc1ccnn1[*:1],[H][*:2],F[*:3],[H][*:4],33.47173477
CC1(C)CCCN1C1=C(NC(=O)C2=C3N=CC(F)=CN3N=C2N)C=NC=C1,CC1(C)CCCN1[*:1],[H][*:2],F[*:3],[H][*:4],33.32004099
NC1=NN2C=C(F)C=NC2=C1C(=O)NC1=C(N2CCCC2)C(F)=CN=C1,C1CCN([*:1])C1,F[*:2],F[*:3],[H][*:4],33.20048667
CC1=NN=CN1C1=C(NC(=O)C2=C3N=CC(F)=CN3N=C2N)C=NC=C1,Cc1nncn1[*:1],[H][*:2],F[*:3],[H][*:4],33.12563074
COCCS(=O)(=O)C1CCN(CC1)C1=C(NC(=O)C2=C3N=CC(F)=CN3N=C2N)C=NC=C1,COCCS(=O)(=O)C1CCN([*:1])CC1,[H][*:2],F[*:3],[H][*:4],33.05104178
CS(=O)(=O)C1CCCN(C1)C1=C(NC(=O)C2=C3N=CC(F)=CN3N=C2N)C=NC=C1,CS(=O)(=O)C1CCCN([*:1])C1,[H][*:2],F[*:3],[H][*:4],32.91918404
NC1=NN2C=C(F)C=NC2=C1C(=O)NC1=C(OC2CCS(=O)(=O)CC2)C=CN=C1,O=S1(=O)CCC(O[*:1])CC1,[H][*:2],F[*:3],[H][*:4],32.4105947
NC1=NN2C=C(Cl)C=NC2=C1C(=O)NC1=C(C=CN=C1)N1CCS(=O)CC1,O=S1CCN([*:1])CC1,[H][*:2],Cl[*:3],[H][*:4],32.33924506
CN(C)C(=O)C1CCN(CC1)C1=C(NC(=O)C2=C3N=CC(F)=CN3N=C2N)C=NC=C1,CN(C)C(=O)C1CCN([*:1])CC1,[H][*:2],F[*:3],[H][*:4],32.0444994
CN(C)C(=O)C1CCN(CC1)C1=C(NC(=O)C2=C3N=CC(F)=CN3N=C2N)C=NC=C1F,CN(C)C(=O)C1CCN([*:1])CC1,F[*:2],F[*:3],[H][*:4],31.92766708
NC1=NN2C=C(F)C=NC2=C1C(=O)NC1=C(N2CCCC2)C(Cl)=CN=C1,C1CCN([*:1])C1,Cl[*:2],F[*:3],[H][*:4],31.87144655
NC1=NN2C=C(F)C=NC2=C1C(=O)NC1=C(N2CCC(CC2)C(=O)NC2COC2)C(F)=CN=C1,O=C(NC1COC1)C1CCN([*:1])CC1,F[*:2],F[*:3],[H][*:4],31.7108186
NC1=NN2C=C(F)C=NC2=C1C(=O)NC1=C(N2CCN3C(CCC3=O)C2)C(F)=CN=C1,O=C1CCC2CN([*:1])CCN12,F[*:2],F[*:3],[H][*:4],31.51135265
NC1=NN2C=C(F)C=NC2=C1C(=O)NC1=C(N2CC3CCCN3C(=O)C2)C(F)=CN=C1,O=C1CN([*:1])CC2CCCN12,F[*:2],F[*:3],[H][*:4],31.41380302
NC1=NN2C=C(CC#N)C=NC2=C1C(=O)NC1=C(C=CN=C1)C1=CC=CC=C1,c1ccc([*:1])cc1,[H][*:2],N#CC[*:3],[H][*:4],31.25354444
NC1=NN2C=C(CC#N)C=NC2=C1C(=O)NC1=C(C=CN=C1)N1CCCCC1,C1CCN([*:1])CC1,[H][*:2],N#CC[*:3],[H][*:4],31.21282364
NC1=NN2C=C(F)C=NC2=C1C(=O)NC1=C(C=CN=C1)N1CCN2[C@@H](CCC2=O)C1,O=C1CC[C@H]2CN([*:1])CCN12,[H][*:2],F[*:3],[H][*:4],30.98045611
CS(=O)(=O)C1CCN(CC1)C1=C(NC(=O)C2=C3N=CC(F)=CN3N=C2N)C=NC=C1F,CS(=O)(=O)C1CCN([*:1])CC1,F[*:2],F[*:3],[H][*:4],30.77256004
NC1=NN2C=C(F)C=NC2=C1C(=O)NC1=C(N2CCC(CC2)C(=O)N2CCOCC2)C(F)=CN=C1,O=C(C1CCN([*:1])CC1)N1CCOCC1,F[*:2],F[*:3],[H][*:4],30.76183056
NC1=NN2C=C(F)C=NC2=C1C(=O)NC1=C(N2CCN3C(CCCC3=O)C2)C(F)=CN=C1,O=C1CCCC2CN([*:1])CCN12,F[*:2],F[*:3],[H][*:4],30.73350827
NC1=NN2C=C(CC#N)C=NC2=C1C(=O)NC1=C(C=CN=C1)N1CCCCCC1,C1CCCN([*:1])CC1,[H][*:2],N#CC[*:3],[H][*:4],30.59630424
NC1=NN2C=C(F)C=NC2=C1C(=O)NC1=C(N2CCN3[C@@H](CCCC3=O)C2)C(F)=CN=C1,O=C1CCC[C@H]2CN([*:1])CCN12,F[*:2],F[*:3],[H][*:4],30.59594216
NC1=NN2C=C(F)C=NC2=C1C(=O)NC1=C(N2CCN(CC2)S(=O)(=O)C2CCOCC2)C(F)=CN=C1,O=S(=O)(C1CCOCC1)N1CCN([*:1])CC1,F[*:2],F[*:3],[H][*:4],30.56205757
NC1=NN2C=C(F)C=NC2=C1C(=O)NC1=C(N2CCN3[C@H](COC3=O)C2)C(F)=CN=C1,O=C1OC[C@@H]2CN([*:1])CCN12,F[*:2],F[*:3],[H][*:4],30.54846652
COC(=O)[C@H]1CC[C@@H](CC1)OC1=C(NC(=O)C2=C3N=CC(F)=CN3N=C2N)C=NC=C1,COC(=O)[C@H]1CC[C@H](O[*:1])CC1,[H][*:2],F[*:3],[H][*:4],30.444829499999997
NC1=NN2C=C(F)C=NC2=C1C(=O)NC1=C(C=CN=C1)N1CCN(CC1)S(=O)(=O)C1COC1,O=S(=O)(C1COC1)N1CCN([*:1])CC1,[H][*:2],F[*:3],[H][*:4],30.37968854
CC1(C)CN(CCS1(=O)=O)C1=C(NC(=O)C2=C3N=CC(F)=CN3N=C2N)C=NC=C1,CC1(C)CN([*:1])CCS1(=O)=O,[H][*:2],F[*:3],[H][*:4],30.14801542
COC1CCN(CC1)C1=C(NC(=O)C2=C3N=CC(F)=CN3N=C2N)C=NC=C1,COC1CCN([*:1])CC1,[H][*:2],F[*:3],[H][*:4],29.95251812
NC1=NN2C=C(F)C=NC2=C1C(=O)NC1=C(N2CCCCC2)C(F)=CN=C1,C1CCN([*:1])CC1,F[*:2],F[*:3],[H][*:4],29.94148978
COC1=CN=CC(NC(=O)C2=C3N=CC(F)=CN3N=C2N)=C1C1=CN=CC=C1,c1cncc([*:1])c1,CO[*:2],F[*:3],[H][*:4],29.78731062
CN1C=CC(=N1)C1=C(NC(=O)C2=C3N=CC(F)=CN3N=C2N)C=NC=C1,Cn1ccc([*:1])n1,[H][*:2],F[*:3],[H][*:4],29.63244963
CS(=O)(=O)C1CCN(CC1)C1=C(NC(=O)C2=C3N=CC(F)=CN3N=C2N)C=NC=C1,CS(=O)(=O)C1CCN([*:1])CC1,[H][*:2],F[*:3],[H][*:4],28.91501202
NC1=NN2C=C(F)C=NC2=C1C(=O)NC1=C(N2CCN3[C@H](CCC3=O)C2)C(F)=CN=C1,O=C1CC[C@@H]2CN([*:1])CCN12,F[*:2],F[*:3],[H][*:4],28.82793505
CN1N=NC=C1C1=C(NC(=O)C2=C3N=CC(F)=CN3N=C2N)C=NC=C1,Cn1nncc1[*:1],[H][*:2],F[*:3],[H][*:4],28.78406028
NC1=NN2C=C(F)C=NC2=C1C(=O)NC1=C(C=CN=C1)C1=CC=CC=C1,c1ccc([*:1])cc1,[H][*:2],F[*:3],[H][*:4],28.72350946
NC1=NN2C=C(F)C=NC2=C1C(=O)NC1=C(N2CCC(O)C2)C(Cl)=CN=C1,OC1CCN([*:1])C1,Cl[*:2],F[*:3],[H][*:4],28.65749777
CO[C@@H]1CCN(C1)C(=O)C1CCN(CC1)C1=C(NC(=O)C2=C3N=CC(F)=CN3N=C2N)C=NC=C1,CO[C@@H]1CCN(C(=O)C2CCN([*:1])CC2)C1,[H][*:2],F[*:3],[H][*:4],28.6296403
NC1=NN2C=C(F)C=NC2=C1C(=O)NC1=C(N2CC[C@H](C2)C#N)C(Cl)=CN=C1,N#C[C@@H]1CCN([*:1])C1,Cl[*:2],F[*:3],[H][*:4],28.462411100000004
NC1=NN2C=C(F)C=NC2=C1C(=O)NC1=C(C=CN=C1)N1CCCCCC1,C1CCCN([*:1])CC1,[H][*:2],F[*:3],[H][*:4],28.42166635
CC1=NN(C=N1)C1=C(NC(=O)C2=C3N=CC(F)=CN3N=C2N)C=NC=C1,Cc1ncn([*:1])n1,[H][*:2],F[*:3],[H][*:4],28.36882305
NC1=NN2C=C(F)C=NC2=C1C(=O)NC1=C(C=CN=C1)N1CCN2[C@@H](CCS2(=O)=O)C1,O=S1(=O)CC[C@H]2CN([*:1])CCN21,[H][*:2],F[*:3],[H][*:4],28.34000093
NC1=NN2C=C(F)C=NC2=C1C(=O)NC1=C(N2CCN(CC2)C(=O)C2CCOC2)C(F)=CN=C1,O=C(C1CCOC1)N1CCN([*:1])CC1,F[*:2],F[*:3],[H][*:4],28.20682449
NC1=NN2C=C(F)C=NC2=C1C(=O)NC1=C(C=CN=C1)N1CCCCC1,C1CCN([*:1])CC1,[H][*:2],F[*:3],[H][*:4],28.02989496
COCC1CN(C1)C(=O)C1CCN(CC1)C1=C(NC(=O)C2=C3N=CC(F)=CN3N=C2N)C=NC=C1F,COCC1CN(C(=O)C2CCN([*:1])CC2)C1,F[*:2],F[*:3],[H][*:4],28.026949
CS(=O)(=O)C1CN(C1)C(=O)C1CCN(CC1)C1=C(NC(=O)C2=C3N=CC(F)=CN3N=C2N)C=NC=C1F,CS(=O)(=O)C1CN(C(=O)C2CCN([*:1])CC2)C1,F[*:2],F[*:3],[H][*:4],27.81610185
COC(=O)N1CCN(CC1)C1=C(NC(=O)C2=C3N=CC(F)=CN3N=C2N)C=NC=C1F,COC(=O)N1CCN([*:1])CC1,F[*:2],F[*:3],[H][*:4],27.7973667
NC1=NN2C=C(F)C=NC2=C1C(=O)NC1=C(C=CN=C1)C1=C(O)N=CC=C1,Oc1ncccc1[*:1],[H][*:2],F[*:3],[H][*:4],27.769981
NC1=NN2C=C(F)C=NC2=C1C(=O)NC1=C(C=CN=C1)N1CCN2[C@H](CCC2=O)C1,O=C1CC[C@@H]2CN([*:1])CCN12,[H][*:2],F[*:3],[H][*:4],27.70279785
NC1=NN2C=C(F)C=NC2=C1C(=O)NC1=C(C=CN=C1)N1CCCC2(COC2)C1,C1CN([*:1])CC2(C1)COC2,[H][*:2],F[*:3],[H][*:4],27.65593495
COCCN(C)C(=O)C1CCN(CC1)C1=C(NC(=O)C2=C3N=CC(F)=CN3N=C2N)C=NC=C1F,COCCN(C)C(=O)C1CCN([*:1])CC1,F[*:2],F[*:3],[H][*:4],27.65409705
NC1=NN2C=C(F)C=NC2=C1C(=O)NC1=C(C=CN=C1)N1CCC(CC1)C(=O)N1CCOCC1,O=C(C1CCN([*:1])CC1)N1CCOCC1,[H][*:2],F[*:3],[H][*:4],27.61989946
CC1=C(C=CN=N1)C1=C(NC(=O)C2=C3N=CC(F)=CN3N=C2N)C=NC=C1,Cc1nnccc1[*:1],[H][*:2],F[*:3],[H][*:4],27.44109034
COC1CN(C1)C(=O)C1CCN(CC1)C1=C(NC(=O)C2=C3N=CC(F)=CN3N=C2N)C=NC=C1F,COC1CN(C(=O)C2CCN([*:1])CC2)C1,F[*:2],F[*:3],[H][*:4],26.95916736
NC1=NN2C=C(F)C=NC2=C1C(=O)NC1=C(C=CN=C1)N1CCN(CC1)C(=O)C1COC1,O=C(C1COC1)N1CCN([*:1])CC1,[H][*:2],F[*:3],[H][*:4],26.88846511
CS(=O)(=O)C1CN(C1)C(=O)C1CCN(CC1)C1=C(NC(=O)C2=C3N=CC(F)=CN3N=C2N)C=NC=C1,CS(=O)(=O)C1CN(C(=O)C2CCN([*:1])CC2)C1,[H][*:2],F[*:3],[H][*:4],26.83169306
NC1=NN2C=C(F)C=NC2=C1C(=O)NC1=C(OC2=CN=CC=C2)C=CN=C1,c1cncc(O[*:1])c1,[H][*:2],F[*:3],[H][*:4],26.82994834
CO[C@H]1CCN(C1)C(=O)C1CCN(CC1)C1=C(NC(=O)C2=C3N=CC(F)=CN3N=C2N)C=NC=C1F,CO[C@H]1CCN(C(=O)C2CCN([*:1])CC2)C1,F[*:2],F[*:3],[H][*:4],26.48796922
NC1=NN2C=C(F)C=NC2=C1C(=O)NC1=C(C=CN=C1)C1=CC=NN=C1,c1cc([*:1])cnn1,[H][*:2],F[*:3],[H][*:4],26.45242739
COCC1CCN(CC1)C1=C(NC(=O)C2=C3N=CC(F)=CN3N=C2N)C=NC=C1,COCC1CCN([*:1])CC1,[H][*:2],F[*:3],[H][*:4],26.34605102
COC1(C)CN(C1)C(=O)C1CCN(CC1)C1=C(NC(=O)C2=C3N=CC(F)=CN3N=C2N)C=NC=C1,COC1(C)CN(C(=O)C2CCN([*:1])CC2)C1,[H][*:2],F[*:3],[H][*:4],26.17182807
COC(=O)[C@@H]1CC[C@@H](CC1)OC1=C(NC(=O)C2=C3N=CC(F)=CN3N=C2N)C=NC=C1,COC(=O)[C@H]1CC[C@@H](O[*:1])CC1,[H][*:2],F[*:3],[H][*:4],26.14307292
COC1(C)CN(C1)C(=O)C1CCN(CC1)C1=C(NC(=O)C2=C3N=CC(F)=CN3N=C2N)C=NC=C1F,COC1(C)CN(C(=O)C2CCN([*:1])CC2)C1,F[*:2],F[*:3],[H][*:4],26.08790985
CN1N=CN=C1C1=C(NC(=O)C2=C3N=CC(F)=CN3N=C2N)C=NC=C1,Cn1ncnc1[*:1],[H][*:2],F[*:3],[H][*:4],25.99109102
COC1CN(C1)C(=O)C1CCN(CC1)C1=C(NC(=O)C2=C3N=CC(F)=CN3N=C2N)C=NC=C1,COC1CN(C(=O)C2CCN([*:1])CC2)C1,[H][*:2],F[*:3],[H][*:4],25.80908751
CO[C@H]1CCN(C1)C(=O)C1CCN(CC1)C1=C(NC(=O)C2=C3N=CC(F)=CN3N=C2N)C=NC=C1,CO[C@H]1CCN(C(=O)C2CCN([*:1])CC2)C1,[H][*:2],F[*:3],[H][*:4],25.78396575
NC1=NN2C=C(Cl)C=NC2=C1C(=O)NC1=C(C=CN=C1)N1C=CN=C1,c1cn([*:1])cn1,[H][*:2],Cl[*:3],[H][*:4],25.75330001
NC1=NN2C=C(Cl)C=NC2=C1C(=O)NC1=C(OC2=CN=CC=C2)C=CN=C1,c1cncc(O[*:1])c1,[H][*:2],Cl[*:3],[H][*:4],25.56736357
COC1CCN(CC1)C1=C(NC(=O)C2=C3N=CC(Cl)=CN3N=C2N)C=NC=C1,COC1CCN([*:1])CC1,[H][*:2],Cl[*:3],[H][*:4],25.37013081
CC1=C(N=CC=C1)C1=C(NC(=O)C2=C3N=CC(F)=CN3N=C2N)C=NC=C1,Cc1cccnc1[*:1],[H][*:2],F[*:3],[H][*:4],25.36330307
CN(C)C(=O)[C@@H]1CC[C@@H](CC1)OC1=C(NC(=O)C2=C3N=CC(F)=CN3N=C2N)C=NC=C1,CN(C)C(=O)[C@H]1CC[C@@H](O[*:1])CC1,[H][*:2],F[*:3],[H][*:4],25.24620218
CC1(CCN(CC1)C1=C(NC(=O)C2=C3N=CC(F)=CN3N=C2N)C=NC=C1)S(C)(=O)=O,CC1(S(C)(=O)=O)CCN([*:1])CC1,[H][*:2],F[*:3],[H][*:4],25.06284509
CN1CC2(CCN(CC2)C2=C(NC(=O)C3=C4N=CC(F)=CN4N=C3N)C=NC=C2)CCC1=O,CN1CC2(CCC1=O)CCN([*:1])CC2,[H][*:2],F[*:3],[H][*:4],24.98154814
NC1=NN2C=C(F)C=NC2=C1C(=O)NC1=C(C=CN=C1)C1=CC=CC=N1,c1ccc([*:1])nc1,[H][*:2],F[*:3],[H][*:4],24.9346423
CS(=O)(=O)CC1CCN(CC1)C1=C(NC(=O)C2=C3N=CC(F)=CN3N=C2N)C=NC=C1,CS(=O)(=O)CC1CCN([*:1])CC1,[H][*:2],F[*:3],[H][*:4],24.90385753
NC1=NN2C=C(F)C=NC2=C1C(=O)NC1=C(N2CCN(CC2)S(=O)(=O)C2COC2)C(F)=CN=C1,O=S(=O)(C1COC1)N1CCN([*:1])CC1,F[*:2],F[*:3],[H][*:4],24.86765316
NC1=NN2C=C(F)C=NC2=C1C(=O)NC1=C(N2CCN(CC2)C(=O)C2COC2)C(F)=CN=C1,O=C(C1COC1)N1CCN([*:1])CC1,F[*:2],F[*:3],[H][*:4],24.76178591
CC(=O)N1CCCC11CCN(CC1)C1=C(NC(=O)C2=C3N=CC(F)=CN3N=C2N)C=NC=C1,CC(=O)N1CCCC12CCN([*:1])CC2,[H][*:2],F[*:3],[H][*:4],24.64613393
CC1=C(C=NC=C1)C1=C(NC(=O)C2=C3N=CC(F)=CN3N=C2N)C=NC=C1,Cc1ccncc1[*:1],[H][*:2],F[*:3],[H][*:4],24.58726509
NC1=NN2C=C(F)C=NC2=C1C(=O)NC1=C(N2CCC(CC2)C(=O)N2CC(O)C2)C(F)=CN=C1,O=C(C1CCN([*:1])CC1)N1CC(O)C1,F[*:2],F[*:3],[H][*:4],24.54752731
CC1=CC=NN1C1=C(NC(=O)C2=C3N=CC(F)=CN3N=C2N)C=NC=C1C,Cc1ccnn1[*:1],C[*:2],F[*:3],[H][*:4],24.47361456
NC1=NN2C=C(F)C=NC2=C1C(=O)NC1=C(C=CN=C1)N1C=CN=C1,c1cn([*:1])cn1,[H][*:2],F[*:3],[H][*:4],24.07166582
CNC(=O)C1CCN(CC1)C1=C(NC(=O)C2=C3N=CC(F)=CN3N=C2N)C=NC=C1F,CNC(=O)C1CCN([*:1])CC1,F[*:2],F[*:3],[H][*:4],24.05636212
CN(C)S(=O)(=O)C1CCN(CC1)C1=C(NC(=O)C2=C3N=CC(F)=CN3N=C2N)C=NC=C1F,CN(C)S(=O)(=O)C1CCN([*:1])CC1,F[*:2],F[*:3],[H][*:4],23.91524893
NC1=NN2C=C(F)C=NC2=C1C(=O)NC1=C(C=CN=C1)N1CCC(CC1)S(=O)(=O)N1CCOCC1,O=S(=O)(C1CCN([*:1])CC1)N1CCOCC1,[H][*:2],F[*:3],[H][*:4],23.80740945
CCOC1CN(C1)C(=O)C1CCN(CC1)C1=C(NC(=O)C2=C3N=CC(F)=CN3N=C2N)C=NC=C1,CCOC1CN(C(=O)C2CCN([*:1])CC2)C1,[H][*:2],F[*:3],[H][*:4],23.77497658
NC1=NN2C=C(F)C=NC2=C1C(=O)NC1=C(N2CCN(CC2)S(=O)(=O)C2CC2)C(F)=CN=C1,O=S(=O)(C1CC1)N1CCN([*:1])CC1,F[*:2],F[*:3],[H][*:4],23.51557282
NC1=NN2C=C(F)C=NC2=C1C(=O)NC1=C(C=CN=C1)C1=CN=CN=C1,c1ncc([*:1])cn1,[H][*:2],F[*:3],[H][*:4],23.42019026
NC1=NN2C=C(F)C=NC2=C1C(=O)NC1=C(N2CCC(CC2)S(=O)(=O)N2CCOCC2)C(F)=CN=C1,O=S(=O)(C1CCN([*:1])CC1)N1CCOCC1,F[*:2],F[*:3],[H][*:4],23.35250762
NC1=NN2C=C(F)C=NC2=C1C(=O)NC1=C(C=CN=C1)C1=C(Cl)N=CC=C1,Clc1ncccc1[*:1],[H][*:2],F[*:3],[H][*:4],23.35195575
NC1=NN2C=C(F)C=NC2=C1C(=O)NC1=C(C=CN=C1)N1CCC(CC1)S(=O)(=O)N1CCC1,O=S(=O)(C1CCN([*:1])CC1)N1CCC1,[H][*:2],F[*:3],[H][*:4],23.16755209
NC1=NN2C=C(F)C=NC2=C1C(=O)NC1=C(C=CN=C1)C1=C(F)N=CC=C1,Fc1ncccc1[*:1],[H][*:2],F[*:3],[H][*:4],23.14633853
NC1=NN2C=C(F)C=NC2=C1C(=O)NC1=C(N2CCC(CC2)C(=O)N2CC(C2)C#N)C(F)=CN=C1,N#CC1CN(C(=O)C2CCN([*:1])CC2)C1,F[*:2],F[*:3],[H][*:4],23.04501453
NC1=NN2C=C(F)C=NC2=C1C(=O)NC1=C(C=CN=C1)C1CCN(CC1)C(=O)C1(CC1)C#N,N#CC1(C(=O)N2CCC([*:1])CC2)CC1,[H][*:2],F[*:3],[H][*:4],22.99546891
NC1=NN2C=C(F)C=NC2=C1C(=O)NC1=C(C=CN=C1)N1CCC(CC1)C(=O)N1CCCC1,O=C(C1CCN([*:1])CC1)N1CCCC1,[H][*:2],F[*:3],[H][*:4],22.99115404
NC1=NN2C=C(F)C=NC2=C1C(=O)NC1=C(C=CN=C1)N1CCC(CC1)C(=O)N1CC(F)(F)C1,O=C(C1CCN([*:1])CC1)N1CC(F)(F)C1,[H][*:2],F[*:3],[H][*:4],22.97408036
NC1=NN2C=C(F)C=NC2=C1C(=O)NC1=C(C=CN=C1)N1CCN(CC1)S(=O)(=O)C1CC1,O=S(=O)(C1CC1)N1CCN([*:1])CC1,[H][*:2],F[*:3],[H][*:4],22.92359453
NC1=NN2C=C(F)C=NC2=C1C(=O)NC1=C(N2CCC(CC2)C(=O)N2CCC2)C(F)=CN=C1,O=C(C1CCN([*:1])CC1)N1CCC1,F[*:2],F[*:3],[H][*:4],22.82687431
NC1=NN2C=C(Cl)C=NC2=C1C(=O)NC1=C(OCCN2CCOCC2)C=CN=C1,C1CN(CCO[*:1])CCO1,[H][*:2],Cl[*:3],[H][*:4],22.75130165
NC1=NN2C=C(F)C=NC2=C1C(=O)NC1=C(C=CN=C1)N1CCC(CC1)C(=O)N1CC(C1)C#N,N#CC1CN(C(=O)C2CCN([*:1])CC2)C1,[H][*:2],F[*:3],[H][*:4],22.74086658
CN1C(=O)CCC11CCN(CC1)C1=C(NC(=O)C2=C3N=CC(F)=CN3N=C2N)C=NC=C1,CN1C(=O)CCC12CCN([*:1])CC2,[H][*:2],F[*:3],[H][*:4],22.69432008
CN1CCN(CC11CCOCC1)C1=C(NC(=O)C2=C3N=CC(F)=CN3N=C2N)C=NC=C1,CN1CCN([*:1])CC12CCOCC2,[H][*:2],F[*:3],[H][*:4],22.67574515
CC1=C(C=CC=N1)C1=C(NC(=O)C2=C3N=CC(F)=CN3N=C2N)C=NC=C1,Cc1ncccc1[*:1],[H][*:2],F[*:3],[H][*:4],22.64046559
CC1=C(N=CN=C1)C1=C(NC(=O)C2=C3N=CC(F)=CN3N=C2N)C=NC=C1,Cc1cncnc1[*:1],[H][*:2],F[*:3],[H][*:4],22.58815829
CN1CC2(CCN(CC2)C2=C(NC(=O)C3=C4N=CC(F)=CN4N=C3N)C=NC=C2)OC1=O,CN1CC2(CCN([*:1])CC2)OC1=O,[H][*:2],F[*:3],[H][*:4],22.5333546
CC1=NC=CN=C1C1=C(NC(=O)C2=C3N=CC(F)=CN3N=C2N)C=NC=C1,Cc1nccnc1[*:1],[H][*:2],F[*:3],[H][*:4],22.23468919
CC1(O)CN(C1)C(=O)C1CCN(CC1)C1=C(NC(=O)C2=C3N=CC(F)=CN3N=C2N)C=NC=C1F,CC1(O)CN(C(=O)C2CCN([*:1])CC2)C1,F[*:2],F[*:3],[H][*:4],22.18891771
NC1=NN2C=C(F)C=NC2=C1C(=O)NC1=C(C=CN=C1)C1=CN=CC=C1,c1cncc([*:1])c1,[H][*:2],F[*:3],[H][*:4],22.000107699999997
CN1C(=O)C=CC=C1C1=C(NC(=O)C2=C3N=CC(F)=CN3N=C2N)C=NC=C1,Cn1c([*:1])cccc1=O,[H][*:2],F[*:3],[H][*:4],21.96829825
CC(C)(C)NC(=O)C1CCN(CC1)C1=C(NC(=O)C2=C3N=CC(F)=CN3N=C2N)C=NC=C1F,CC(C)(C)NC(=O)C1CCN([*:1])CC1,F[*:2],F[*:3],[H][*:4],21.84155586
CN1CC2(CC1=O)CCN(CC2)C1=C(NC(=O)C2=C3N=CC(F)=CN3N=C2N)C=NC=C1,CN1CC2(CCN([*:1])CC2)CC1=O,[H][*:2],F[*:3],[H][*:4],21.73359085
CN1CC2(CCN(CC2)C2=C(NC(=O)C3=C4N=CC(F)=CN4N=C3N)C=NC=C2F)OC1=O,CN1CC2(CCN([*:1])CC2)OC1=O,F[*:2],F[*:3],[H][*:4],21.62325582
CC1=C(C=CN=C1)C1=C(NC(=O)C2=C3N=CC(F)=CN3N=C2N)C=NC=C1,Cc1cnccc1[*:1],[H][*:2],F[*:3],[H][*:4],21.603909899999998
CN1N=CC=C1C1=C(NC(=O)C2=C3N=CC(F)=CN3N=C2N)C=NC=C1,Cn1nccc1[*:1],[H][*:2],F[*:3],[H][*:4],21.51137061
CC1(O)CCN(CC1)C1=C(NC(=O)C2=C3N=CC(Cl)=CN3N=C2N)C=NC=C1,CC1(O)CCN([*:1])CC1,[H][*:2],Cl[*:3],[H][*:4],21.49966887
CN1C=C(C(C)=N1)C1=C(NC(=O)C2=C3N=CC(F)=CN3N=C2N)C=NC=C1,Cc1nn(C)cc1[*:1],[H][*:2],F[*:3],[H][*:4],21.45110521
NC1=NN2C=C(F)C=NC2=C1C(=O)NC1=C(N2CCC(CC2)C(=O)N2CC(F)(F)C2)C(F)=CN=C1,O=C(C1CCN([*:1])CC1)N1CC(F)(F)C1,F[*:2],F[*:3],[H][*:4],21.35628286
NC1=NN2C=C(F)C=NC2=C1C(=O)NC1=C(C=CN=C1)N1C=CN=C1C(F)(F)F,FC(F)(F)c1nccn1[*:1],[H][*:2],F[*:3],[H][*:4],21.2000128
NC1=NN2C=C(F)C=NC2=C1C(=O)NC1=C(N2CCC(CC2)S(=O)(=O)N2CCC2)C(F)=CN=C1,O=S(=O)(C1CCN([*:1])CC1)N1CCC1,F[*:2],F[*:3],[H][*:4],21.11942345
CC(C)(O)C1CCN(CC1)C1=C(NC(=O)C2=C3N=CC(Cl)=CN3N=C2N)C=NC=C1,CC(C)(O)C1CCN([*:1])CC1,[H][*:2],Cl[*:3],[H][*:4],21.095293899999998
NC1=NN2C=C(F)C=NC2=C1C(=O)NC1=C(C=CN=C1)N1CCN2CCOCC2C1,C1CN2CCN([*:1])CC2CO1,[H][*:2],F[*:3],[H][*:4],21.07459131
NC1=NN2C=C(F)C=NC2=C1C(=O)NC1=C(C=CN=C1)C1CCN(CC1)C(=O)C1CC1,O=C(C1CC1)N1CCC([*:1])CC1,[H][*:2],F[*:3],[H][*:4],21.06459689
CS(=O)(=O)C1=CC=C(C=C1)C1=C(NC(=O)C2=C3N=CC(F)=CN3N=C2N)C=NC=C1,CS(=O)(=O)c1ccc([*:1])cc1,[H][*:2],F[*:3],[H][*:4],20.93436211
NC1=NN2C=C(F)C=NC2=C1C(=O)NC1=C(C=CN=C1)N1CCC(CC1)C(=O)N1CCC1,O=C(C1CCN([*:1])CC1)N1CCC1,[H][*:2],F[*:3],[H][*:4],20.75727723
COCC1CN(CCN1C)C1=C(NC(=O)C2=C3N=CC(Cl)=CN3N=C2N)C=NC=C1,COCC1CN([*:1])CCN1C,[H][*:2],Cl[*:3],[H][*:4],20.55747434
NCCOC1=C(NC(=O)C2=C3N=CC(CC#N)=CN3N=C2N)C=NC=C1,NCCO[*:1],[H][*:2],N#CC[*:3],[H][*:4],20.52036677
NC1=NN2C=C(F)C=NC2=C1C(=O)NC1=C(N2CCN(CC(=O)N3CCC3)CC2)C(F)=CN=C1,O=C(CN1CCN([*:1])CC1)N1CCC1,F[*:2],F[*:3],[H][*:4],20.49109469
NC1=NN2C=C(F)C=NC2=C1C(=O)NC1=C(C=CN=C1)N1CCC(CC1)C(=O)N1CCC2(COC2)C1,O=C(C1CCN([*:1])CC1)N1CCC2(COC2)C1,[H][*:2],F[*:3],[H][*:4],20.45052544
NC1=NN2C=C(F)C=NC2=C1C(=O)NC1=C(C=CN=C1)C1CCN(CC1)S(=O)(=O)C1CC1,O=S(=O)(C1CC1)N1CCC([*:1])CC1,[H][*:2],F[*:3],[H][*:4],20.17772646
NC1=NN2C=C(F)C=NC2=C1C(=O)NC1=C(N2CCN(CC2)C(=O)C2CC2)C(F)=CN=C1,O=C(C1CC1)N1CCN([*:1])CC1,F[*:2],F[*:3],[H][*:4],19.95704055
CC1=C(C=CC(F)=N1)C1=C(NC(=O)C2=C3N=CC(F)=CN3N=C2N)C=NC=C1,Cc1nc(F)ccc1[*:1],[H][*:2],F[*:3],[H][*:4],19.93585348
CC1=NC=CN1C1=C(NC(=O)C2=C3N=CC(F)=CN3N=C2N)C=NC=C1,Cc1nccn1[*:1],[H][*:2],F[*:3],[H][*:4],19.91862042
CN1CCN(CC1)C1=C(NC(=O)C2=C3N=CC(CC#N)=CN3N=C2N)C=NC=C1,CN1CCN([*:1])CC1,[H][*:2],N#CC[*:3],[H][*:4],19.88697683
CN1CCN2CCN(CC2C1=O)C1=C(NC(=O)C2=C3N=CC(F)=CN3N=C2N)C=NC=C1,CN1CCN2CCN([*:1])CC2C1=O,[H][*:2],F[*:3],[H][*:4],19.83369725
CN1CCC(CC1)C1=C(NC(=O)C2=C3N=CC(F)=CN3N=C2N)C=NC=C1,CN1CCC([*:1])CC1,[H][*:2],F[*:3],[H][*:4],19.79363943
NC1=NN2C=C(Cl)C=NC2=C1C(=O)NC1=C(C=CN=C1)N1C2CCC1CC(O)C2,OC1CC2CCC(C1)N2[*:1],[H][*:2],Cl[*:3],[H][*:4],19.73383875
CN1CCN(CC1CO)C1=C(NC(=O)C2=C3N=CC(Cl)=CN3N=C2N)C=NC=C1,CN1CCN([*:1])CC1CO,[H][*:2],Cl[*:3],[H][*:4],19.56282189
CC1=NN=C(O1)N1CCN(CC1)C1=C(NC(=O)C2=C3N=CC(F)=CN3N=C2N)C=NC=C1,Cc1nnc(N2CCN([*:1])CC2)o1,[H][*:2],F[*:3],[H][*:4],19.35962175
NC1=NN2C=C(F)C=NC2=C1C(=O)NC1=C(N2CCC(CC2)C(=O)N2CC(F)C2)C(F)=CN=C1,O=C(C1CCN([*:1])CC1)N1CC(F)C1,F[*:2],F[*:3],[H][*:4],19.35239359
CC(=O)N1CCC2(C1)CCN(CC2)C1=C(NC(=O)C2=C3N=CC(F)=CN3N=C2N)C=NC=C1,CC(=O)N1CCC2(CCN([*:1])CC2)C1,[H][*:2],F[*:3],[H][*:4],19.15531923
NC1=NN2C=C(F)C=NC2=C1C(=O)NC1=C(N2CCN3CCOC[C@H]3C2)C(F)=CN=C1,C1CN2CCN([*:1])C[C@@H]2CO1,F[*:2],F[*:3],[H][*:4],19.14728032
NC1=NN2C=C(F)C=NC2=C1C(=O)NC1=C(C=CN=C1)N1CCN2CCOC[C@H]2C1,C1CN2CCN([*:1])C[C@@H]2CO1,[H][*:2],F[*:3],[H][*:4],19.06023355
COC1=NC=C(C=C1)C1=C(NC(=O)C2=C3N=CC(F)=CN3N=C2N)C=NC=C1,COc1ccc([*:1])cn1,[H][*:2],F[*:3],[H][*:4],19.01413369
NC1=NN2C=C(F)C=NC2=C1C(=O)NC1=C(C=CN=C1)C1CCN(CC1)C1COC1,C1OCC1N1CCC([*:1])CC1,[H][*:2],F[*:3],[H][*:4],18.98081653
NC1=NN2C=C(F)C=NC2=C1C(=O)NC1=C(N2CCC3(COC3)CC2)C(F)=CN=C1,C1CC2(CCN1[*:1])COC2,F[*:2],F[*:3],[H][*:4],18.96046253
CN1C=C(C=CC1=O)C1=C(NC(=O)C2=C3N=CC(F)=CN3N=C2N)C=NC=C1,Cn1cc([*:1])ccc1=O,[H][*:2],F[*:3],[H][*:4],18.83198091
CC1=C(C)N(C=N1)C1=C(NC(=O)C2=C3N=CC(F)=CN3N=C2N)C=NC=C1,Cc1ncn([*:1])c1C,[H][*:2],F[*:3],[H][*:4],18.81652344
NC1=NN2C=C(F)C=NC2=C1C(=O)NC1=C(C=CN=C1)N1CCC(CC1)C(=O)N1CC2(COC2)C1,O=C(C1CCN([*:1])CC1)N1CC2(COC2)C1,[H][*:2],F[*:3],[H][*:4],18.76286713
CN1CCC(CC1)C1=C(NC(=O)C2=C3N=CC(F)=CN3N=C2N)C=NC=C1F,CN1CCC([*:1])CC1,F[*:2],F[*:3],[H][*:4],18.76251683
NC1=NN2C=C(Cl)C=NC2=C1C(=O)NC1=C(C=CN=C1)N1CCN2C=CN=C2C1,c1cn2c(n1)CN([*:1])CC2,[H][*:2],Cl[*:3],[H][*:4],18.72671651
NC1=NN2C=C(F)C=NC2=C1C(=O)NC1=C(N2CCC(CC2)C(=O)N2CC3(COC3)C2)C(F)=CN=C1,O=C(C1CCN([*:1])CC1)N1CC2(COC2)C1,F[*:2],F[*:3],[H][*:4],18.70266075
NC1=NN2C=C(F)C=NC2=C1C(=O)NC1=C(C=CN=C1)C1=CC=NC=C1,c1cc([*:1])ccn1,[H][*:2],F[*:3],[H][*:4],18.67892965
NC1=NN2C=C(F)C=NC2=C1C(=O)NC1=C(C=CN=C1)N1CCC(CC1)C(=O)N1CC2(CCO2)C1,O=C(C1CCN([*:1])CC1)N1CC2(CCO2)C1,[H][*:2],F[*:3],[H][*:4],18.60109946
CN1C=CN=C1C1=C(NC(=O)C2=C3N=CC(F)=CN3N=C2N)C=NC=C1,Cn1ccnc1[*:1],[H][*:2],F[*:3],[H][*:4],18.5252231
NC1=NN2C=C(F)C=NC2=C1C(=O)NC1=C(N2CCC(CC2)N2CCCC2=O)C(F)=CN=C1,O=C1CCCN1C1CCN([*:1])CC1,F[*:2],F[*:3],[H][*:4],18.3461154
NC1=NN2C=C(F)C=NC2=C1C(=O)NC1=C(C=CN=C1)N1CCC(CC1)C(=O)N1CC(F)C1,O=C(C1CCN([*:1])CC1)N1CC(F)C1,[H][*:2],F[*:3],[H][*:4],18.26439924
CN1CCN(CC1)C1=C(NC(=O)C2=C3N=CC(F)=CN3N=C2N)C=NC=C1F,CN1CCN([*:1])CC1,F[*:2],F[*:3],[H][*:4],18.25751902
NC1=NN2C=C(F)C=NC2=C1C(=O)NC1=C(C=CN=C1)N1CCC(CC1)N1CCCC1=O,O=C1CCCN1C1CCN([*:1])CC1,[H][*:2],F[*:3],[H][*:4],18.23560741
NC1=NN2C=C(F)C=NC2=C1C(=O)NC1=C(C=CN=C1)N1C=NC(=C1)C(F)(F)F,FC(F)(F)c1cn([*:1])cn1,[H][*:2],F[*:3],[H][*:4],17.98030987
NC1=NN2C=C(F)C=NC2=C1C(=O)NC1=C(N2CCN3CCOC[C@@H]3C2)C(F)=CN=C1,C1CN2CCN([*:1])C[C@H]2CO1,F[*:2],F[*:3],[H][*:4],17.87500744
NC1=NN2C=C(F)C=NC2=C1C(=O)NC1=C(C=CN=C1)N1CCC2(COC2)CC1,C1CC2(CCN1[*:1])COC2,[H][*:2],F[*:3],[H][*:4],17.74488357
CN1CCN(CC1)C1=C(NC(=O)C2=C3N=CC(CC#N)=CN3N=C2N)C=NC=C1F,CN1CCN([*:1])CC1,F[*:2],N#CC[*:3],[H][*:4],17.72143153
CN1CC(C1)NC(=O)C1CCN(CC1)C1=C(NC(=O)C2=C3N=CC(F)=CN3N=C2N)C=NC=C1F,CN1CC(NC(=O)C2CCN([*:1])CC2)C1,F[*:2],F[*:3],[H][*:4],17.70840849
CN1CCC[C@@H]1COC1=C(NC(=O)C2=C3N=CC(Cl)=CN3N=C2N)C=NC=C1,CN1CCC[C@@H]1CO[*:1],[H][*:2],Cl[*:3],[H][*:4],17.66049272
CN1CCC[C@H]1COC1=C(NC(=O)C2=C3N=CC(Cl)=CN3N=C2N)C=NC=C1,CN1CCC[C@H]1CO[*:1],[H][*:2],Cl[*:3],[H][*:4],17.55042949
CN1CCN(CC1)C1=C(NC(=O)C2=C3N=CC(F)=CN3N=C2N)C=NC=C1,CN1CCN([*:1])CC1,[H][*:2],F[*:3],[H][*:4],17.50767391
NC1=NN2C=C(F)C=NC2=C1C(=O)NC1=C(N2CCN(CC2)[C@H]2CCOC2)C(F)=CN=C1,C1C[C@H](N2CCN([*:1])CC2)CO1,F[*:2],F[*:3],[H][*:4],17.47373739
CN1CCN(CC1)C1=C(NC(=O)C2=C3N=CC(F)=CN3N=C2N)C=NC=C1Cl,CN1CCN([*:1])CC1,Cl[*:2],F[*:3],[H][*:4],17.45444718
CN1C[C@@H]2CCN(C[C@@H]2C1=O)C1=C(NC(=O)C2=C3N=CC(F)=CN3N=C2N)C=NC=C1,CN1C[C@@H]2CCN([*:1])C[C@@H]2C1=O,[H][*:2],F[*:3],[H][*:4],17.17084895
CN1CCC(CC1)OC1=C(NC(=O)C2=C3N=CC(CC#N)=CN3N=C2N)C=NC=C1,CN1CCC(O[*:1])CC1,[H][*:2],N#CC[*:3],[H][*:4],17.08459252
NCC1CN(CCO1)C1=C(NC(=O)C2=C3N=CC(CC#N)=CN3N=C2N)C=NC=C1,NCC1CN([*:1])CCO1,[H][*:2],N#CC[*:3],[H][*:4],17.03841737
COCCN1CCN(CC1)C1=C(NC(=O)C2=C3N=CC(F)=CN3N=C2N)C=NC=C1,COCCN1CCN([*:1])CC1,[H][*:2],F[*:3],[H][*:4],17.03400944
COCCN1CCN(CC1)C1=C(NC(=O)C2=C3N=CC(F)=CN3N=C2N)C=NC=C1F,COCCN1CCN([*:1])CC1,F[*:2],F[*:3],[H][*:4],17.02948313
CC1=NN=C(O1)C1CCN(CC1)C1=C(NC(=O)C2=C3N=CC(F)=CN3N=C2N)C=NC=C1,Cc1nnc(C2CCN([*:1])CC2)o1,[H][*:2],F[*:3],[H][*:4],17.02434722
CN(C)CCOC1=C(NC(=O)C2=C3N=CC(CC#N)=CN3N=C2N)C=NC=C1,CN(C)CCO[*:1],[H][*:2],N#CC[*:3],[H][*:4],16.8342388
CC(C#N)C1=CN2N=C(N)C(C(=O)NC3=C(N4CCC(CC4)C4COC4)C(F)=CN=C3)=C2N=C1,C1CN([*:1])CCC1C1COC1,F[*:2],CC(C#N)[*:3],[H][*:4],16.54502624
NC1=NN2C=C(F)C=NC2=C1C(=O)NC1=C(N2CCC(CN3CCCC3=O)CC2)C(F)=CN=C1,O=C1CCCN1CC1CCN([*:1])CC1,F[*:2],F[*:3],[H][*:4],16.5399999
NC1=NN2C=C(F)C=NC2=C1C(=O)NC1=C(C(F)=CN=C1)C1=CCN(CC1)C1COC1,C1=C([*:1])CCN(C2COC2)C1,F[*:2],F[*:3],[H][*:4],16.52992878
CC(=O)N1CC2(C1)CCN(CC2)C1=C(NC(=O)C2=C3N=CC(F)=CN3N=C2N)C=NC=C1,CC(=O)N1CC2(CCN([*:1])CC2)C1,[H][*:2],F[*:3],[H][*:4],16.52380284
CN1CCN2CCN(CC2C1=O)C1=C(NC(=O)C2=C3N=CC(F)=CN3N=C2N)C=NC=C1F,CN1CCN2CCN([*:1])CC2C1=O,F[*:2],F[*:3],[H][*:4],16.47417849
CC1=NC(=CN1C1=C(NC(=O)C2=C3N=CC(F)=CN3N=C2N)C=NC=C1)C(F)(F)F,Cc1nc(C(F)(F)F)cn1[*:1],[H][*:2],F[*:3],[H][*:4],16.46202441
NC1=NN2C=C(F)C=NC2=C1C(=O)NC1=C(C=CN=C1)N1CCC(CC1)C1=NN=CO1,c1nnc(C2CCN([*:1])CC2)o1,[H][*:2],F[*:3],[H][*:4],16.24291998
CN1CCN(CC1)C1=C(NC(=O)C2=C3N=CC(F)=CN3N=C2N)C=NC=C1C#N,CN1CCN([*:1])CC1,N#C[*:2],F[*:3],[H][*:4],16.24171997
NC1=NN2C=C(Cl)C=NC2=C1C(=O)NC1=C(C=CN=C1)C1CCN(CC1)C1COC1,C1OCC1N1CCC([*:1])CC1,[H][*:2],Cl[*:3],[H][*:4],16.19783851
CN1CC[C@@H](C1)OC1=C(NC(=O)C2=C3N=CC(F)=CN3N=C2N)C=NC=C1,CN1CC[C@H](O[*:1])C1,[H][*:2],F[*:3],[H][*:4],16.12954322
CN1CCN(CC1)C1=C(NC(=O)C2=C3N=CC(Cl)=CN3N=C2N)C=NC=C1,CN1CCN([*:1])CC1,[H][*:2],Cl[*:3],[H][*:4],16.12125436
CC1CN(C)CCN1C1=C(NC(=O)C2=C3N=CC(Cl)=CN3N=C2N)C=NC=C1,CC1CN(C)CCN1[*:1],[H][*:2],Cl[*:3],[H][*:4],16.09245511
CN1CCN(CC1)C1=C(NC(=O)C2=C3N=CC(Cl)=CN3N=C2N)C=NC(Cl)=C1,CN1CCN([*:1])CC1,[H][*:2],Cl[*:3],Cl[*:4],16.05742016
NC1=NN2C=C(F)C=NC2=C1C(=O)NC1=C(C2CCN(CC2)C2COC2)C(F)=CN=C1,C1OCC1N1CCC([*:1])CC1,F[*:2],F[*:3],[H][*:4],15.99799397
CNC1CN(C1)C(=O)C1CCN(CC1)C1=C(NC(=O)C2=C3N=CC(F)=CN3N=C2N)C=NC=C1F,CNC1CN(C(=O)C2CCN([*:1])CC2)C1,F[*:2],F[*:3],[H][*:4],15.95042615
NC1=NN2C=C(F)C=NC2=C1C(=O)NC1=C(N2CCN(CC2)C2CCOC2)C(F)=CN=C1,C1CC(N2CCN([*:1])CC2)CO1,F[*:2],F[*:3],[H][*:4],15.94821833
CC(C)N1CCN2CCN(CC2C1=O)C1=C(NC(=O)C2=C3N=CC(F)=CN3N=C2N)C=NC=C1,CC(C)N1CCN2CCN([*:1])CC2C1=O,[H][*:2],F[*:3],[H][*:4],15.85818887
CC1=NC=C(C=C1)C1=C(NC(=O)C2=C3N=CC(F)=CN3N=C2N)C=NC=C1,Cc1ccc([*:1])cn1,[H][*:2],F[*:3],[H][*:4],15.83178456
NC1=NN2C=C(Cl)C=NC2=C1C(=O)NC1=C(C=CN=C1)N1CCN2C=NC=C2C1,c1ncn2c1CN([*:1])CC2,[H][*:2],Cl[*:3],[H][*:4],15.80611009
NC1=NN2C=C(F)C=NC2=C1C(=O)NC1=C(C=CN=C1)N1CCN(CC1)C1CCOC1,C1CC(N2CCN([*:1])CC2)CO1,[H][*:2],F[*:3],[H][*:4],15.76391423
CN1CCN(CC1)C1=C(NC(=O)C2=C3N=CC(Cl)=CN3N=C2N)C=NC=C1F,CN1CCN([*:1])CC1,F[*:2],Cl[*:3],[H][*:4],15.70653057
CN1CC2CC1CN2C(=O)C1CCN(CC1)C1=C(NC(=O)C2=C3N=CC(F)=CN3N=C2N)C=NC=C1F,CN1CC2CC1CN2C(=O)C1CCN([*:1])CC1,F[*:2],F[*:3],[H][*:4],15.69881831
NC1=NN2C=C(CC#N)C=NC2=C1C(=O)NC1=C(OC2CNC2)C=CN=C1,C1NCC1O[*:1],[H][*:2],N#CC[*:3],[H][*:4],15.68205554
CN(C)C1CN(C1)C(=O)C1CCN(CC1)C1=C(NC(=O)C2=C3N=CC(F)=CN3N=C2N)C=NC=C1F,CN(C)C1CN(C(=O)C2CCN([*:1])CC2)C1,F[*:2],F[*:3],[H][*:4],15.677428400000002
NC1=NN2C=C(F)C=NC2=C1C(=O)NC1=C(C=CN=C1)N1CCN(CC1)[C@H]1CCOC1,C1C[C@H](N2CCN([*:1])CC2)CO1,[H][*:2],F[*:3],[H][*:4],15.61202629
CN1CCCN(CC1)C1=C(NC(=O)C2=C3N=CC(Cl)=CN3N=C2N)C=NC=C1,CN1CCCN([*:1])CC1,[H][*:2],Cl[*:3],[H][*:4],15.52558657
CN1CCN(CC1)C1=C(NC(=O)C2=C3N=CC(F)=CN3N=C2N)C=NC=C1C(F)F,CN1CCN([*:1])CC1,FC(F)[*:2],F[*:3],[H][*:4],15.47414429
NC1=NN2C=C(F)C=NC2=C1C(=O)NC1=C(C=CN=C1)N1CCN(CC1)[C@@H]1CCOC1,C1C[C@@H](N2CCN([*:1])CC2)CO1,[H][*:2],F[*:3],[H][*:4],15.46622942
CN1CCC2=C(NC(=O)C3=C4N=CC(F)=CN4N=C3N)C=NC=C2C1,CN(CC[*:1])C[*:2],CN(CC[*:1])C[*:2],F[*:3],[H][*:4],15.44187649
NC1=NN2C=C(F)C=NC2=C1C(=O)NC1=C(O[C@H]2CCCN(C2)C2COC2)C=CN=C1,C1C[C@H](O[*:1])CN(C2COC2)C1,[H][*:2],F[*:3],[H][*:4],15.35633221
CN1CC[C@@H](C1)OC1=C(NC(=O)C2=C3N=CC(Cl)=CN3N=C2N)C=NC=C1,CN1CC[C@H](O[*:1])C1,[H][*:2],Cl[*:3],[H][*:4],15.35467979
CN1CCOCC1C(=O)N1CCN(CC1)C1=C(NC(=O)C2=C3N=CC(F)=CN3N=C2N)C=NC=C1F,CN1CCOCC1C(=O)N1CCN([*:1])CC1,F[*:2],F[*:3],[H][*:4],15.22648747
CN(C)CCCN(C)C(=O)C1CCN(CC1)C1=C(NC(=O)C2=C3N=CC(F)=CN3N=C2N)C=NC=C1F,CN(C)CCCN(C)C(=O)C1CCN([*:1])CC1,F[*:2],F[*:3],[H][*:4],15.21750102
CC1=CN=CN1C1=C(NC(=O)C2=C3N=CC(F)=CN3N=C2N)C=NC=C1,Cc1cncn1[*:1],[H][*:2],F[*:3],[H][*:4],15.20236227
NC1=NN2C=C(F)C=NC2=C1C(=O)NC1=C(C=CN=C1)N1CCN(CC1)C1COC1,C1OCC1N1CCN([*:1])CC1,[H][*:2],F[*:3],[H][*:4],15.18738373
CCN1CCN(CC1)C1=C(NC(=O)C2=C3N=CC(F)=CN3N=C2N)C=NC=C1,CCN1CCN([*:1])CC1,[H][*:2],F[*:3],[H][*:4],15.07611568
CC1CN(CCN1C)C1=C(NC(=O)C2=C3N=CC(Cl)=CN3N=C2N)C=NC=C1,CC1CN([*:1])CCN1C,[H][*:2],Cl[*:3],[H][*:4],14.97214718
CN(C)CC(=O)N1CCN(CC1)C1=C(NC(=O)C2=C3N=CC(F)=CN3N=C2N)C=NC=C1F,CN(C)CC(=O)N1CCN([*:1])CC1,F[*:2],F[*:3],[H][*:4],14.95568951
CN1CCN(CC1)C(=O)C1CCN(C1)C1=C(NC(=O)C2=C3N=CC(F)=CN3N=C2N)C=NC=C1F,CN1CCN(C(=O)C2CCN([*:1])C2)CC1,F[*:2],F[*:3],[H][*:4],14.88457496
NC1=NN2C=C(F)C=NC2=C1C(=O)NC1=C(C=CN=C1)N1CCC(CC1)C1=NOC=N1,c1nc(C2CCN([*:1])CC2)no1,[H][*:2],F[*:3],[H][*:4],14.75809625
NC1=NN2C=C(F)C=NC2=C1C(=O)NC1=C(OC2CCN(CC2)C2COC2)C=CN=C1,C1CN(C2COC2)CCC1O[*:1],[H][*:2],F[*:3],[H][*:4],14.71158703
CCN1CCN(CC1)C1=C(NC(=O)C2=C3N=CC(Cl)=CN3N=C2N)C=NC=C1,CCN1CCN([*:1])CC1,[H][*:2],Cl[*:3],[H][*:4],14.64244897
NC1=NN2C=C(CC#N)C=NC2=C1C(=O)NC1=C(OC2CCCNC2)C=CN=C1,C1CNCC(O[*:1])C1,[H][*:2],N#CC[*:3],[H][*:4],14.62325373
CN(C)CCOC1=C(NC(=O)C2=C3N=CC(Cl)=CN3N=C2N)C=NC=C1,CN(C)CCO[*:1],[H][*:2],Cl[*:3],[H][*:4],14.62065378
CN1CCCC(C1)OC1=C(NC(=O)C2=C3N=CC(Cl)=CN3N=C2N)C=NC=C1,CN1CCCC(O[*:1])C1,[H][*:2],Cl[*:3],[H][*:4],14.6150454
CN1CCN(CC1)C1=C(NC(=O)C2=C3N=CC(Cl)=CN3N=C2N)C=NC=C1Cl,CN1CCN([*:1])CC1,Cl[*:2],Cl[*:3],[H][*:4],14.52629525
NC1=NN2C=C(CC#N)C=NC2=C1C(=O)NC1=C(C=CN=C1)N1CCNCC1,C1CN([*:1])CCN1,[H][*:2],N#CC[*:3],[H][*:4],14.43775598
NC1=NN2C=C(F)C=NC2=C1C(=O)NC1=C(N2CCN(CC2)C2CCOC2)C(Cl)=CN=C1,C1CC(N2CCN([*:1])CC2)CO1,Cl[*:2],F[*:3],[H][*:4],14.386599300000002
NC1=NN2C=C(CC#N)C=NC2=C1C(=O)NC1=C(O[C@@H]2CCNC2)C=CN=C1,C1C[C@@H](O[*:1])CN1,[H][*:2],N#CC[*:3],[H][*:4],14.37526736
COCCN1CCN(CC1)C1=C(NC(=O)C2=C3N=CC(Cl)=CN3N=C2N)C=NC=C1,COCCN1CCN([*:1])CC1,[H][*:2],Cl[*:3],[H][*:4],14.29208521
CN(C)CCN(C)C(=O)C1CCN(CC1)C1=C(NC(=O)C2=C3N=CC(F)=CN3N=C2N)C=NC=C1F,CN(C)CCN(C)C(=O)C1CCN([*:1])CC1,F[*:2],F[*:3],[H][*:4],14.26541063
CC(C)(O)CN1CCN(CC1)C1=C(NC(=O)C2=C3N=CC(F)=CN3N=C2N)C=NC=C1F,CC(C)(O)CN1CCN([*:1])CC1,F[*:2],F[*:3],[H][*:4],14.26129817
CN1CC[C@H](C1)OC1=C(NC(=O)C2=C3N=CC(Cl)=CN3N=C2N)C=NC=C1,CN1CC[C@@H](O[*:1])C1,[H][*:2],Cl[*:3],[H][*:4],14.257823499999999
NC1=NN2C=C(F)C=NC2=C1C(=O)NC1=C(OC2CCN(CC2)C2COC2)C(F)=CN=C1,C1CN(C2COC2)CCC1O[*:1],F[*:2],F[*:3],[H][*:4],14.22718913
NC1=NN2C=C(F)C=NC2=C1C(=O)NC1=C(N2CCN(CC2)C2CCOCC2)C(F)=CN=C1,C1CC(N2CCN([*:1])CC2)CCO1,F[*:2],F[*:3],[H][*:4],14.06443384
NC1=NN2C=C(F)C=NC2=C1C(=O)NC1=C(C=CN=C1)N1CCN(CC1)C1CCOCC1,C1CC(N2CCN([*:1])CC2)CCO1,[H][*:2],F[*:3],[H][*:4],13.93803569
NC1=NN2C=C(F)C=NC2=C1C(=O)NC1=C(C=CN=C1)N1CCN(CC(F)(F)F)CC1,FC(F)(F)CN1CCN([*:1])CC1,[H][*:2],F[*:3],[H][*:4],13.86563441
NC1=NN2C=C(F)C=NC2=C1C(=O)NC1=C(N2CCN(CC2)C2COC2)C(F)=CN=C1,C1OCC1N1CCN([*:1])CC1,F[*:2],F[*:3],[H][*:4],13.79713429
C[N+]1([O-])CCC2=C(NC(=O)C3=C4N=CC(F)=CN4N=C3N)C=NC=C2C1,C[N+]([O-])(CC[*:1])C[*:2],C[N+]([O-])(CC[*:1])C[*:2],F[*:3],[H][*:4],13.79236666
CN(C)CCCOC1=C(NC(=O)C2=C3N=CC(Cl)=CN3N=C2N)C=NC=C1,CN(C)CCCO[*:1],[H][*:2],Cl[*:3],[H][*:4],13.71831593
CN(C)[C@H]1CCN(C[C@@H]1O)C1=C(NC(=O)C2=C3N=CC(Cl)=CN3N=C2N)C=NC=C1,CN(C)[C@H]1CCN([*:1])C[C@@H]1O,[H][*:2],Cl[*:3],[H][*:4],13.70714885
CN1C=NC=C1C1=C(NC(=O)C2=C3N=CC(F)=CN3N=C2N)C=NC=C1,Cn1cncc1[*:1],[H][*:2],F[*:3],[H][*:4],13.65203408
COCCN1CCC[C@@H](C1)OC1=C(NC(=O)C2=C3N=CC(Cl)=CN3N=C2N)C=NC=C1,COCCN1CCC[C@H](O[*:1])C1,[H][*:2],Cl[*:3],[H][*:4],13.52845223
CN(C)CCCNC(=O)C1CCN(CC1)C1=C(NC(=O)C2=C3N=CC(F)=CN3N=C2N)C=NC=C1F,CN(C)CCCNC(=O)C1CCN([*:1])CC1,F[*:2],F[*:3],[H][*:4],13.46075687
CN1CCC(CC1)OC1=C(NC(=O)C2=C3N=CC(Cl)=CN3N=C2N)C=NC=C1Cl,CN1CCC(O[*:1])CC1,Cl[*:2],Cl[*:3],[H][*:4],13.44631601
NC1=NN2C=C(F)C=NC2=C1C(=O)NC1=C(O[C@@H]2CN3C=CN=C3C2)C=CN=C1,c1cn2c(n1)C[C@H](O[*:1])C2,[H][*:2],F[*:3],[H][*:4],13.43564996
NC1=NN2C=C(CC#N)C=NC2=C1C(=O)NC1=C(O[C@H]2CCNC2)C=CN=C1,C1C[C@H](O[*:1])CN1,[H][*:2],N#CC[*:3],[H][*:4],13.427542
CN1CCC(CC1)OC1=C(NC(=O)C2=C3N=CC(F)=CN3N=C2N)C=NC=C1,CN1CCC(O[*:1])CC1,[H][*:2],F[*:3],[H][*:4],13.41146531
NC1=NN2C=C(F)C=NC2=C1C(=O)NC1=C(C=CN=C1)C1=CC=C(C=C1)S(=O)(=O)N1CCC1,O=S(=O)(c1ccc([*:1])cc1)N1CCC1,[H][*:2],F[*:3],[H][*:4],13.34954541
CN(C)[C@@H]1CCN(C1)C(=O)C1CCN(CC1)C1=C(NC(=O)C2=C3N=CC(F)=CN3N=C2N)C=NC=C1F,CN(C)[C@@H]1CCN(C(=O)C2CCN([*:1])CC2)C1,F[*:2],F[*:3],[H][*:4],13.27679914
CC(C#N)C1=CN2N=C(N)C(C(=O)NC3=C(C=CN=C3)N3CCN(C)CC3)=C2N=C1,CN1CCN([*:1])CC1,[H][*:2],CC(C#N)[*:3],[H][*:4],13.22143497
NC1=NN2C=C(F)C=NC2=C1C(=O)NC1=C(N2CCNCC2)C(F)=CN=C1,C1CN([*:1])CCN1,F[*:2],F[*:3],[H][*:4],13.19744902
CN1CCC(CC1)OC1=C(NC(=O)C2=C3N=CC(Cl)=CN3N=C2N)C=NC=C1,CN1CCC(O[*:1])CC1,[H][*:2],Cl[*:3],[H][*:4],13.17346636
NC1=NN2C=C(F)C=NC2=C1C(=O)NC1=C(N2CCN(CC2)C2COC2)C(Cl)=CN=C1,C1OCC1N1CCN([*:1])CC1,Cl[*:2],F[*:3],[H][*:4],13.14840583
NC1=NN2C=C(Cl)C=NC2=C1C(=O)NC1=C(C=CN=C1)N1CCNCC1,C1CN([*:1])CCN1,[H][*:2],Cl[*:3],[H][*:4],13.13553952
CN1CCN(CC1)C1=C(NC(=O)C2=C3N=CC(Cl)=CN3N=C2N)C=NC=C1C,CN1CCN([*:1])CC1,C[*:2],Cl[*:3],[H][*:4],13.07480819
NC1=NN2C=C(F)C=NC2=C1C(=O)NC1=C2CCNCC2=CN=C1,C(C[*:1])NC[*:2],C(C[*:1])NC[*:2],F[*:3],[H][*:4],13.03251507
CN1C=NC(C)=C1C1=C(NC(=O)C2=C3N=CC(F)=CN3N=C2N)C=NC=C1,Cc1ncn(C)c1[*:1],[H][*:2],F[*:3],[H][*:4],13.02647726
CN(C)CCOCCOC1=C(NC(=O)C2=C3N=CC(Cl)=CN3N=C2N)C=NC=C1,CN(C)CCOCCO[*:1],[H][*:2],Cl[*:3],[H][*:4],12.94309862
CNC1=CC(OC)=C(NC(=O)C2=C3N=CC(F)=CN3N=C2N)C=N1,CO[*:1],[H][*:2],F[*:3],CN[*:4],12.92987878
CN1CCC(CC1)OC1=C(NC(=O)C2=C3N=CC(F)=CN3N=C2N)C=NC=C1F,CN1CCC(O[*:1])CC1,F[*:2],F[*:3],[H][*:4],12.92157376
NC1=NN2C=C(CC#N)C=NC2=C1C(=O)NC1=C(OC2CN3CCC2CC3)C=CN=C1,C1CN2CCC1C(O[*:1])C2,[H][*:2],N#CC[*:3],[H][*:4],12.914724099999999
NC1=NN2C=C(Cl)C=NC2=C1C(=O)NC1=C(C=CN=C1)N1CCN(CC1)C1COC1,C1OCC1N1CCN([*:1])CC1,[H][*:2],Cl[*:3],[H][*:4],12.83701554
CN1CCN(CC1)C(=O)N1CCN(CC1)C1=C(NC(=O)C2=C3N=CC(F)=CN3N=C2N)C=NC=C1F,CN1CCN(C(=O)N2CCN([*:1])CC2)CC1,F[*:2],F[*:3],[H][*:4],12.81322437
NC1=NN2C=C(F)C=NC2=C1C(=O)NC1=C(N2CCN(CC2)C(=O)CN2CCCC2)C(F)=CN=C1,O=C(CN1CCCC1)N1CCN([*:1])CC1,F[*:2],F[*:3],[H][*:4],12.79585901
COC1=CN=CC(NC(=O)C2=C3N=CC(F)=CN3N=C2N)=C1C1=CN=CN1C,Cn1cncc1[*:1],CO[*:2],F[*:3],[H][*:4],12.79365124
CN1CCOC(C1)C(=O)N1CCN(CC1)C1=C(NC(=O)C2=C3N=CC(F)=CN3N=C2N)C=NC=C1F,CN1CCOC(C(=O)N2CCN([*:1])CC2)C1,F[*:2],F[*:3],[H][*:4],12.78189392
NC1=NN2C=C(CC#N)C=NC2=C1C(=O)NC1=C(OC2CCNCC2)C=CN=C1,C1CC(O[*:1])CCN1,[H][*:2],N#CC[*:3],[H][*:4],12.70770299
CN1CCN(CC1(C)C)C1=C(NC(=O)C2=C3N=CC(Cl)=CN3N=C2N)C=NC=C1,CN1CCN([*:1])CC1(C)C,[H][*:2],Cl[*:3],[H][*:4],12.63296161
C[C@H]1CN(CCN1C1=C(NC(=O)C2=C3N=CC(F)=CN3N=C2N)C=NC=C1)C1COC1,C[C@H]1CN(C2COC2)CCN1[*:1],[H][*:2],F[*:3],[H][*:4],12.60331957
CN1CCN(CC1)C(=O)C1CCN(CC1)C1=C(NC(=O)C2=C3N=CC(F)=CN3N=C2N)C=NC=C1F,CN1CCN(C(=O)C2CCN([*:1])CC2)CC1,F[*:2],F[*:3],[H][*:4],12.56355668
CN1CCC(C1)NC(=O)C1CCN(CC1)C1=C(NC(=O)C2=C3N=CC(F)=CN3N=C2N)C=NC=C1F,CN1CCC(NC(=O)C2CCN([*:1])CC2)C1,F[*:2],F[*:3],[H][*:4],12.52835604
CCN1C=NC=C1C1=C(NC(=O)C2=C3N=CC(F)=CN3N=C2N)C=NC=C1,CCn1cncc1[*:1],[H][*:2],F[*:3],[H][*:4],12.52759095
COCCN1C=NC=C1C1=C(NC(=O)C2=C3N=CC(F)=CN3N=C2N)C=NC=C1,COCCn1cncc1[*:1],[H][*:2],F[*:3],[H][*:4],12.49674686
NC1=NN2C=C(Cl)C=NC2=C1C(=O)NC1=C(C=CN=C1)N1CCN(CC(F)(F)F)CC1,FC(F)(F)CN1CCN([*:1])CC1,[H][*:2],Cl[*:3],[H][*:4],12.43289256
NC1=NN2C=C(F)C=NC2=C1C(=O)NC1=C(N2CCC(CC2)N2CCOCC2)C(F)=CN=C1,C1CN(C2CCN([*:1])CC2)CCO1,F[*:2],F[*:3],[H][*:4],12.42900334
CN(C)C1CCCN(C1)C1=C(NC(=O)C2=C3N=CC(Cl)=CN3N=C2N)C=NC=C1,CN(C)C1CCCN([*:1])C1,[H][*:2],Cl[*:3],[H][*:4],12.42310163
CN1CCN(CC2CCN(CC2)C2=C(NC(=O)C3=C4N=CC(F)=CN4N=C3N)C=NC=C2F)CC1=O,CN1CCN(CC2CCN([*:1])CC2)CC1=O,F[*:2],F[*:3],[H][*:4],12.3839911
NC1=NN2C=C(Cl)C=NC2=C1C(=O)NC1=C(OC2CNC2)C=CN=C1,C1NCC1O[*:1],[H][*:2],Cl[*:3],[H][*:4],12.37728124
NC1=NN2C=C(F)C=NC2=C1C(=O)NC1=C(C=CN=C1)N1CCN(CC1)C1CC1,C1CC1N1CCN([*:1])CC1,[H][*:2],F[*:3],[H][*:4],12.37124301
CC(C)N1CCN(CC1)C1=C(NC(=O)C2=C3N=CC(F)=CN3N=C2N)C=NC=C1,CC(C)N1CCN([*:1])CC1,[H][*:2],F[*:3],[H][*:4],12.34915394
CN1CCN(CC1)C(=O)C1CCCN(C1)C1=C(NC(=O)C2=C3N=CC(F)=CN3N=C2N)C=NC=C1F,CN1CCN(C(=O)C2CCCN([*:1])C2)CC1,F[*:2],F[*:3],[H][*:4],12.22947591
NC1=NN2C=C(Cl)C=NC2=C1C(=O)NC1=C(N2CCN(CC2)C2COC2)C(F)=CN=C1,C1OCC1N1CCN([*:1])CC1,F[*:2],Cl[*:3],[H][*:4],12.21110744
CC(C#N)C1=CN2N=C(N)C(C(=O)NC3=C(C=CN=C3)N3CCN(CC3)C3COC3)=C2N=C1,C1OCC1N1CCN([*:1])CC1,[H][*:2],CC(C#N)[*:3],[H][*:4],12.18778366
NC1=NN2C=C(F)C=NC2=C1C(=O)NC1=C(C=CN=C1)N1C=CN=C1C1CC1,c1cn([*:1])c(C2CC2)n1,[H][*:2],F[*:3],[H][*:4],12.17055045
NC1=NN2C=C(F)C=NC2=C1C(=O)NC1=C(N2CCC(CC2)N2C=CN=C2)C(F)=CN=C1,c1cn(C2CCN([*:1])CC2)cn1,F[*:2],F[*:3],[H][*:4],12.11638551
NC1=NN2C=C(F)C=NC2=C1C(=O)NC1=C(O[C@@H]2CN3CCC2CC3)C=CN=C1,C1CN2CCC1[C@H](O[*:1])C2,[H][*:2],F[*:3],[H][*:4],12.10794921
CN1CCN(CC2CCN(CC2)C2=C(NC(=O)C3=C4N=CC(F)=CN4N=C3N)C=NC=C2F)C(=O)C1,CN1CCN(CC2CCN([*:1])CC2)C(=O)C1,F[*:2],F[*:3],[H][*:4],12.04540517
NC1=NN2C=C(F)C=NC2=C1C(=O)NC1=C(OC2CN3CCC2CC3)C=CN=C1,C1CN2CCC1C(O[*:1])C2,[H][*:2],F[*:3],[H][*:4],11.81655782
CC(C)(C)N1CCN(CC1)C1=C(NC(=O)C2=C3N=CC(Cl)=CN3N=C2N)C=NC=C1,CC(C)(C)N1CCN([*:1])CC1,[H][*:2],Cl[*:3],[H][*:4],11.8142243
NC1CCN(CC1)C1=C(NC(=O)C2=C3N=CC(CC#N)=CN3N=C2N)C=NC=C1,NC1CCN([*:1])CC1,[H][*:2],N#CC[*:3],[H][*:4],11.81030791
NC1=NN2C=C(F)C=NC2=C1C(=O)NC1=C(N2CCC(CC2)C2=NC=CS2)C(F)=CN=C1,c1csc(C2CCN([*:1])CC2)n1,F[*:2],F[*:3],[H][*:4],11.80896707
NC1=NN2C=C(F)C=NC2=C1C(=O)NC1=C(N2CCNCC2)C(Cl)=CN=C1,C1CN([*:1])CCN1,Cl[*:2],F[*:3],[H][*:4],11.73512329
NC1=NN2C=C(F)C=NC2=C1C(=O)NC1=C(O[C@H]2CCCNC2)C=CN=C1,C1CNC[C@@H](O[*:1])C1,[H][*:2],F[*:3],[H][*:4],11.70305439
NC1CCCN(C1)C1=C(NC(=O)C2=C3N=CC(Cl)=CN3N=C2N)C=NC=C1,NC1CCCN([*:1])C1,[H][*:2],Cl[*:3],[H][*:4],11.69047259
C[C@@H]1CN(CCN1C1=C(NC(=O)C2=C3N=CC(F)=CN3N=C2N)C=NC=C1)C1COC1,C[C@@H]1CN(C2COC2)CCN1[*:1],[H][*:2],F[*:3],[H][*:4],11.68372828
NC1=NN2C=C(F)C=NC2=C1C(=O)NC1=C(O[C@H]2CN3CCC2CC3)C=CN=C1,C1CN2CCC1[C@@H](O[*:1])C2,[H][*:2],F[*:3],[H][*:4],11.64791223
CC1=CN=CC(NC(=O)C2=C3N=CC(F)=CN3N=C2N)=C1N1CCN(CC1)C1COC1,C1OCC1N1CCN([*:1])CC1,C[*:2],F[*:3],[H][*:4],11.62582022
CN1C(C)=NC=C1C1=C(NC(=O)C2=C3N=CC(F)=CN3N=C2N)C=NC=C1,Cc1ncc([*:1])n1C,[H][*:2],F[*:3],[H][*:4],11.58200154
CC1=CN=CC(NC(=O)C2=C3N=CC(F)=CN3N=C2N)=C1N1CCN(CC1)C1CCOCC1,C1CC(N2CCN([*:1])CC2)CCO1,C[*:2],F[*:3],[H][*:4],11.54271912
CN1CCN(CC1)S(=O)(=O)C1CCN(CC1)C1=C(NC(=O)C2=C3N=CC(F)=CN3N=C2N)C=NC=C1F,CN1CCN(S(=O)(=O)C2CCN([*:1])CC2)CC1,F[*:2],F[*:3],[H][*:4],11.47907592
CC(C)N1CCN(CC1)C1=C(NC(=O)C2=C3N=CC(Cl)=CN3N=C2N)C=NC=C1,CC(C)N1CCN([*:1])CC1,[H][*:2],Cl[*:3],[H][*:4],11.390921800000001
NC1=NN2C=C(Cl)C=NC2=C1C(=O)NC1=C(C=CN=C1)N1CCNC(C1)C(F)(F)F,FC(F)(F)C1CN([*:1])CCN1,[H][*:2],Cl[*:3],[H][*:4],11.36288262
CN1CCC(CC1)C1=C(NC(=O)C2=C3N=CC(=CN3N=C2N)C(C)(C)C#N)C=NC=C1,CN1CCC([*:1])CC1,[H][*:2],CC(C)(C#N)[*:3],[H][*:4],11.36110385
CN1CCN(C2CCN(CC2)C2=C(NC(=O)C3=C4N=CC(F)=CN4N=C3N)C=NC=C2F)C(=O)C1,CN1CCN(C2CCN([*:1])CC2)C(=O)C1,F[*:2],F[*:3],[H][*:4],11.31775295
NC1=NN2C=C(F)C=NC2=C1C(=O)NC1=C(N2CCC(CC2)C(=O)N2CCNCC2)C(F)=CN=C1,O=C(C1CCN([*:1])CC1)N1CCNCC1,F[*:2],F[*:3],[H][*:4],11.25130985
NC1=NN2C=C(F)C=NC2=C1C(=O)NC1=C(N2CCC(CC2)C(=O)N2CC(C2)N2CCCC2)C(F)=CN=C1,O=C(C1CCN([*:1])CC1)N1CC(N2CCCC2)C1,F[*:2],F[*:3],[H][*:4],11.22940427
CN1CCCN(CC1)C(=O)C1CCN(CC1)C1=C(NC(=O)C2=C3N=CC(F)=CN3N=C2N)C=NC=C1F,CN1CCCN(C(=O)C2CCN([*:1])CC2)CC1,F[*:2],F[*:3],[H][*:4],11.1741391
CN1CCN(CC1)C1=C(NC(=O)C2=C3N=CC(F)=CN3N=C2N)C=NC=C1C1CC1,CN1CCN([*:1])CC1,C1CC1[*:2],F[*:3],[H][*:4],11.17176885
NC1=NN2C=C(Cl)C=NC2=C1C(=O)NC1=C(C=CN=C1)N1CCN(CC1)C1CC1,C1CC1N1CCN([*:1])CC1,[H][*:2],Cl[*:3],[H][*:4],11.08946109
COC1(CN(C)C)CCN(CC1)C1=C(NC(=O)C2=C3N=CC(Cl)=CN3N=C2N)C=NC=C1,COC1(CN(C)C)CCN([*:1])CC1,[H][*:2],Cl[*:3],[H][*:4],11.0502396
NC1=NN2C=C(F)C=NC2=C1C(=O)NC1=C(N2CCC(CC2)C(=O)N2CCNC3CC23)C(F)=CN=C1,O=C(C1CCN([*:1])CC1)N1CCNC2CC21,F[*:2],F[*:3],[H][*:4],10.95787844
CN(C)CCNC(=O)C1CCN(CC1)C1=C(NC(=O)C2=C3N=CC(F)=CN3N=C2N)C=NC=C1F,CN(C)CCNC(=O)C1CCN([*:1])CC1,F[*:2],F[*:3],[H][*:4],10.9333152
NC1=NN2C=C(F)C=NC2=C1C(=O)NC1=C(N2CCN(CC2)C(=O)C2CCN(CC2)C2COC2)C(F)=CN=C1,O=C(C1CCN(C2COC2)CC1)N1CCN([*:1])CC1,F[*:2],F[*:3],[H][*:4],10.91350821
CN1CCOC2(CCN(CC2)C2=C(NC(=O)C3=C4N=CC(F)=CN4N=C3N)C=NC=C2F)C1,CN1CCOC2(CCN([*:1])CC2)C1,F[*:2],F[*:3],[H][*:4],10.91311033
CC1(COC1)N1CCN(CC1)C1=C(NC(=O)C2=C3N=CC(F)=CN3N=C2N)C=NC=C1,CC1(N2CCN([*:1])CC2)COC1,[H][*:2],F[*:3],[H][*:4],10.89990996
NC1=NN2C=C(Cl)C=NC2=C1C(=O)NC1=C(O[C@@H]2CCNC2)C=CN=C1,C1C[C@@H](O[*:1])CN1,[H][*:2],Cl[*:3],[H][*:4],10.889055599999999
CN1CCC[C@@H]1C(=O)N1CCN(CC1)C1=C(NC(=O)C2=C3N=CC(F)=CN3N=C2N)C=NC=C1F,CN1CCC[C@@H]1C(=O)N1CCN([*:1])CC1,F[*:2],F[*:3],[H][*:4],10.85693435
NC1=NN2C=C(F)C=NC2=C1C(=O)NC1=C(N2CCC(CC2)C(=O)N2CCNC3(CC3)C2)C(F)=CN=C1,O=C(C1CCN([*:1])CC1)N1CCNC2(CC2)C1,F[*:2],F[*:3],[H][*:4],10.80509254
NC1=NN2C=C(Cl)C=NC2=C1C(=O)NC1=C(OC2CCCNC2)C=CN=C1,C1CNCC(O[*:1])C1,[H][*:2],Cl[*:3],[H][*:4],10.69530771
NC1=NN2C=C(Cl)C=NC2=C1C(=O)NC1=C(OC2CN3CCC2CC3)C=CN=C1,C1CN2CCC1C(O[*:1])C2,[H][*:2],Cl[*:3],[H][*:4],10.691713400000001
CN1CCC[C@@H]1C(=O)N1CCN(CC1)C1=C(NC(=O)C2=C3N=CC(F)=CN3N=C2N)C=NC=C1,CN1CCC[C@@H]1C(=O)N1CCN([*:1])CC1,[H][*:2],F[*:3],[H][*:4],10.67074627
CC1=NON=C1N1CCN(CC1)C1=C(NC(=O)C2=C3N=CC(F)=CN3N=C2N)C=NC=C1,Cc1nonc1N1CCN([*:1])CC1,[H][*:2],F[*:3],[H][*:4],10.66583442
CN1CCN(CC1)C1=C(NC(=O)C2=C3N=CC(=CN3N=C2N)C(C)(C)C#N)C=NC=C1F,CN1CCN([*:1])CC1,F[*:2],CC(C)(C#N)[*:3],[H][*:4],10.66049245
NC1=NN2C=C(Cl)C=NC2=C1C(=O)NC1=C(C=CN=C1)N1CCC(CC1)N1CCOCC1,C1CN(C2CCN([*:1])CC2)CCO1,[H][*:2],Cl[*:3],[H][*:4],10.60420119
CN1CCN(CC1)C1=C(NC(=O)C2=C3N=CC(=CN3N=C2N)C(C)(C)C#N)C=NC=C1,CN1CCN([*:1])CC1,[H][*:2],CC(C)(C#N)[*:3],[H][*:4],10.57181222
NC1=NN2C=C(Cl)C=NC2=C1C(=O)NC1=C(O[C@H]2CCNC2)C=CN=C1,C1C[C@H](O[*:1])CN1,[H][*:2],Cl[*:3],[H][*:4],10.55884347
CN1CC(C1)C(=O)N1CCN(CC1)C1=C(NC(=O)C2=C3N=CC(F)=CN3N=C2N)C=NC=C1F,CN1CC(C(=O)N2CCN([*:1])CC2)C1,F[*:2],F[*:3],[H][*:4],10.55295548
NC1=NN2C=C(F)C=NC2=C1C(=O)NC1=C(N2CCC(CC2)C(=O)N2CC(C2)N2CCC2)C(F)=CN=C1,O=C(C1CCN([*:1])CC1)N1CC(N2CCC2)C1,F[*:2],F[*:3],[H][*:4],10.49157645
NC1=NN2C=C(F)C=NC2=C1C(=O)NC1=C(N2CCC(CC2)C(=O)N2CC(C2)N2CCCCC2)C(F)=CN=C1,O=C(C1CCN([*:1])CC1)N1CC(N2CCCCC2)C1,F[*:2],F[*:3],[H][*:4],10.43413703
CN1CCN(CC1)C(=O)N1CCC(CC1)C1=C(NC(=O)C2=C3N=CC(F)=CN3N=C2N)C=NC=C1,CN1CCN(C(=O)N2CCC([*:1])CC2)CC1,[H][*:2],F[*:3],[H][*:4],10.43295472
CCN1CCN(CC1)C(=O)C1CCN(CC1)C1=C(NC(=O)C2=C3N=CC(F)=CN3N=C2N)C=NC=C1F,CCN1CCN(C(=O)C2CCN([*:1])CC2)CC1,F[*:2],F[*:3],[H][*:4],10.420470199999999
CN1C2CCC1CN(C2)C(=O)C1CCN(CC1)C1=C(NC(=O)C2=C3N=CC(F)=CN3N=C2N)C=NC=C1F,CN1C2CCC1CN(C(=O)C1CCN([*:1])CC1)C2,F[*:2],F[*:3],[H][*:4],10.40116534
CN1CCOC2(CCN(CC2)C2=C(NC(=O)C3=C4N=CC(F)=CN4N=C3N)C=NC=C2)C1,CN1CCOC2(CCN([*:1])CC2)C1,[H][*:2],F[*:3],[H][*:4],10.38009425
NC1=NN2C=C(F)C=NC2=C1C(=O)NC1=C(N2CCN(CC2)C(=O)C2CNCCO2)C(F)=CN=C1,O=C(C1CNCCO1)N1CCN([*:1])CC1,F[*:2],F[*:3],[H][*:4],10.31650407
CN1CCN(CC1)C(=O)C1(CCN(CC1)C1=C(NC(=O)C2=C3N=CC(F)=CN3N=C2N)C=NC=C1F)C#N,CN1CCN(C(=O)C2(C#N)CCN([*:1])CC2)CC1,F[*:2],F[*:3],[H][*:4],10.26887629
CN1CCN(CC1)C(=O)C1CCN(CC1)C1=C(NC(=O)C2=C3N=CC(F)=CN3N=C2N)C=NC=C1,CN1CCN(C(=O)C2CCN([*:1])CC2)CC1,[H][*:2],F[*:3],[H][*:4],10.25805895
NC1=NN2C=C(Cl)C=NC2=C1C(=O)NC1=C(C=CN=C1)N1CCN(CC1)C1CCC1,C1CC(N2CCN([*:1])CC2)C1,[H][*:2],Cl[*:3],[H][*:4],10.24863656
NC1=NN2C=C(F)C=NC2=C1C(=O)NC1=C(N2CCC(CC2)C(=O)N2CCN3CCCC3C2)C(F)=CN=C1,O=C(C1CCN([*:1])CC1)N1CCN2CCCC2C1,F[*:2],F[*:3],[H][*:4],10.22946584
CN1CCN(CC11CC1)C(=O)C1CCN(CC1)C1=C(NC(=O)C2=C3N=CC(F)=CN3N=C2N)C=NC=C1F,CN1CCN(C(=O)C2CCN([*:1])CC2)CC12CC2,F[*:2],F[*:3],[H][*:4],10.20222569
NC1=NN2C=C(Cl)C=NC2=C1C(=O)NC1=C(O[C@H]2CCCNC2)C=CN=C1,C1CNC[C@@H](O[*:1])C1,[H][*:2],Cl[*:3],[H][*:4],10.18327427
CN1CCC(C1)C(=O)N1CCN(CC1)C1=C(NC(=O)C2=C3N=CC(F)=CN3N=C2N)C=NC=C1F,CN1CCC(C(=O)N2CCN([*:1])CC2)C1,F[*:2],F[*:3],[H][*:4],10.16692356
NC1=NN2C=C(F)C=NC2=C1C(=O)NC1=C(N2CCC(CC2)C(=O)N2CC[NH+]([O-])CC2)C(F)=CN=C1,O=C(C1CCN([*:1])CC1)N1CC[NH+]([O-])CC1,F[*:2],F[*:3],[H][*:4],10.16651765
NC1=NN2C=C(F)C=NC2=C1C(=O)NC1=C(C=CN=C1)N1CCN2CCC[C@H]2C1,C1C[C@H]2CN([*:1])CCN2C1,[H][*:2],F[*:3],[H][*:4],10.15715977
NC1=NN2C=C(F)C=NC2=C1C(=O)NC1=C(N2CCC(CC2)C(=O)N2CC3CCC(C2)N3)C(F)=CN=C1,O=C(C1CCN([*:1])CC1)N1CC2CCC(C1)N2,F[*:2],F[*:3],[H][*:4],10.11282073
CN1CCC[C@H]1C(=O)N1CCN(CC1)C1=C(NC(=O)C2=C3N=CC(F)=CN3N=C2N)C=NC=C1F,CN1CCC[C@H]1C(=O)N1CCN([*:1])CC1,F[*:2],F[*:3],[H][*:4],10.06577629
CN1CCC[C@H]1C(=O)N1CCN(CC1)C1=C(NC(=O)C2=C3N=CC(F)=CN3N=C2N)C=NC=C1,CN1CCC[C@H]1C(=O)N1CCN([*:1])CC1,[H][*:2],F[*:3],[H][*:4],10.0220927
NC1=NN2C=C(F)C=NC2=C1C(=O)NC1=C(N2CCN3CCN(CC3C2)C2COC2)C(Cl)=CN=C1,C1OCC1N1CCN2CCN([*:1])CC2C1,Cl[*:2],F[*:3],[H][*:4],10.00779558
CN1CCN(CC1)C(=O)C1(C)CCN(CC1)C1=C(NC(=O)C2=C3N=CC(F)=CN3N=C2N)C=NC=C1F,CN1CCN(C(=O)C2(C)CCN([*:1])CC2)CC1,F[*:2],F[*:3],[H][*:4],9.991343837
NC1=NN2C=C(F)C=NC2=C1C(=O)NC1=C(N2CCC(CC2)C(=O)N2CCN(CC2)C2COC2)C(F)=CN=C1,O=C(C1CCN([*:1])CC1)N1CCN(C2COC2)CC1,F[*:2],F[*:3],[H][*:4],9.980108439
CN1CCN(CC1)C(=O)C1CCN(CC1)C1=C(NC(=O)C2=C3N=CC(F)=CN3N=C2N)C=NC=C1Cl,CN1CCN(C(=O)C2CCN([*:1])CC2)CC1,Cl[*:2],F[*:3],[H][*:4],9.896433296
NC1=NN2C=C(F)C=NC2=C1C(=O)NC1=C(N2CCC(CC2)C(=O)N2CC[C@@H](C2)N2CCCC2)C(F)=CN=C1,O=C(C1CCN([*:1])CC1)N1CC[C@H](N2CCCC2)C1,F[*:2],F[*:3],[H][*:4],9.891691726
NC1=NN2C=C(F)C=NC2=C1C(=O)NC1=C(N2CCC(CC2)C(=O)N2CCN3CCC2C3)C(F)=CN=C1,O=C(C1CCN([*:1])CC1)N1CCN2CCC1C2,F[*:2],F[*:3],[H][*:4],9.842721463
CN1CCN(CC1)C(=O)[C@@H]1CC[C@@H](CC1)OC1=C(NC(=O)C2=C3N=CC(F)=CN3N=C2N)C=NC=C1,CN1CCN(C(=O)[C@H]2CC[C@@H](O[*:1])CC2)CC1,[H][*:2],F[*:3],[H][*:4],9.821602679
C[C@H]1CN(CCN1C)C(=O)C1CCN(CC1)C1=C(NC(=O)C2=C3N=CC(F)=CN3N=C2N)C=NC=C1F,C[C@H]1CN(C(=O)C2CCN([*:1])CC2)CCN1C,F[*:2],F[*:3],[H][*:4],9.811327644
CCN1CCCC1C(=O)N1CCN(CC1)C1=C(NC(=O)C2=C3N=CC(F)=CN3N=C2N)C=NC=C1F,CCN1CCCC1C(=O)N1CCN([*:1])CC1,F[*:2],F[*:3],[H][*:4],9.796252651
CN1CCN2CCN(CC2C1)C1=C(NC(=O)C2=C3N=CC(F)=CN3N=C2N)C=NC=C1F,CN1CCN2CCN([*:1])CC2C1,F[*:2],F[*:3],[H][*:4],9.795791721
CC1(C)CN(CCN1)C(=O)C1CCN(CC1)C1=C(NC(=O)C2=C3N=CC(F)=CN3N=C2N)C=NC=C1F,CC1(C)CN(C(=O)C2CCN([*:1])CC2)CCN1,F[*:2],F[*:3],[H][*:4],9.773941188
NC1=NN2C=C(F)C=NC2=C1C(=O)NC1=C(N2CCC(CC2)C(=O)N2CCC(C2)N2CCCCC2)C(F)=CN=C1,O=C(C1CCN([*:1])CC1)N1CCC(N2CCCCC2)C1,F[*:2],F[*:3],[H][*:4],9.742007989
NC1=NN2C=C(Cl)C=NC2=C1C(=O)NC1=C(C=CN=C1)N1CCC(CC1)N1CCS(=O)CC1,O=S1CCN(C2CCN([*:1])CC2)CC1,[H][*:2],Cl[*:3],[H][*:4],9.720852401
CN(C)C1CCN(CC1)C1=C(NC(=O)C2=C3N=CC(Cl)=CN3N=C2N)C=NC=C1,CN(C)C1CCN([*:1])CC1,[H][*:2],Cl[*:3],[H][*:4],9.718574834
CN1CC(C1)N1CCN(CC1)C(=O)C1CCN(CC1)C1=C(NC(=O)C2=C3N=CC(F)=CN3N=C2N)C=NC=C1F,CN1CC(N2CCN(C(=O)C3CCN([*:1])CC3)CC2)C1,F[*:2],F[*:3],[H][*:4],9.701126568
NC1=NN2C=C(F)C=NC2=C1C(=O)NC1=C(N2CCC(CC2)C(=O)N2CCN3CC[C@@H]2C3)C(F)=CN=C1,O=C(C1CCN([*:1])CC1)N1CCN2CC[C@@H]1C2,F[*:2],F[*:3],[H][*:4],9.657063493999999
NC1=NN2C=C(F)C=NC2=C1C(=O)NC1=C(C=CN=C1)N1CCN(CC1)S(=O)(=O)N1CCN2CCC1CC2,O=S(=O)(N1CCN([*:1])CC1)N1CCN2CCC1CC2,[H][*:2],F[*:3],[H][*:4],9.646839893
CC(C)(C#N)C1=CN2N=C(N)C(C(=O)NC3=C(C=CN=C3)N3CCN(CC3)C3COC3)=C2N=C1,C1OCC1N1CCN([*:1])CC1,[H][*:2],CC(C)(C#N)[*:3],[H][*:4],9.625764758999999
CN1CCC(CC1)NC(=O)C1CCN(CC1)C1=C(NC(=O)C2=C3N=CC(F)=CN3N=C2N)C=NC=C1F,CN1CCC(NC(=O)C2CCN([*:1])CC2)CC1,F[*:2],F[*:3],[H][*:4],9.620078374
CN1CC(C1)OC1CCN(CC1)C1=C(NC(=O)C2=C3N=CC(F)=CN3N=C2N)C=NC=C1,CN1CC(OC2CCN([*:1])CC2)C1,[H][*:2],F[*:3],[H][*:4],9.540403082000001
NC1=NN2C=C(F)C=NC2=C1C(=O)NC1=C(N2CCN(CC2)[C@@H]2CCOC2)C(=CN=C1)C1CC1,C1C[C@@H](N2CCN([*:1])CC2)CO1,C1CC1[*:2],F[*:3],[H][*:4],9.460308735
CN1CCC(CC1)S(=O)(=O)N1CCN(CC1)C1=C(NC(=O)C2=C3N=CC(F)=CN3N=C2N)C=NC=C1,CN1CCC(S(=O)(=O)N2CCN([*:1])CC2)CC1,[H][*:2],F[*:3],[H][*:4],9.382520685
NC1=NN2C=C(Cl)C=NC2=C1C(=O)NC1=C(C=CN=C1)N1CCC(CC1)N1CC(F)(F)C1,FC1(F)CN(C2CCN([*:1])CC2)C1,[H][*:2],Cl[*:3],[H][*:4],9.312088188999999
CN(C)CC1(O)CCN(CC1)C1=C(NC(=O)C2=C3N=CC(Cl)=CN3N=C2N)C=NC=C1,CN(C)CC1(O)CCN([*:1])CC1,[H][*:2],Cl[*:3],[H][*:4],9.303748859
NC1=NN2C=C(F)C=NC2=C1C(=O)NC1=C(N2CCN(CC2)C2COC2)C(=CN=C1)C1CC1,C1OCC1N1CCN([*:1])CC1,C1CC1[*:2],F[*:3],[H][*:4],9.291313945
C[C@@H]1CN(CCN1C1=C(NC(=O)C2=C3N=CC(Cl)=CN3N=C2N)C=NC=C1)C1(C)COC1,C[C@@H]1CN(C2(C)COC2)CCN1[*:1],[H][*:2],Cl[*:3],[H][*:4],9.242580744
NC1=NN2C=C(F)C=NC2=C1C(=O)NC1=C(N2CCN(CC2)[C@H]2CCOC2)C(=CN=C1)C1CC1,C1C[C@H](N2CCN([*:1])CC2)CO1,C1CC1[*:2],F[*:3],[H][*:4],9.22407305
CCN1CCCCC1C(=O)N1CCN(CC1)C1=C(NC(=O)C2=C3N=CC(F)=CN3N=C2N)C=NC=C1F,CCN1CCCCC1C(=O)N1CCN([*:1])CC1,F[*:2],F[*:3],[H][*:4],9.196235139
NC1=NN2C=C(F)C=NC2=C1C(=O)NC1=C(N2CCC(CC2)C(=O)N2CCN3CC[C@H]2C3)C(F)=CN=C1,O=C(C1CCN([*:1])CC1)N1CCN2CC[C@H]1C2,F[*:2],F[*:3],[H][*:4],9.190658771
NC1CCN(CC1)C1=C(NC(=O)C2=C3N=CC(Cl)=CN3N=C2N)C=NC=C1,NC1CCN([*:1])CC1,[H][*:2],Cl[*:3],[H][*:4],9.189377097000001
NC1=NN2C=C(F)C=NC2=C1C(=O)NC1=C(N2CCN(CC2)C(=O)CN2CCC2)C(F)=CN=C1,O=C(CN1CCC1)N1CCN([*:1])CC1,F[*:2],F[*:3],[H][*:4],9.187959368
COC1CN(C1)C1CCN(CC1)C1=C(NC(=O)C2=C3N=CC(Cl)=CN3N=C2N)C=NC=C1,COC1CN(C2CCN([*:1])CC2)C1,[H][*:2],Cl[*:3],[H][*:4],9.139730474
NC1=NN2C=C(Cl)C=NC2=C1C(=O)NC1=C(C=CN=C1)N1CCN2CCC[C@H]2C1,C1C[C@H]2CN([*:1])CCN2C1,[H][*:2],Cl[*:3],[H][*:4],9.124838602
C[C@@H]1CN(CCN1C)C(=O)C1CCN(CC1)C1=C(NC(=O)C2=C3N=CC(F)=CN3N=C2N)C=NC=C1F,C[C@@H]1CN(C(=O)C2CCN([*:1])CC2)CCN1C,F[*:2],F[*:3],[H][*:4],9.084453985
CN1CCN(CC1(C)C)C(=O)C1CCN(CC1)C1=C(NC(=O)C2=C3N=CC(F)=CN3N=C2N)C=NC=C1F,CN1CCN(C(=O)C2CCN([*:1])CC2)CC1(C)C,F[*:2],F[*:3],[H][*:4],9.074017795
CN1CCCCC1C(=O)N1CCN(CC1)C1=C(NC(=O)C2=C3N=CC(F)=CN3N=C2N)C=NC=C1F,CN1CCCCC1C(=O)N1CCN([*:1])CC1,F[*:2],F[*:3],[H][*:4],9.05869539
CN(C1CCN(C)CC1)S(=O)(=O)C1CCN(CC1)C1=C(NC(=O)C2=C3N=CC(F)=CN3N=C2N)C=NC=C1F,CN1CCC(N(C)S(=O)(=O)C2CCN([*:1])CC2)CC1,F[*:2],F[*:3],[H][*:4],9.048354899
CC(C)(C#N)C1=CN2N=C(N)C(C(=O)NC3=C(N4CCN(CC4)C4COC4)C(F)=CN=C3)=C2N=C1,C1OCC1N1CCN([*:1])CC1,F[*:2],CC(C)(C#N)[*:3],[H][*:4],9.047117141000001
CN1CC2CN(CC2C1)C(=O)C1CCN(CC1)C1=C(NC(=O)C2=C3N=CC(F)=CN3N=C2N)C=NC=C1F,CN1CC2CN(C(=O)C3CCN([*:1])CC3)CC2C1,F[*:2],F[*:3],[H][*:4],9.042870967
CC(C)N1CCCC1C(=O)N1CCN(CC1)C1=C(NC(=O)C2=C3N=CC(F)=CN3N=C2N)C=NC=C1F,CC(C)N1CCCC1C(=O)N1CCN([*:1])CC1,F[*:2],F[*:3],[H][*:4],8.99046401
CC1(COC1)N1CCN(CC1)C(=O)C1CCN(CC1)C1=C(NC(=O)C2=C3N=CC(F)=CN3N=C2N)C=NC=C1F,CC1(N2CCN(C(=O)C3CCN([*:1])CC3)CC2)COC1,F[*:2],F[*:3],[H][*:4],8.980680402
CN1CCN(CC1)C(=O)C1=NC(C)=C(C=C1)C1=C(NC(=O)C2=C3N=CC(F)=CN3N=C2N)C=NC=C1,Cc1nc(C(=O)N2CCN(C)CC2)ccc1[*:1],[H][*:2],F[*:3],[H][*:4],8.962926579
CN1CCN(CC1)C(=O)C1=NC=C(C=C1)C1=C(NC(=O)C2=C3N=CC(F)=CN3N=C2N)C=NC=C1,CN1CCN(C(=O)c2ccc([*:1])cn2)CC1,[H][*:2],F[*:3],[H][*:4],8.947631542
CN1CCN2CCN(CC2C1)C1=C(NC(=O)C2=C3N=CC(F)=CN3N=C2N)C=NC=C1Cl,CN1CCN2CCN([*:1])CC2C1,Cl[*:2],F[*:3],[H][*:4],8.939807178999999
NC1=NN2C=C(F)C=NC2=C1C(=O)NC1=C(N2CCC(CC2)C(=O)NCCN2CCC2)C(F)=CN=C1,O=C(NCCN1CCC1)C1CCN([*:1])CC1,F[*:2],F[*:3],[H][*:4],8.87265118
NC1=NN2C=C(Cl)C=NC2=C1C(=O)NC1=C(OC2CCNCC2)C=CN=C1,C1CC(O[*:1])CCN1,[H][*:2],Cl[*:3],[H][*:4],8.851211379
CN1CCC(CC1)C(=O)N1CCC(CC1)C1=C(NC(=O)C2=C3N=CC(F)=CN3N=C2N)C=NC=C1,CN1CCC(C(=O)N2CCC([*:1])CC2)CC1,[H][*:2],F[*:3],[H][*:4],8.833046265
CN1CCN(CC1)C(=O)C1CCN(CC1)C1=C(NC(=O)C2=C3N=CC(Cl)=CN3N=C2N)C=NC=C1F,CN1CCN(C(=O)C2CCN([*:1])CC2)CC1,F[*:2],Cl[*:3],[H][*:4],8.767682693
NC1=NN2C=C(F)C=NC2=C1C(=O)NC1=C(N2CCC(CC2)C(=O)N2CCNCC2)C(Cl)=CN=C1,O=C(C1CCN([*:1])CC1)N1CCNCC1,Cl[*:2],F[*:3],[H][*:4],8.687177618
CN1CCC(CC1)S(=O)(=O)N1CCN(CC1)C1=C(NC(=O)C2=C3N=CC(F)=CN3N=C2N)C=NC=C1F,CN1CCC(S(=O)(=O)N2CCN([*:1])CC2)CC1,F[*:2],F[*:3],[H][*:4],8.638519274
NC1=NN2C=C(F)C=NC2=C1C(=O)NC1=C(N2CCC(CC2)C(=O)N2CCC(CC2)N2CCCCC2)C(F)=CN=C1,O=C(C1CCN([*:1])CC1)N1CCC(N2CCCCC2)CC1,F[*:2],F[*:3],[H][*:4],8.635701761
CC(C)N1CCC(C1)C(=O)N1CCN(CC1)C1=C(NC(=O)C2=C3N=CC(F)=CN3N=C2N)C=NC=C1F,CC(C)N1CCC(C(=O)N2CCN([*:1])CC2)C1,F[*:2],F[*:3],[H][*:4],8.616140875
NC1=NN2C=C(Cl)C=NC2=C1C(=O)NC1=C(C=CN=C1)N1CCN2CCC[C@@H]2C1,C1C[C@@H]2CN([*:1])CCN2C1,[H][*:2],Cl[*:3],[H][*:4],8.586436617
CN(C)CCC1=CN(N=C1)C1=C(NC(=O)C2=C3N=CC(F)=CN3N=C2N)C=NC=C1,CN(C)CCc1cnn([*:1])c1,[H][*:2],F[*:3],[H][*:4],8.564429255
CN1CC[C@H](C1)OC1CCN(CC1)C1=C(NC(=O)C2=C3N=CC(F)=CN3N=C2N)C=NC=C1,CN1CC[C@@H](OC2CCN([*:1])CC2)C1,[H][*:2],F[*:3],[H][*:4],8.541862237
NC1=NN2C=C(F)C=NC2=C1C(=O)NC1=C(N2CCC(CC2)OCCN2CCCC2)C(F)=CN=C1,C1CCN(CCOC2CCN([*:1])CC2)C1,F[*:2],F[*:3],[H][*:4],8.536063057
NC1=NN2C=C(F)C=NC2=C1C(=O)NC1=C(N2CCC(CN3CCOCC3)CC2)C(F)=CN=C1,C1CN(CC2CCN([*:1])CC2)CCO1,F[*:2],F[*:3],[H][*:4],8.509580182
C[C@@H]1CN(CCN1)C(=O)C1CCN(CC1)C1=C(NC(=O)C2=C3N=CC(F)=CN3N=C2N)C=NC=C1F,C[C@@H]1CN(C(=O)C2CCN([*:1])CC2)CCN1,F[*:2],F[*:3],[H][*:4],8.49453327
NC1=NN2C=C(F)C=NC2=C1C(=O)NC1=C(N2CCC(CC2)C(=O)N2CCN3CCC2C3)C(Cl)=CN=C1,O=C(C1CCN([*:1])CC1)N1CCN2CCC1C2,Cl[*:2],F[*:3],[H][*:4],8.481308721
CN1CCN(C2CC12)C(=O)C1CCN(CC1)C1=C(NC(=O)C2=C3N=CC(F)=CN3N=C2N)C=NC=C1F,CN1CCN(C(=O)C2CCN([*:1])CC2)C2CC21,F[*:2],F[*:3],[H][*:4],8.39722338
CN1CC[C@H](C1)OC1CCN(CC1)C1=C(NC(=O)C2=C3N=CC(F)=CN3N=C2N)C=NC=C1F,CN1CC[C@@H](OC2CCN([*:1])CC2)C1,F[*:2],F[*:3],[H][*:4],8.379352132000001
CN1CCC(CC1)C(=O)N1CCN(CC1)C1=C(NC(=O)C2=C3N=CC(F)=CN3N=C2N)C=NC=C1F,CN1CCC(C(=O)N2CCN([*:1])CC2)CC1,F[*:2],F[*:3],[H][*:4],8.375013933
CCN1CCC(C1)C(=O)N1CCN(CC1)C1=C(NC(=O)C2=C3N=CC(F)=CN3N=C2N)C=NC=C1F,CCN1CCC(C(=O)N2CCN([*:1])CC2)C1,F[*:2],F[*:3],[H][*:4],8.368723016
NC1=NN2C=C(F)C=NC2=C1C(=O)NC1=C(N2CCN(CC2)C(=O)C2CNC2)C(F)=CN=C1,O=C(C1CNC1)N1CCN([*:1])CC1,F[*:2],F[*:3],[H][*:4],8.360665825
NC1=NN2C=C(F)C=NC2=C1C(=O)NC1=C(C=CN=C1)C1=CC=C(N=C1)C(=O)N1CCN(CC1)C1COC1,O=C(c1ccc([*:1])cn1)N1CCN(C2COC2)CC1,[H][*:2],F[*:3],[H][*:4],8.349365186
C[C@H]1CN(CCN1)C(=O)C1CCN(CC1)C1=C(NC(=O)C2=C3N=CC(F)=CN3N=C2N)C=NC=C1F,C[C@H]1CN(C(=O)C2CCN([*:1])CC2)CCN1,F[*:2],F[*:3],[H][*:4],8.329913104
NC1=NN2C=C(F)C=NC2=C1C(=O)NC1=C(N2CCC(CC2)C(=O)N2CCC(CC2)N2CCCC2)C(F)=CN=C1,O=C(C1CCN([*:1])CC1)N1CCC(N2CCCC2)CC1,F[*:2],F[*:3],[H][*:4],8.325633966
CN(C)CC1CCN(CC1)C1=C(NC(=O)C2=C3N=CC(F)=CN3N=C2N)C=NC=C1,CN(C)CC1CCN([*:1])CC1,[H][*:2],F[*:3],[H][*:4],8.246545568
NC1=NN2C=C(Cl)C=NC2=C1C(=O)NC1=C(O[C@H]2C[C@@]3(CCN3)C2)C=CN=C1,C1C[C@]2(C[C@@H](O[*:1])C2)N1,[H][*:2],Cl[*:3],[H][*:4],8.18342143
CNC1CCN(CC1)C1=C(NC(=O)C2=C3N=CC(Cl)=CN3N=C2N)C=NC=C1,CNC1CCN([*:1])CC1,[H][*:2],Cl[*:3],[H][*:4],8.111090518
NC1=NN2C=C(F)C=NC2=C1C(=O)NC1=C(C=CN=C1)N1CCN(C2CC12)C1COC1,C1OCC1N1CCN([*:1])C2CC21,[H][*:2],F[*:3],[H][*:4],8.058228989
NC1=NN2C=C(F)C=NC2=C1C(=O)NC1=C(N2CCC(CC2)C(=O)N2CCC(CC2)N2CCC2)C(F)=CN=C1,O=C(C1CCN([*:1])CC1)N1CCC(N2CCC2)CC1,F[*:2],F[*:3],[H][*:4],8.045650542
NC1=NN2C=C(Cl)C=NC2=C1C(=O)NC1=C(C=CN=C1)N1CCC(CC1)N1CC2(COC2)C1,C1CN([*:1])CCC1N1CC2(COC2)C1,[H][*:2],Cl[*:3],[H][*:4],7.991191272999999
COC1CCN(C1)C1CCN(CC1)C1=C(NC(=O)C2=C3N=CC(Cl)=CN3N=C2N)C=NC=C1,COC1CCN(C2CCN([*:1])CC2)C1,[H][*:2],Cl[*:3],[H][*:4],7.953254256
NC1=NN2C=C(F)C=NC2=C1C(=O)NC1=C(N2CCC(CC2)C(=O)N2CC3CNCC3C2)C(F)=CN=C1,O=C(C1CCN([*:1])CC1)N1CC2CNCC2C1,F[*:2],F[*:3],[H][*:4],7.948354103
NC1=NN2C=C(F)C=NC2=C1C(=O)NC1=C(N2CCN(CC2)C(=O)C2CC3CCCCN3C2)C(F)=CN=C1,O=C(C1CC2CCCCN2C1)N1CCN([*:1])CC1,F[*:2],F[*:3],[H][*:4],7.938256536
NC1=NN2C=C(F)C=NC2=C1C(=O)NC1=C(N2CCC(CC2)C(=O)N2CCN(CC2)C2CC2)C(F)=CN=C1,O=C(C1CCN([*:1])CC1)N1CCN(C2CC2)CC1,F[*:2],F[*:3],[H][*:4],7.924249287
NCC1CCN(CC1)C1=C(NC(=O)C2=C3N=CC(Cl)=CN3N=C2N)C=NC=C1,NCC1CCN([*:1])CC1,[H][*:2],Cl[*:3],[H][*:4],7.896974995
NC1=NN2C=C(F)C=NC2=C1C(=O)NC1=C(C=CN=C1)N1CCN2CCC1CC2,C1CN2CCC1N([*:1])CC2,[H][*:2],F[*:3],[H][*:4],7.868279405
NC1=NN2C=C(Cl)C=NC2=C1C(=O)NC1=C(C=CN=C1)N1CCC(CC1)N1CCCC1,C1CCN(C2CCN([*:1])CC2)C1,[H][*:2],Cl[*:3],[H][*:4],7.846920637999999
CN1CCN2CCN(CC2C1)C1=C(NC(=O)C2=C3N=CC(Cl)=CN3N=C2N)C=NC=C1,CN1CCN2CCN([*:1])CC2C1,[H][*:2],Cl[*:3],[H][*:4],7.8377299460000005
NC1=NN2C=C(Cl)C=NC2=C1C(=O)NC1=C(C=CN=C1)N1CCN2CCC1CC2,C1CN2CCC1N([*:1])CC2,[H][*:2],Cl[*:3],[H][*:4],7.737176923
CNCCC1=CN(N=C1)C1=C(NC(=O)C2=C3N=CC(F)=CN3N=C2N)C=NC=C1,CNCCc1cnn([*:1])c1,[H][*:2],F[*:3],[H][*:4],7.732849344
NC1=NN2C=C(Cl)C=NC2=C1C(=O)NC1=C(OC2CC3(CNC3)C2)C=CN=C1,C1NCC12CC(O[*:1])C2,[H][*:2],Cl[*:3],[H][*:4],7.720564548
NC1=NN2C=C(Cl)C=NC2=C1C(=O)NC1=C(C=CN=C1)N1CCC(CC1)N1CCC11COC1,C1CN([*:1])CCC1N1CCC12COC2,[H][*:2],Cl[*:3],[H][*:4],7.698324953999999
NC1=NN2C=C(Cl)C=NC2=C1C(=O)NC1=C(C=CN=C1)N1CCC(CC1)N1CCC2(COC2)C1,C1CN([*:1])CCC1N1CCC2(COC2)C1,[H][*:2],Cl[*:3],[H][*:4],7.51049485
NC1=NN2C=C(F)C=NC2=C1C(=O)NC1=C(N2CCC(CC2)S(=O)(=O)N2CCN3CCC2CC3)C(F)=CN=C1,O=S(=O)(C1CCN([*:1])CC1)N1CCN2CCC1CC2,F[*:2],F[*:3],[H][*:4],7.49837345
NC1=NN2C=C(F)C=NC2=C1C(=O)NC1=C(N2CCC(CC2)C(=O)N2CCN(CC2)C2CCC2)C(F)=CN=C1,O=C(C1CCN([*:1])CC1)N1CCN(C2CCC2)CC1,F[*:2],F[*:3],[H][*:4],7.429233393
CN(C)CN1CCN(CC1)C1=C(NC(=O)C2=C3N=CC(Cl)=CN3N=C2N)C=NC=C1,CN(C)CN1CCN([*:1])CC1,[H][*:2],Cl[*:3],[H][*:4],7.4063223339999995
NC1=NN2C=C(F)C=NC2=C1C(=O)NC1=C(C=CN=C1)N1CCC(CN2CCC(F)(F)C2)CC1,FC1(F)CCN(CC2CCN([*:1])CC2)C1,[H][*:2],F[*:3],[H][*:4],7.402182343
NC1=NN2C=C(Cl)C=NC2=C1C(=O)NC1=C(C=CN=C1)N1CCC(CC1)N1CC[C@H](F)C1,F[C@H]1CCN(C2CCN([*:1])CC2)C1,[H][*:2],Cl[*:3],[H][*:4],7.357450337
NC1=NN2C=C(F)C=NC2=C1C(=O)NC1=C(N2CCN(CC2)C(=O)C2CN3CCC2CC3)C(F)=CN=C1,O=C(C1CN2CCC1CC2)N1CCN([*:1])CC1,F[*:2],F[*:3],[H][*:4],7.2105806889999995
CN1CCC(CC1)OC1CCN(CC1)C1=C(NC(=O)C2=C3N=CC(F)=CN3N=C2N)C=NC=C1,CN1CCC(OC2CCN([*:1])CC2)CC1,[H][*:2],F[*:3],[H][*:4],7.007083177999999
NC1=NN2C=C(Cl)C=NC2=C1C(=O)NC1=C(C=CN=C1)N1CCC(CC1)N1CC[C@@H](F)C1,F[C@@H]1CCN(C2CCN([*:1])CC2)C1,[H][*:2],Cl[*:3],[H][*:4],6.9678449339999995
NC1=NN2C=C(Cl)C=NC2=C1C(=O)NC1=C(C=CN=C1)N1CCC(CC1)N1CCC1,C1CN(C2CCN([*:1])CC2)C1,[H][*:2],Cl[*:3],[H][*:4],6.964707343
CN(C)CC1=NC=C(OC2=C(NC(=O)C3=C4N=CC(F)=CN4N=C3N)C=NC=C2)C=C1,CN(C)Cc1ccc(O[*:1])cn1,[H][*:2],F[*:3],[H][*:4],6.934442679
NC1=NN2C=C(F)C=NC2=C1C(=O)NC1=C(C=CN=C1)C1=CC=C(N=C1)C(=O)N1CCC(CC1)N1CCCC1,O=C(c1ccc([*:1])cn1)N1CCC(N2CCCC2)CC1,[H][*:2],F[*:3],[H][*:4],6.909731501
NC1=NN2C=C(F)C=NC2=C1C(=O)NC1=C(N2CCC(CC2)C(=O)N2CCN3CCC2CC3)C(F)=CN=C1,O=C(C1CCN([*:1])CC1)N1CCN2CCC1CC2,F[*:2],F[*:3],[H][*:4],6.883745843
CN1CCN(CC1)C(=O)C1=CC(C)=C(C=C1)C1=C(NC(=O)C2=C3N=CC(F)=CN3N=C2N)C=NC=C1,Cc1cc(C(=O)N2CCN(C)CC2)ccc1[*:1],[H][*:2],F[*:3],[H][*:4],6.868451201
NC1=NN2C=C(F)C=NC2=C1C(=O)NC1=C(N2CCN(CC2)C(=O)C23CCN(CC2)CC3)C(F)=CN=C1,O=C(N1CCN([*:1])CC1)C12CCN(CC1)CC2,F[*:2],F[*:3],[H][*:4],6.732020226
CN1CCN(CC1)C(=O)C1=CC(Cl)=C(N=C1)C1=C(NC(=O)C2=C3N=CC(F)=CN3N=C2N)C=NC=C1,CN1CCN(C(=O)c2cnc([*:1])c(Cl)c2)CC1,[H][*:2],F[*:3],[H][*:4],6.717986357999999
CN1CCC(CC1)C(=O)N1CCC(=CC1)C1=C(NC(=O)C2=C3N=CC(F)=CN3N=C2N)C=NC=C1F,CN1CCC(C(=O)N2CC=C([*:1])CC2)CC1,F[*:2],F[*:3],[H][*:4],6.65745429
NC1=NN2C=C(Cl)C=NC2=C1C(=O)NC1=C(O[C@H]2C[C@]3(CCN3)C2)C=CN=C1,C1C[C@]2(C[C@H](O[*:1])C2)N1,[H][*:2],Cl[*:3],[H][*:4],6.5492205310000005
NC1=NN2C=C(Cl)C=NC2=C1C(=O)NC1=C(N2CCC(CC2)C(=O)N2CCN3CCC2CC3)C(F)=CN=C1,O=C(C1CCN([*:1])CC1)N1CCN2CCC1CC2,F[*:2],Cl[*:3],[H][*:4],6.54193607
NC1=NN2C=C(F)C=NC2=C1C(=O)NC1=C(N2CCC(CC2)C(=O)N2CCN3CCC2CC3)C(Cl)=CN=C1,O=C(C1CCN([*:1])CC1)N1CCN2CCC1CC2,Cl[*:2],F[*:3],[H][*:4],6.501039124
NC1=NN2C=C(F)C=NC2=C1C(=O)NC1=C(C=CN=C1)C1CCN(CC1)C(=O)C12CCN(CC1)CC2,O=C(N1CCC([*:1])CC1)C12CCN(CC1)CC2,[H][*:2],F[*:3],[H][*:4],6.3921549639999995
CN(C)C1CN(C1)C1CCN(CC1)C1=C(NC(=O)C2=C3N=CC(Cl)=CN3N=C2N)C=NC=C1,CN(C)C1CN(C2CCN([*:1])CC2)C1,[H][*:2],Cl[*:3],[H][*:4],6.356881482
NC1=NN2C=C(F)C=NC2=C1C(=O)NC1=C(C=CN=C1)C1=CC=C(C=C1)C(=O)N1CCN(CC1)C1COC1,O=C(c1ccc([*:1])cc1)N1CCN(C2COC2)CC1,[H][*:2],F[*:3],[H][*:4],6.312895757000001
NC1=NN2C=C(F)C=NC2=C1C(=O)NC1=C(C=CN=C1)N1CCC2(CCNC2)CC1,C1CC2(CCN([*:1])CC2)CN1,[H][*:2],F[*:3],[H][*:4],6.264783431000001
CN1CCN(CC1)C1=C(NC(=O)C2=C3N=CC(Cl)=CN3N=C2N)C=NC(N)=C1,CN1CCN([*:1])CC1,[H][*:2],Cl[*:3],N[*:4],6.146215569
CN1CCOC[C@@H]1C1=CC=C(C=C1)C1=C(NC(=O)C2=C3N=CC(F)=CN3N=C2N)C=NC=C1,CN1CCOC[C@@H]1c1ccc([*:1])cc1,[H][*:2],F[*:3],[H][*:4],6.1029178
CN1CCN(CC1)C(=O)C1=CC=C(C=C1)C1=C(NC(=O)C2=C3N=CC(F)=CN3N=C2N)C=NC=C1,CN1CCN(C(=O)c2ccc([*:1])cc2)CC1,[H][*:2],F[*:3],[H][*:4],6.079847622000001
CN1CC2CN(CC2C1)C1=C(NC(=O)C2=C3N=CC(F)=CN3N=C2N)C=NC=C1Cl,CN1CC2CN([*:1])CC2C1,Cl[*:2],F[*:3],[H][*:4],6.067787527
NC1=NN2C=C(F)C=NC2=C1C(=O)NC1=C(C=CN=C1)C1=CC=C(C=C1F)C(=O)N1CCN(CC1)C1COC1,O=C(c1ccc([*:1])c(F)c1)N1CCN(C2COC2)CC1,[H][*:2],F[*:3],[H][*:4],6.058144546
NC1=NN2C=C(F)C=NC2=C1C(=O)NC1=C(C=CN=C1)C1=CC=C(N=C1)C(=O)N1CCC(CC1)N1CCC1,O=C(c1ccc([*:1])cn1)N1CCC(N2CCC2)CC1,[H][*:2],F[*:3],[H][*:4],6.031535255
NC1=NN2C=C(F)C=NC2=C1C(=O)NC1=C(C=CN=C1)C1=CC=C(C=C1)C(=O)N1CCNCC1,O=C(c1ccc([*:1])cc1)N1CCNCC1,[H][*:2],F[*:3],[H][*:4],6.027530914
CN1CCN(CC2CCN(CC2)C2=C(NC(=O)C3=C4N=CC(F)=CN4N=C3N)C=NC=C2F)CC1,CN1CCN(CC2CCN([*:1])CC2)CC1,F[*:2],F[*:3],[H][*:4],5.919898278
CN1CCN(CC1)C(=O)C1=CC=C(C=C1)C1=C(NC(=O)C2=C3N=CC(F)=CN3N=C2N)C=NC=C1F,CN1CCN(C(=O)c2ccc([*:1])cc2)CC1,F[*:2],F[*:3],[H][*:4],5.896333713
CN1CC[C@H](C1)OC1=NC(C)=C(C=C1)C1=C(NC(=O)C2=C3N=CC(F)=CN3N=C2N)C=NC=C1,Cc1nc(O[C@@H]2CCN(C)C2)ccc1[*:1],[H][*:2],F[*:3],[H][*:4],5.711313789
CN(C)CCN1CCN(CC1)C1=C(NC(=O)C2=C3N=CC(Cl)=CN3N=C2N)C=NC=C1,CN(C)CCN1CCN([*:1])CC1,[H][*:2],Cl[*:3],[H][*:4],5.644074679
CN1CCN(CC1)C1CCN(CC1)C1=C(NC(=O)C2=C3N=CC(Cl)=CN3N=C2N)C=NC=C1,CN1CCN(C2CCN([*:1])CC2)CC1,[H][*:2],Cl[*:3],[H][*:4],5.63322847
CN1CCN(CC1)C1=NC=C(C=C1)C1=C(NC(=O)C2=C3N=CC(F)=CN3N=C2N)C=NC=C1,CN1CCN(c2ccc([*:1])cn2)CC1,[H][*:2],F[*:3],[H][*:4],5.374042632999999
CN1CCN(CC1)C1=NC(C)=C(C=C1)C1=C(NC(=O)C2=C3N=CC(F)=CN3N=C2N)C=NC=C1,Cc1nc(N2CCN(C)CC2)ccc1[*:1],[H][*:2],F[*:3],[H][*:4],5.281780585
NC1=NN2C=C(Cl)C=NC2=C1C(=O)NC1=C(C=CN=C1)N1CCC(CC1)N1CCN2C=NC=C2C1,c1ncn2c1CN(C1CCN([*:1])CC1)CC2,[H][*:2],Cl[*:3],[H][*:4],5.150537149
NC1=NN2C=C(F)C=NC2=C1C(=O)NC1=C(C=CN=C1)C1=CC=C(C=C1)C(=O)N1CCN2CCC1CC2,O=C(c1ccc([*:1])cc1)N1CCN2CCC1CC2,[H][*:2],F[*:3],[H][*:4],5.139634716000001
CN(C)C1CCN(C1)C1CCN(CC1)C1=C(NC(=O)C2=C3N=CC(Cl)=CN3N=C2N)C=NC=C1,CN(C)C1CCN(C2CCN([*:1])CC2)C1,[H][*:2],Cl[*:3],[H][*:4],5.088931765
NC1=NN2C=C(Cl)C=NC2=C1C(=O)NC1=C(C=CN=C1)N1CCC(CC1)N1CCN2C=CN=C2C1,c1cn2c(n1)CN(C1CCN([*:1])CC1)CC2,[H][*:2],Cl[*:3],[H][*:4],5.050112643
CNC1=CC(N2CCN(C)CC2)=C(NC(=O)C2=C3N=CC(F)=CN3N=C2N)C=N1,CN1CCN([*:1])CC1,[H][*:2],F[*:3],CN[*:4],4.945048645
CN1CCN(CC2CCN(CC2)C2=C(NC(=O)C3=C4N=CC(=CN4N=C3N)C3(CC3)C#N)C=NC=C2F)CC1,CN1CCN(CC2CCN([*:1])CC2)CC1,F[*:2],N#CC1([*:3])CC1,[H][*:4],4.619664704