Original_SMILES,R1,R2,R3,R4,potency
NC1=NN2C=C(F)C=NC2=C1C(=O)NC1=C(C=CN=C1)N1CCN(CC1)C1COC1,C1OCC1N1CCN([*:1])CC1,[H][*:2],F[*:3],[H][*:4],< 20 nM 
NC1CCN(CC1)C1=C(NC(=O)C2=C3N=CC(CC#N)=CN3N=C2N)C=NC=C1,NC1CCN([*:1])CC1,[H][*:2],N#CC[*:3],[H][*:4],Inactive
CN1CCN(CC1)C1=C(NC(=O)C2=C3N=CC(F)=CN3N=C2N)C=NC=C1,CN1CCN([*:1])CC1,[H][*:2],F[*:3],[H][*:4],Inactive
CC(C)N1CCN(CC1)C1=C(NC(=O)C2=C3N=CC(F)=CN3N=C2N)C=NC=C1,CC(C)N1CCN([*:1])CC1,[H][*:2],F[*:3],[H][*:4],Inactive
CN1CCN(CC1)C1=C(NC(=O)C2=C3N=CC(F)=CN3N=C2N)C=NC=C1C1CC1,CN1CCN([*:1])CC1,C1CC1[*:2],F[*:3],[H][*:4],Inactive
NC1=NN2C=C(F)C=NC2=C1C(=O)NC1=C(C=CN=C1)N1C=CN=C1,c1cn([*:1])cn1,[H][*:2],F[*:3],[H][*:4],Inactive
CNCCC1=CN(N=C1)C1=C(NC(=O)C2=C3N=CC(F)=CN3N=C2N)C=NC=C1,CNCCc1cnn([*:1])c1,[H][*:2],F[*:3],[H][*:4],Inactive
CN(C)CCC1=CN(N=C1)C1=C(NC(=O)C2=C3N=CC(F)=CN3N=C2N)C=NC=C1,CN(C)CCc1cnn([*:1])c1,[H][*:2],F[*:3],[H][*:4],Inactive
NC1=NN2C=C(F)C=NC2=C1C(=O)NC1=C(C=CN=C1)N1CCN(CC1)[C@@H]1CCOC1,C1C[C@@H](N2CCN([*:1])CC2)CO1,[H][*:2],F[*:3],[H][*:4],Inactive
NC1=NN2C=C(F)C=NC2=C1C(=O)NC1=C(C=CN=C1)N1CCN(CC1)C1CCOCC1,C1CC(N2CCN([*:1])CC2)CCO1,[H][*:2],F[*:3],[H][*:4],Inactive
NC1=NN2C=C(F)C=NC2=C1C(=O)NC1=C(C=CN=C1)N1CCN(CC1)[C@H]1CCOC1,C1C[C@H](N2CCN([*:1])CC2)CO1,[H][*:2],F[*:3],[H][*:4],Inactive
NC1=NN2C=C(F)C=NC2=C1C(=O)NC1=C(N2CCN(CC2)C2COC2)C(F)=CN=C1,C1OCC1N1CCN([*:1])CC1,F[*:2],F[*:3],[H][*:4],< 20 nM 
CN1CCN(CC1)C1=C(NC(=O)C2=C3N=CC(Cl)=CN3N=C2N)C=NC=C1F,CN1CCN([*:1])CC1,F[*:2],Cl[*:3],[H][*:4],Inactive
CN1CCN(CC1)C1=C(NC(=O)C2=C3N=CC(F)=CN3N=C2N)C=NC=C1F,CN1CCN([*:1])CC1,F[*:2],F[*:3],[H][*:4],Inactive
CC1=CN=CC(NC(=O)C2=C3N=CC(F)=CN3N=C2N)=C1N1CCN(CC1)C1COC1,C1OCC1N1CCN([*:1])CC1,C[*:2],F[*:3],[H][*:4],Inactive
CCN1CCN(CC1)C1=C(NC(=O)C2=C3N=CC(F)=CN3N=C2N)C=NC=C1,CCN1CCN([*:1])CC1,[H][*:2],F[*:3],[H][*:4],Inactive
NC1=NN2C=C(F)C=NC2=C1C(=O)NC1=C(C=CN=C1)N1CCN2CCC1CC2,C1CN2CCC1N([*:1])CC2,[H][*:2],F[*:3],[H][*:4],Inactive
NC1=NN2C=C(F)C=NC2=C1C(=O)NC1=C(C=CN=C1)N1CCN(CC1)C1CCOC1,C1CC(N2CCN([*:1])CC2)CO1,[H][*:2],F[*:3],[H][*:4],Inactive
NC1=NN2C=C(F)C=NC2=C1C(=O)NC1=C(C=CN=C1)N1CCN(CC(F)(F)F)CC1,FC(F)(F)CN1CCN([*:1])CC1,[H][*:2],F[*:3],[H][*:4],Inactive
NC1=NN2C=C(F)C=NC2=C1C(=O)NC1=C(C=CN=C1)N1CCN2CCC[C@H]2C1,C1C[C@H]2CN([*:1])CCN2C1,[H][*:2],F[*:3],[H][*:4],Inactive
COCCN1CCN(CC1)C1=C(NC(=O)C2=C3N=CC(F)=CN3N=C2N)C=NC=C1,COCCN1CCN([*:1])CC1,[H][*:2],F[*:3],[H][*:4],Inactive
C[C@@H]1CN(CCN1C1=C(NC(=O)C2=C3N=CC(F)=CN3N=C2N)C=NC=C1)C1COC1,C[C@@H]1CN(C2COC2)CCN1[*:1],[H][*:2],F[*:3],[H][*:4],Inactive
C[C@H]1CN(CCN1C1=C(NC(=O)C2=C3N=CC(F)=CN3N=C2N)C=NC=C1)C1COC1,C[C@H]1CN(C2COC2)CCN1[*:1],[H][*:2],F[*:3],[H][*:4],Inactive
C[C@@H]1CN(CCN1C1=C(NC(=O)C2=C3N=CC(Cl)=CN3N=C2N)C=NC=C1)C1(C)COC1,C[C@@H]1CN(C2(C)COC2)CCN1[*:1],[H][*:2],Cl[*:3],[H][*:4],Inactive
NC1=NN2C=C(F)C=NC2=C1C(=O)NC1=C(C=CN=C1)N1C=CC=N1,c1cnn([*:1])c1,[H][*:2],F[*:3],[H][*:4],Inactive
NC1=NN2C=C(F)C=NC2=C1C(=O)NC1=C(C=CN=C1)N1C=NC(=C1)C(F)(F)F,FC(F)(F)c1cn([*:1])cn1,[H][*:2],F[*:3],[H][*:4],Inactive
CC1=NC=CN1C1=C(NC(=O)C2=C3N=CC(F)=CN3N=C2N)C=NC=C1,Cc1nccn1[*:1],[H][*:2],F[*:3],[H][*:4],Inactive
NC1=NN2C=C(Cl)C=NC2=C1C(=O)NC1=C(C=CN=C1)N1C=CN=C1,c1cn([*:1])cn1,[H][*:2],Cl[*:3],[H][*:4],Inactive
CC1=NC(=CN1C1=C(NC(=O)C2=C3N=CC(F)=CN3N=C2N)C=NC=C1)C(F)(F)F,Cc1nc(C(F)(F)F)cn1[*:1],[H][*:2],F[*:3],[H][*:4],Inactive
NC1=NN2C=C(F)C=NC2=C1C(=O)NC1=C(C=CN=C1)N1CCN(C2CC12)C1COC1,C1OCC1N1CCN([*:1])C2CC21,[H][*:2],F[*:3],[H][*:4],Inactive
NC1=NN2C=C(F)C=NC2=C1C(=O)NC1=C(N2CCN(CC2)C2COC2)C(=CN=C1)C1CC1,C1OCC1N1CCN([*:1])CC1,C1CC1[*:2],F[*:3],[H][*:4],Inactive
NC1=NN2C=C(F)C=NC2=C1C(=O)NC1=C(C=CN=C1)N1CCN(CC1)C1CC1,C1CC1N1CCN([*:1])CC1,[H][*:2],F[*:3],[H][*:4],Inactive
CC(C)(C)N1CCN(CC1)C1=C(NC(=O)C2=C3N=CC(Cl)=CN3N=C2N)C=NC=C1,CC(C)(C)N1CCN([*:1])CC1,[H][*:2],Cl[*:3],[H][*:4],Inactive
CN(C)[C@H]1CCN(C[C@@H]1O)C1=C(NC(=O)C2=C3N=CC(Cl)=CN3N=C2N)C=NC=C1,CN(C)[C@H]1CCN([*:1])C[C@@H]1O,[H][*:2],Cl[*:3],[H][*:4],Inactive
CN(C)CC1(O)CCN(CC1)C1=C(NC(=O)C2=C3N=CC(Cl)=CN3N=C2N)C=NC=C1,CN(C)CC1(O)CCN([*:1])CC1,[H][*:2],Cl[*:3],[H][*:4],Inactive
CN(C)C1CCN(CC1)C1=C(NC(=O)C2=C3N=CC(Cl)=CN3N=C2N)C=NC=C1,CN(C)C1CCN([*:1])CC1,[H][*:2],Cl[*:3],[H][*:4],Inactive
NC1=NN2C=C(F)C=NC2=C1C(=O)NC1=C(N2CCN3CCN(CC3C2)C2COC2)C(Cl)=CN=C1,C1OCC1N1CCN2CCN([*:1])CC2C1,Cl[*:2],F[*:3],[H][*:4],Inactive
CC(C)N1CCN(CC1)C1=C(NC(=O)C2=C3N=CC(Cl)=CN3N=C2N)C=NC=C1,CC(C)N1CCN([*:1])CC1,[H][*:2],Cl[*:3],[H][*:4],Inactive
CN(C)C1CCCN(C1)C1=C(NC(=O)C2=C3N=CC(Cl)=CN3N=C2N)C=NC=C1,CN(C)C1CCCN([*:1])C1,[H][*:2],Cl[*:3],[H][*:4],Inactive
CN1CCN(CC1)C1=C(NC(=O)C2=C3N=CC(Cl)=CN3N=C2N)C=NC=C1Cl,CN1CCN([*:1])CC1,Cl[*:2],Cl[*:3],[H][*:4],Inactive
NC1=NN2C=C(Cl)C=NC2=C1C(=O)NC1=C(C=CN=C1)N1C2CCC1CC(O)C2,OC1CC2CCC(C1)N2[*:1],[H][*:2],Cl[*:3],[H][*:4],Inactive
CN1CCCN(CC1)C1=C(NC(=O)C2=C3N=CC(Cl)=CN3N=C2N)C=NC=C1,CN1CCCN([*:1])CC1,[H][*:2],Cl[*:3],[H][*:4],Inactive
NC1=NN2C=C(Cl)C=NC2=C1C(=O)NC1=C(C=CN=C1)N1CCN2C=CN=C2C1,c1cn2c(n1)CN([*:1])CC2,[H][*:2],Cl[*:3],[H][*:4],Inactive
CN(C)CN1CCN(CC1)C1=C(NC(=O)C2=C3N=CC(Cl)=CN3N=C2N)C=NC=C1,CN(C)CN1CCN([*:1])CC1,[H][*:2],Cl[*:3],[H][*:4],Inactive
COC1(CN(C)C)CCN(CC1)C1=C(NC(=O)C2=C3N=CC(Cl)=CN3N=C2N)C=NC=C1,COC1(CN(C)C)CCN([*:1])CC1,[H][*:2],Cl[*:3],[H][*:4],Inactive
COCC1CN(CCN1C)C1=C(NC(=O)C2=C3N=CC(Cl)=CN3N=C2N)C=NC=C1,COCC1CN([*:1])CCN1C,[H][*:2],Cl[*:3],[H][*:4],Inactive
NC1=NN2C=C(Cl)C=NC2=C1C(=O)NC1=C(C=CN=C1)N1CCN(CC1)C1CCC1,C1CC(N2CCN([*:1])CC2)C1,[H][*:2],Cl[*:3],[H][*:4],Inactive
CN(C)CCN1CCN(CC1)C1=C(NC(=O)C2=C3N=CC(Cl)=CN3N=C2N)C=NC=C1,CN(C)CCN1CCN([*:1])CC1,[H][*:2],Cl[*:3],[H][*:4],Inactive
CN1CCN(CC1)C1=C(NC(=O)C2=C3N=CC(Cl)=CN3N=C2N)C=NC(N)=C1,CN1CCN([*:1])CC1,[H][*:2],Cl[*:3],N[*:4],Inactive
CCN1CCN(CC1)C1=C(NC(=O)C2=C3N=CC(Cl)=CN3N=C2N)C=NC=C1,CCN1CCN([*:1])CC1,[H][*:2],Cl[*:3],[H][*:4],Inactive
CN1CCN(CC1)C1=C(NC(=O)C2=C3N=CC(Cl)=CN3N=C2N)C=NC(Cl)=C1,CN1CCN([*:1])CC1,[H][*:2],Cl[*:3],Cl[*:4],Inactive
CN1CCN(CC1(C)C)C1=C(NC(=O)C2=C3N=CC(Cl)=CN3N=C2N)C=NC=C1,CN1CCN([*:1])CC1(C)C,[H][*:2],Cl[*:3],[H][*:4],Inactive
CC1CN(CCN1C)C1=C(NC(=O)C2=C3N=CC(Cl)=CN3N=C2N)C=NC=C1,CC1CN([*:1])CCN1C,[H][*:2],Cl[*:3],[H][*:4],Inactive
NC1CCCN(C1)C1=C(NC(=O)C2=C3N=CC(Cl)=CN3N=C2N)C=NC=C1,NC1CCCN([*:1])C1,[H][*:2],Cl[*:3],[H][*:4],Inactive
NC1=NN2C=C(Cl)C=NC2=C1C(=O)NC1=C(C=CN=C1)N1CCN2CCC1CC2,C1CN2CCC1N([*:1])CC2,[H][*:2],Cl[*:3],[H][*:4],Inactive
CN1CCN(CC1)C1=C(NC(=O)C2=C3N=CC(Cl)=CN3N=C2N)C=NC=C1C,CN1CCN([*:1])CC1,C[*:2],Cl[*:3],[H][*:4],Inactive
NC1=NN2C=C(Cl)C=NC2=C1C(=O)NC1=C(C=CN=C1)N1CCN(CC1)C1COC1,C1OCC1N1CCN([*:1])CC1,[H][*:2],Cl[*:3],[H][*:4],< 20 nM 
CN1CCN(CC1)C1=C(NC(=O)C2=C3N=CC(Cl)=CN3N=C2N)C=NC=C1,CN1CCN([*:1])CC1,[H][*:2],Cl[*:3],[H][*:4],Inactive
COCCN1CCN(CC1)C1=C(NC(=O)C2=C3N=CC(Cl)=CN3N=C2N)C=NC=C1,COCCN1CCN([*:1])CC1,[H][*:2],Cl[*:3],[H][*:4],Inactive
CN1CCN2CCN(CC2C1)C1=C(NC(=O)C2=C3N=CC(Cl)=CN3N=C2N)C=NC=C1,CN1CCN2CCN([*:1])CC2C1,[H][*:2],Cl[*:3],[H][*:4],Inactive
CC1(COC1)N1CCN(CC1)C1=C(NC(=O)C2=C3N=CC(F)=CN3N=C2N)C=NC=C1,CC1(N2CCN([*:1])CC2)COC1,[H][*:2],F[*:3],[H][*:4],Inactive
CN1CCN(CC1CO)C1=C(NC(=O)C2=C3N=CC(Cl)=CN3N=C2N)C=NC=C1,CN1CCN([*:1])CC1CO,[H][*:2],Cl[*:3],[H][*:4],Inactive
NC1=NN2C=C(Cl)C=NC2=C1C(=O)NC1=C(C=CN=C1)N1CCN(CC1)C1CC1,C1CC1N1CCN([*:1])CC1,[H][*:2],Cl[*:3],[H][*:4],Inactive
NC1=NN2C=C(Cl)C=NC2=C1C(=O)NC1=C(C=CN=C1)N1CCN2CCC[C@@H]2C1,C1C[C@@H]2CN([*:1])CCN2C1,[H][*:2],Cl[*:3],[H][*:4],Inactive
CC1(O)CCN(CC1)C1=C(NC(=O)C2=C3N=CC(Cl)=CN3N=C2N)C=NC=C1,CC1(O)CCN([*:1])CC1,[H][*:2],Cl[*:3],[H][*:4],Inactive
NC1=NN2C=C(Cl)C=NC2=C1C(=O)NC1=C(C=CN=C1)N1CCN(CC(F)(F)F)CC1,FC(F)(F)CN1CCN([*:1])CC1,[H][*:2],Cl[*:3],[H][*:4],Inactive
NC1=NN2C=C(Cl)C=NC2=C1C(=O)NC1=C(C=CN=C1)N1CCS(=O)CC1,O=S1CCN([*:1])CC1,[H][*:2],Cl[*:3],[H][*:4],Inactive
CC(C)(O)C1CCN(CC1)C1=C(NC(=O)C2=C3N=CC(Cl)=CN3N=C2N)C=NC=C1,CC(C)(O)C1CCN([*:1])CC1,[H][*:2],Cl[*:3],[H][*:4],Inactive
NC1=NN2C=C(Cl)C=NC2=C1C(=O)NC1=C(C=CN=C1)N1CCNC(C1)C(F)(F)F,FC(F)(F)C1CN([*:1])CCN1,[H][*:2],Cl[*:3],[H][*:4],Inactive
NC1=NN2C=C(Cl)C=NC2=C1C(=O)NC1=C(C=CN=C1)N1CCN2CCC[C@H]2C1,C1C[C@H]2CN([*:1])CCN2C1,[H][*:2],Cl[*:3],[H][*:4],Inactive
CC1CN(C)CCN1C1=C(NC(=O)C2=C3N=CC(Cl)=CN3N=C2N)C=NC=C1,CC1CN(C)CCN1[*:1],[H][*:2],Cl[*:3],[H][*:4],Inactive
COC1CCN(CC1)C1=C(NC(=O)C2=C3N=CC(Cl)=CN3N=C2N)C=NC=C1,COC1CCN([*:1])CC1,[H][*:2],Cl[*:3],[H][*:4],Inactive
COC(=O)C1CCN(CC1)C1=C(NC(=O)C2=C3N=CC(Cl)=CN3N=C2N)C=NC=C1,COC(=O)C1CCN([*:1])CC1,[H][*:2],Cl[*:3],[H][*:4],Inactive
NC1=NN2C=C(Cl)C=NC2=C1C(=O)NC1=C(C=CN=C1)N1CCN2C=NC=C2C1,c1ncn2c1CN([*:1])CC2,[H][*:2],Cl[*:3],[H][*:4],Inactive
CN1CCN(CC1)C1=C(NC(=O)C2=C3N=CC(=CN3N=C2N)C(C)(C)C#N)C=NC=C1,CN1CCN([*:1])CC1,[H][*:2],CC(C)(C#N)[*:3],[H][*:4],Inactive
NC1=NN2C=C(CC#N)C=NC2=C1C(=O)NC1=C(C=CN=C1)N1CCCC1,C1CCN([*:1])C1,[H][*:2],N#CC[*:3],[H][*:4],Inactive
CC(C#N)C1=CN2N=C(N)C(C(=O)NC3=C(C=CN=C3)N3CCN(C)CC3)=C2N=C1,CN1CCN([*:1])CC1,[H][*:2],CC(C#N)[*:3],[H][*:4],Inactive
NC1=NN2C=C(CC#N)C=NC2=C1C(=O)NC1=C(C=CN=C1)N1CCCCCC1,C1CCCN([*:1])CC1,[H][*:2],N#CC[*:3],[H][*:4],Inactive
CN1CCN(CC1)C1=C(NC(=O)C2=C3N=CC(CC#N)=CN3N=C2N)C=NC=C1F,CN1CCN([*:1])CC1,F[*:2],N#CC[*:3],[H][*:4],Inactive
NC1=NN2C=C(CC#N)C=NC2=C1C(=O)NC1=C(C=CN=C1)N1CCOCC1,C1CN([*:1])CCO1,[H][*:2],N#CC[*:3],[H][*:4],Inactive
CN1CCN(CC1)C1=C(NC(=O)C2=C3N=CC(CC#N)=CN3N=C2N)C=NC=C1,CN1CCN([*:1])CC1,[H][*:2],N#CC[*:3],[H][*:4],Inactive
NC1=NN2C=C(CC#N)C=NC2=C1C(=O)NC1=C(C=CN=C1)N1CCC(O)CC1,OC1CCN([*:1])CC1,[H][*:2],N#CC[*:3],[H][*:4],Inactive
NC1=NN2C=C(CC#N)C=NC2=C1C(=O)NC1=C(C=CN=C1)N1CCCCC1,C1CCN([*:1])CC1,[H][*:2],N#CC[*:3],[H][*:4],Inactive
CN1CCN(CC1)C1=C(NC(=O)C2=C3N=CC(F)=CN3N=C2N)C=NC=C1Cl,CN1CCN([*:1])CC1,Cl[*:2],F[*:3],[H][*:4],Inactive
NC1CCN(CC1)C1=C(NC(=O)C2=C3N=CC(Cl)=CN3N=C2N)C=NC=C1,NC1CCN([*:1])CC1,[H][*:2],Cl[*:3],[H][*:4],Inactive
CNC1CCN(CC1)C1=C(NC(=O)C2=C3N=CC(Cl)=CN3N=C2N)C=NC=C1,CNC1CCN([*:1])CC1,[H][*:2],Cl[*:3],[H][*:4],Inactive
NC1=NN2C=C(Cl)C=NC2=C1C(=O)NC1=C(C=CN=C1)N1CCNCC1,C1CN([*:1])CCN1,[H][*:2],Cl[*:3],[H][*:4],Inactive
NC1=NN2C=C(CC#N)C=NC2=C1C(=O)NC1=C(C=CN=C1)N1CCNCC1,C1CN([*:1])CCN1,[H][*:2],N#CC[*:3],[H][*:4],Inactive
NCC1CN(CCO1)C1=C(NC(=O)C2=C3N=CC(CC#N)=CN3N=C2N)C=NC=C1,NCC1CN([*:1])CCO1,[H][*:2],N#CC[*:3],[H][*:4],Inactive
NCC1CCN(CC1)C1=C(NC(=O)C2=C3N=CC(Cl)=CN3N=C2N)C=NC=C1,NCC1CCN([*:1])CC1,[H][*:2],Cl[*:3],[H][*:4],Inactive
NC1=NN2C=C(F)C=NC2=C1C(=O)NC1=C(C=CN=C1)N1CCC(CC1)C(O)=O,O=C(O)C1CCN([*:1])CC1,[H][*:2],F[*:3],[H][*:4],Inactive
NC1=NN2C=C(Cl)C=NC2=C1C(=O)NC1=C(C=CN=C1)N1CCC(CC1)N1CCC1,C1CN(C2CCN([*:1])CC2)C1,[H][*:2],Cl[*:3],[H][*:4],Inactive
CN(C)C1CN(C1)C1CCN(CC1)C1=C(NC(=O)C2=C3N=CC(Cl)=CN3N=C2N)C=NC=C1,CN(C)C1CN(C2CCN([*:1])CC2)C1,[H][*:2],Cl[*:3],[H][*:4],Inactive
COC1CCN(C1)C1CCN(CC1)C1=C(NC(=O)C2=C3N=CC(Cl)=CN3N=C2N)C=NC=C1,COC1CCN(C2CCN([*:1])CC2)C1,[H][*:2],Cl[*:3],[H][*:4],Inactive
CN1CCN(CC1)C1CCN(CC1)C1=C(NC(=O)C2=C3N=CC(Cl)=CN3N=C2N)C=NC=C1,CN1CCN(C2CCN([*:1])CC2)CC1,[H][*:2],Cl[*:3],[H][*:4],Inactive
NC1=NN2C=C(Cl)C=NC2=C1C(=O)NC1=C(C=CN=C1)N1CCC(CC1)N1CC[C@@H](F)C1,F[C@@H]1CCN(C2CCN([*:1])CC2)C1,[H][*:2],Cl[*:3],[H][*:4],Inactive
NC1=NN2C=C(Cl)C=NC2=C1C(=O)NC1=C(C=CN=C1)N1CCC(CC1)N1CCC2(COC2)C1,C1CN([*:1])CCC1N1CCC2(COC2)C1,[H][*:2],Cl[*:3],[H][*:4],Inactive
NC1=NN2C=C(Cl)C=NC2=C1C(=O)NC1=C(C=CN=C1)N1CCC(CC1)N1CCS(=O)CC1,O=S1CCN(C2CCN([*:1])CC2)CC1,[H][*:2],Cl[*:3],[H][*:4],Inactive
NC1=NN2C=C(Cl)C=NC2=C1C(=O)NC1=C(C=CN=C1)N1CCC(CC1)N1CCN2C=NC=C2C1,c1ncn2c1CN(C1CCN([*:1])CC1)CC2,[H][*:2],Cl[*:3],[H][*:4],Inactive
NC1=NN2C=C(Cl)C=NC2=C1C(=O)NC1=C(C=CN=C1)N1CCC(CC1)N1CCN2C=CN=C2C1,c1cn2c(n1)CN(C1CCN([*:1])CC1)CC2,[H][*:2],Cl[*:3],[H][*:4],Inactive
NC1=NN2C=C(Cl)C=NC2=C1C(=O)NC1=C(C=CN=C1)N1CCC(CC1)N1CC[C@H](F)C1,F[C@H]1CCN(C2CCN([*:1])CC2)C1,[H][*:2],Cl[*:3],[H][*:4],Inactive
NC1=NN2C=C(Cl)C=NC2=C1C(=O)NC1=C(C=CN=C1)N1CCC(CC1)N1CCOCC1,C1CN(C2CCN([*:1])CC2)CCO1,[H][*:2],Cl[*:3],[H][*:4],Inactive
NC1=NN2C=C(Cl)C=NC2=C1C(=O)NC1=C(C=CN=C1)N1CCC(CC1)N1CCCC1,C1CCN(C2CCN([*:1])CC2)C1,[H][*:2],Cl[*:3],[H][*:4],Inactive
CN(C)C1CCN(C1)C1CCN(CC1)C1=C(NC(=O)C2=C3N=CC(Cl)=CN3N=C2N)C=NC=C1,CN(C)C1CCN(C2CCN([*:1])CC2)C1,[H][*:2],Cl[*:3],[H][*:4],Inactive
COC1CN(C1)C1CCN(CC1)C1=C(NC(=O)C2=C3N=CC(Cl)=CN3N=C2N)C=NC=C1,COC1CN(C2CCN([*:1])CC2)C1,[H][*:2],Cl[*:3],[H][*:4],Inactive
NC1=NN2C=C(Cl)C=NC2=C1C(=O)NC1=C(C=CN=C1)N1CCC(CC1)N1CC(F)(F)C1,FC1(F)CN(C2CCN([*:1])CC2)C1,[H][*:2],Cl[*:3],[H][*:4],Inactive
NC1=NN2C=C(Cl)C=NC2=C1C(=O)NC1=C(C=CN=C1)N1CCC(CC1)N1CCC11COC1,C1CN([*:1])CCC1N1CCC12COC2,[H][*:2],Cl[*:3],[H][*:4],Inactive
CN1CCN(CC1)C1=C(NC(=O)C2=C3N=CC(F)=CN3N=C2N)C=NC=C1C(F)F,CN1CCN([*:1])CC1,FC(F)[*:2],F[*:3],[H][*:4],Inactive
CN1CCN(CC1)C1=C(NC(=O)C2=C3N=CC(F)=CN3N=C2N)C=NC=C1C#N,CN1CCN([*:1])CC1,N#C[*:2],F[*:3],[H][*:4],Inactive
NC1=NN2C=C(F)C=NC2=C1C(=O)NC1=C(C=CN=C1)N1CCN2CCOCC2C1,C1CN2CCN([*:1])CC2CO1,[H][*:2],F[*:3],[H][*:4],Inactive
NC1=NN2C=C(F)C=NC2=C1C(=O)NC1=C(C=CN=C1)N1CCN2CCOC[C@H]2C1,C1CN2CCN([*:1])C[C@@H]2CO1,[H][*:2],F[*:3],[H][*:4],Inactive
NC1=NN2C=C(Cl)C=NC2=C1C(=O)NC1=C(N2CCN(CC2)C2COC2)C(F)=CN=C1,C1OCC1N1CCN([*:1])CC1,F[*:2],Cl[*:3],[H][*:4],Inactive
NC1=NN2C=C(F)C=NC2=C1C(=O)NC1=C(N2CCNCC2)C(F)=CN=C1,C1CN([*:1])CCN1,F[*:2],F[*:3],[H][*:4],< 20 nM 
NC1=NN2C=C(F)C=NC2=C1C(=O)NC1=C(N2CCN(CC2)[C@@H]2CCOC2)C(=CN=C1)C1CC1,C1C[C@@H](N2CCN([*:1])CC2)CO1,C1CC1[*:2],F[*:3],[H][*:4],Inactive
NC1=NN2C=C(F)C=NC2=C1C(=O)NC1=C(N2CCN(CC2)[C@H]2CCOC2)C(=CN=C1)C1CC1,C1C[C@H](N2CCN([*:1])CC2)CO1,C1CC1[*:2],F[*:3],[H][*:4],Inactive
NC1=NN2C=C(F)C=NC2=C1C(=O)NC1=C(N2CCN(CC2)C2CCOCC2)C(F)=CN=C1,C1CC(N2CCN([*:1])CC2)CCO1,F[*:2],F[*:3],[H][*:4],Inactive
NC1=NN2C=C(F)C=NC2=C1C(=O)NC1=C(N2CCN(CC2)C2CCOC2)C(F)=CN=C1,C1CC(N2CCN([*:1])CC2)CO1,F[*:2],F[*:3],[H][*:4],Inactive
CC1=CN=CC(NC(=O)C2=C3N=CC(F)=CN3N=C2N)=C1N1CCN(CC1)C1CCOCC1,C1CC(N2CCN([*:1])CC2)CCO1,C[*:2],F[*:3],[H][*:4],Inactive
NC1=NN2C=C(F)C=NC2=C1C(=O)NC1=C(N2CCN(CC2)C2CCOC2)C(Cl)=CN=C1,C1CC(N2CCN([*:1])CC2)CO1,Cl[*:2],F[*:3],[H][*:4],Inactive
NC1=NN2C=C(F)C=NC2=C1C(=O)NC1=C(N2CCN(CC2)[C@H]2CCOC2)C(F)=CN=C1,C1C[C@H](N2CCN([*:1])CC2)CO1,F[*:2],F[*:3],[H][*:4],Inactive
NC1=NN2C=C(F)C=NC2=C1C(=O)NC1=C(N2CCNCC2)C(Cl)=CN=C1,C1CN([*:1])CCN1,Cl[*:2],F[*:3],[H][*:4],Inactive
COCCN1CCN(CC1)C1=C(NC(=O)C2=C3N=CC(F)=CN3N=C2N)C=NC=C1F,COCCN1CCN([*:1])CC1,F[*:2],F[*:3],[H][*:4],Inactive
CN1CCC(CC1)C(=O)N1CCN(CC1)C1=C(NC(=O)C2=C3N=CC(F)=CN3N=C2N)C=NC=C1F,CN1CCC(C(=O)N2CCN([*:1])CC2)CC1,F[*:2],F[*:3],[H][*:4],Inactive
CNC1=CC(N2CCN(C)CC2)=C(NC(=O)C2=C3N=CC(F)=CN3N=C2N)C=N1,CN1CCN([*:1])CC1,[H][*:2],F[*:3],CN[*:4],Inactive
NC1=NN2C=C(F)C=NC2=C1C(=O)NC1=C(N2CCN(CC2)C(=O)C2CN3CCC2CC3)C(F)=CN=C1,O=C(C1CN2CCC1CC2)N1CCN([*:1])CC1,F[*:2],F[*:3],[H][*:4],Inactive
CN1CC[C@H](C1)OC1CCN(CC1)C1=C(NC(=O)C2=C3N=CC(F)=CN3N=C2N)C=NC=C1,CN1CC[C@@H](OC2CCN([*:1])CC2)C1,[H][*:2],F[*:3],[H][*:4],Inactive
CN1CC[C@H](C1)OC1CCN(CC1)C1=C(NC(=O)C2=C3N=CC(F)=CN3N=C2N)C=NC=C1F,CN1CC[C@@H](OC2CCN([*:1])CC2)C1,F[*:2],F[*:3],[H][*:4],Inactive
CN1CCN(CC11CCOCC1)C1=C(NC(=O)C2=C3N=CC(F)=CN3N=C2N)C=NC=C1,CN1CCN([*:1])CC12CCOCC2,[H][*:2],F[*:3],[H][*:4],Inactive
NC1=NN2C=C(F)C=NC2=C1C(=O)NC1=C(N2CCN(CC2)C(=O)C23CCN(CC2)CC3)C(F)=CN=C1,O=C(N1CCN([*:1])CC1)C12CCN(CC1)CC2,F[*:2],F[*:3],[H][*:4],Inactive
NC1=NN2C=C(F)C=NC2=C1C(=O)NC1=C(N2CCN3CCOC[C@H]3C2)C(F)=CN=C1,C1CN2CCN([*:1])C[C@@H]2CO1,F[*:2],F[*:3],[H][*:4],Inactive
NC1=NN2C=C(F)C=NC2=C1C(=O)NC1=C(C=CN=C1)N1CCN2C(COCC2=O)C1,O=C1COCC2CN([*:1])CCN12,[H][*:2],F[*:3],[H][*:4],Inactive
NC1=NN2C=C(F)C=NC2=C1C(=O)NC1=C(N2CCN3CCOC[C@@H]3C2)C(F)=CN=C1,C1CN2CCN([*:1])C[C@H]2CO1,F[*:2],F[*:3],[H][*:4],Inactive
CN1CCN(CC1)C1=C(NC(=O)C2=C3N=CC(=CN3N=C2N)C(C)(C)C#N)C=NC=C1F,CN1CCN([*:1])CC1,F[*:2],CC(C)(C#N)[*:3],[H][*:4],Inactive
CC(C)(O)CN1CCN(CC1)C1=C(NC(=O)C2=C3N=CC(F)=CN3N=C2N)C=NC=C1F,CC(C)(O)CN1CCN([*:1])CC1,F[*:2],F[*:3],[H][*:4],Inactive
CN1CCN(CC1)C(=O)N1CCN(CC1)C1=C(NC(=O)C2=C3N=CC(F)=CN3N=C2N)C=NC=C1F,CN1CCN(C(=O)N2CCN([*:1])CC2)CC1,F[*:2],F[*:3],[H][*:4],Inactive
NC1=NN2C=C(F)C=NC2=C1C(=O)NC1=C(C=CN=C1)N1CCOCC1,C1CN([*:1])CCO1,[H][*:2],F[*:3],[H][*:4],Inactive
CC(C)(C#N)C1=CN2N=C(N)C(C(=O)NC3=C(C=CN=C3)N3CCN(CC3)C3COC3)=C2N=C1,C1OCC1N1CCN([*:1])CC1,[H][*:2],CC(C)(C#N)[*:3],[H][*:4],Inactive
CC(C#N)C1=CN2N=C(N)C(C(=O)NC3=C(C=CN=C3)N3CCN(CC3)C3COC3)=C2N=C1,C1OCC1N1CCN([*:1])CC1,[H][*:2],CC(C#N)[*:3],[H][*:4],Inactive
CC(C)(C#N)C1=CN2N=C(N)C(C(=O)NC3=C(N4CCN(CC4)C4COC4)C(F)=CN=C3)=C2N=C1,C1OCC1N1CCN([*:1])CC1,F[*:2],CC(C)(C#N)[*:3],[H][*:4],Inactive
CC(C#N)C1=CN2N=C(N)C(C(=O)NC3=C(N4CCC(CC4)C4COC4)C(F)=CN=C3)=C2N=C1,C1CN([*:1])CCC1C1COC1,F[*:2],CC(C#N)[*:3],[H][*:4],Inactive
CN(C)S(=O)(=O)C1CCN(CC1)C1=C(NC(=O)C2=C3N=CC(F)=CN3N=C2N)C=NC=C1F,CN(C)S(=O)(=O)C1CCN([*:1])CC1,F[*:2],F[*:3],[H][*:4],Inactive
NC1=NN2C=C(F)C=NC2=C1C(=O)NC1=C(N2CCC(CC2)N2CCCC2=O)C(F)=CN=C1,O=C1CCCN1C1CCN([*:1])CC1,F[*:2],F[*:3],[H][*:4],Inactive
CN(C1CCN(C)CC1)S(=O)(=O)C1CCN(CC1)C1=C(NC(=O)C2=C3N=CC(F)=CN3N=C2N)C=NC=C1F,CN1CCC(N(C)S(=O)(=O)C2CCN([*:1])CC2)CC1,F[*:2],F[*:3],[H][*:4],Inactive
NC1=NN2C=C(F)C=NC2=C1C(=O)NC1=C(N2CCC(CN3CCOCC3)CC2)C(F)=CN=C1,C1CN(CC2CCN([*:1])CC2)CCO1,F[*:2],F[*:3],[H][*:4],Inactive
CN1CCN(CC2CCN(CC2)C2=C(NC(=O)C3=C4N=CC(F)=CN4N=C3N)C=NC=C2F)CC1,CN1CCN(CC2CCN([*:1])CC2)CC1,F[*:2],F[*:3],[H][*:4],Inactive
CN1CCN(C2CCN(CC2)C2=C(NC(=O)C3=C4N=CC(F)=CN4N=C3N)C=NC=C2F)C(=O)C1,CN1CCN(C2CCN([*:1])CC2)C(=O)C1,F[*:2],F[*:3],[H][*:4],Inactive
NC1=NN2C=C(F)C=NC2=C1C(=O)NC1=C(C=CN=C1)N1CCCCC1,C1CCN([*:1])CC1,[H][*:2],F[*:3],[H][*:4],Inactive
CN1CCC(CC1)OC1CCN(CC1)C1=C(NC(=O)C2=C3N=CC(F)=CN3N=C2N)C=NC=C1,CN1CCC(OC2CCN([*:1])CC2)CC1,[H][*:2],F[*:3],[H][*:4],Inactive
NC1=NN2C=C(F)C=NC2=C1C(=O)NC1=C(N2CCC(CC2)S(=O)(=O)N2CCOCC2)C(F)=CN=C1,O=S(=O)(C1CCN([*:1])CC1)N1CCOCC1,F[*:2],F[*:3],[H][*:4],Inactive
CN1CCC(C1)C(=O)N1CCN(CC1)C1=C(NC(=O)C2=C3N=CC(F)=CN3N=C2N)C=NC=C1F,CN1CCC(C(=O)N2CCN([*:1])CC2)C1,F[*:2],F[*:3],[H][*:4],Inactive
CN1CCC[C@H]1C(=O)N1CCN(CC1)C1=C(NC(=O)C2=C3N=CC(F)=CN3N=C2N)C=NC=C1F,CN1CCC[C@H]1C(=O)N1CCN([*:1])CC1,F[*:2],F[*:3],[H][*:4],Inactive
NC1=NN2C=C(F)C=NC2=C1C(=O)NC1=C(N2CCN(CC2)S(=O)(=O)C2CCOCC2)C(F)=CN=C1,O=S(=O)(C1CCOCC1)N1CCN([*:1])CC1,F[*:2],F[*:3],[H][*:4],Inactive
NC1=NN2C=C(F)C=NC2=C1C(=O)NC1=C(N2CCN(CC2)S(=O)(=O)C2CC2)C(F)=CN=C1,O=S(=O)(C1CC1)N1CCN([*:1])CC1,F[*:2],F[*:3],[H][*:4],Inactive
NC1=NN2C=C(F)C=NC2=C1C(=O)NC1=C(N2CCN(CC2)C(=O)CN2CCC2)C(F)=CN=C1,O=C(CN1CCC1)N1CCN([*:1])CC1,F[*:2],F[*:3],[H][*:4],Inactive
CC1=NN(C=N1)C1=C(NC(=O)C2=C3N=CC(F)=CN3N=C2N)C=NC=C1,Cc1ncn([*:1])n1,[H][*:2],F[*:3],[H][*:4],Inactive
CC1=NC=NN1C1=C(NC(=O)C2=C3N=CC(F)=CN3N=C2N)C=NC=C1,Cc1ncnn1[*:1],[H][*:2],F[*:3],[H][*:4],Inactive
NC1=NN2C=C(F)C=NC2=C1C(=O)NC1=C(N2CCN3C(CCC3=O)C2)C(F)=CN=C1,O=C1CCC2CN([*:1])CCN12,F[*:2],F[*:3],[H][*:4],Inactive
CN1CC(C1)OC1CCN(CC1)C1=C(NC(=O)C2=C3N=CC(F)=CN3N=C2N)C=NC=C1,CN1CC(OC2CCN([*:1])CC2)C1,[H][*:2],F[*:3],[H][*:4],Inactive
CS(=O)(=O)C1CCN(CC1)C1=C(NC(=O)C2=C3N=CC(F)=CN3N=C2N)C=NC=C1F,CS(=O)(=O)C1CCN([*:1])CC1,F[*:2],F[*:3],[H][*:4],Inactive
CN1CCN(CC1)S(=O)(=O)C1CCN(CC1)C1=C(NC(=O)C2=C3N=CC(F)=CN3N=C2N)C=NC=C1F,CN1CCN(S(=O)(=O)C2CCN([*:1])CC2)CC1,F[*:2],F[*:3],[H][*:4],< 20 nM 
NC1=NN2C=C(F)C=NC2=C1C(=O)NC1=C(N2CCC(CC2)OCCN2CCCC2)C(F)=CN=C1,C1CCN(CCOC2CCN([*:1])CC2)C1,F[*:2],F[*:3],[H][*:4],Inactive
NC1=NN2C=C(F)C=NC2=C1C(=O)NC1=C(N2CCN(CC2)C(=O)C2CNC2)C(F)=CN=C1,O=C(C1CNC1)N1CCN([*:1])CC1,F[*:2],F[*:3],[H][*:4],Inactive
NC1=NN2C=C(F)C=NC2=C1C(=O)NC1=C(N2CCC(CC2)S(=O)(=O)N2CCC2)C(F)=CN=C1,O=S(=O)(C1CCN([*:1])CC1)N1CCC1,F[*:2],F[*:3],[H][*:4],Inactive
NC1=NN2C=C(F)C=NC2=C1C(=O)NC1=C(C=CN=C1)N1CCC(CC1)S(=O)(=O)N1CCOCC1,O=S(=O)(C1CCN([*:1])CC1)N1CCOCC1,[H][*:2],F[*:3],[H][*:4],Inactive
CN1CCN(CC2CCN(CC2)C2=C(NC(=O)C3=C4N=CC(F)=CN4N=C3N)C=NC=C2F)CC1=O,CN1CCN(CC2CCN([*:1])CC2)CC1=O,F[*:2],F[*:3],[H][*:4],Inactive
NC1=NN2C=C(F)C=NC2=C1C(=O)NC1=C(N2CCN(CC2)C(=O)C2CNCCO2)C(F)=CN=C1,O=C(C1CNCCO1)N1CCN([*:1])CC1,F[*:2],F[*:3],[H][*:4],Inactive
CN1CCCCC1C(=O)N1CCN(CC1)C1=C(NC(=O)C2=C3N=CC(F)=CN3N=C2N)C=NC=C1F,CN1CCCCC1C(=O)N1CCN([*:1])CC1,F[*:2],F[*:3],[H][*:4],Inactive
CN1CCOC(C1)C(=O)N1CCN(CC1)C1=C(NC(=O)C2=C3N=CC(F)=CN3N=C2N)C=NC=C1F,CN1CCOC(C(=O)N2CCN([*:1])CC2)C1,F[*:2],F[*:3],[H][*:4],Inactive
CN1CCC(CC1)S(=O)(=O)N1CCN(CC1)C1=C(NC(=O)C2=C3N=CC(F)=CN3N=C2N)C=NC=C1F,CN1CCC(S(=O)(=O)N2CCN([*:1])CC2)CC1,F[*:2],F[*:3],[H][*:4],Inactive
NC1=NN2C=C(F)C=NC2=C1C(=O)NC1=C(C=CN=C1)N1CCN(CC1)S(=O)(=O)C1CC1,O=S(=O)(C1CC1)N1CCN([*:1])CC1,[H][*:2],F[*:3],[H][*:4],Inactive
NC1=NN2C=C(F)C=NC2=C1C(=O)NC1=C(C=CN=C1)N1CCN(CC1)S(=O)(=O)C1CCOCC1,O=S(=O)(C1CCOCC1)N1CCN([*:1])CC1,[H][*:2],F[*:3],[H][*:4],Inactive
CS(=O)(=O)N1CCN(CC1)C1=C(NC(=O)C2=C3N=CC(F)=CN3N=C2N)C=NC=C1,CS(=O)(=O)N1CCN([*:1])CC1,[H][*:2],F[*:3],[H][*:4],Inactive
NC1=NN2C=C(F)C=NC2=C1C(=O)NC1=C(C=CN=C1)N1CCN(CC1)S(=O)(=O)C1CCOC1,O=S(=O)(C1CCOC1)N1CCN([*:1])CC1,[H][*:2],F[*:3],[H][*:4],Inactive
CN1CCC[C@@H]1C(=O)N1CCN(CC1)C1=C(NC(=O)C2=C3N=CC(F)=CN3N=C2N)C=NC=C1F,CN1CCC[C@@H]1C(=O)N1CCN([*:1])CC1,F[*:2],F[*:3],[H][*:4],Inactive
NC1=NN2C=C(F)C=NC2=C1C(=O)NC1=C(N2CCN3[C@H](CCC3=O)C2)C(F)=CN=C1,O=C1CC[C@@H]2CN([*:1])CCN12,F[*:2],F[*:3],[H][*:4],< 20 nM 
CN1CCOC2(CCN(CC2)C2=C(NC(=O)C3=C4N=CC(F)=CN4N=C3N)C=NC=C2)C1,CN1CCOC2(CCN([*:1])CC2)C1,[H][*:2],F[*:3],[H][*:4],Inactive
NC1=NN2C=C(F)C=NC2=C1C(=O)NC1=C(N2CCC(CC2)C2=NC=CS2)C(F)=CN=C1,c1csc(C2CCN([*:1])CC2)n1,F[*:2],F[*:3],[H][*:4],Inactive
CCN1CCCC1C(=O)N1CCN(CC1)C1=C(NC(=O)C2=C3N=CC(F)=CN3N=C2N)C=NC=C1F,CCN1CCCC1C(=O)N1CCN([*:1])CC1,F[*:2],F[*:3],[H][*:4],Inactive
NC1=NN2C=C(F)C=NC2=C1C(=O)NC1=C(N2CCN(CC2)C(=O)CN2CCCC2)C(F)=CN=C1,O=C(CN1CCCC1)N1CCN([*:1])CC1,F[*:2],F[*:3],[H][*:4],Inactive
CN1CCC(CC1)S(=O)(=O)N1CCN(CC1)C1=C(NC(=O)C2=C3N=CC(F)=CN3N=C2N)C=NC=C1,CN1CCC(S(=O)(=O)N2CCN([*:1])CC2)CC1,[H][*:2],F[*:3],[H][*:4],Inactive
NC1=NN2C=C(F)C=NC2=C1C(=O)NC1=C(N2CCC(CC2)N2CCOCC2)C(F)=CN=C1,C1CN(C2CCN([*:1])CC2)CCO1,F[*:2],F[*:3],[H][*:4],Inactive
CS(=O)(=O)C1CCN(CC1)C1=C(NC(=O)C2=C3N=CC(F)=CN3N=C2N)C=NC=C1,CS(=O)(=O)C1CCN([*:1])CC1,[H][*:2],F[*:3],[H][*:4],Inactive
CN1CCN(CC1)C(=O)C1CCN(C1)C1=C(NC(=O)C2=C3N=CC(F)=CN3N=C2N)C=NC=C1F,CN1CCN(C(=O)C2CCN([*:1])C2)CC1,F[*:2],F[*:3],[H][*:4],Inactive
CN1CCN(CC2CCN(CC2)C2=C(NC(=O)C3=C4N=CC(=CN4N=C3N)C3(CC3)C#N)C=NC=C2F)CC1,CN1CCN(CC2CCN([*:1])CC2)CC1,F[*:2],N#CC1([*:3])CC1,[H][*:4],Inactive
CN1CCN(CC2CCN(CC2)C2=C(NC(=O)C3=C4N=CC(F)=CN4N=C3N)C=NC=C2F)C(=O)C1,CN1CCN(CC2CCN([*:1])CC2)C(=O)C1,F[*:2],F[*:3],[H][*:4],Inactive
CN1CC(C1)C(=O)N1CCN(CC1)C1=C(NC(=O)C2=C3N=CC(F)=CN3N=C2N)C=NC=C1F,CN1CC(C(=O)N2CCN([*:1])CC2)C1,F[*:2],F[*:3],[H][*:4],Inactive
NC1=NN2C=C(F)C=NC2=C1C(=O)NC1=C(C=CN=C1)N1CCN(CC1)S(=O)(=O)C1COC1,O=S(=O)(C1COC1)N1CCN([*:1])CC1,[H][*:2],F[*:3],[H][*:4],Inactive
NC1=NN2C=C(F)C=NC2=C1C(=O)NC1=C(C=CN=C1)N1CCN(CC1)S(=O)(=O)N1CCN2CCC1CC2,O=S(=O)(N1CCN([*:1])CC1)N1CCN2CCC1CC2,[H][*:2],F[*:3],[H][*:4],Inactive
NC1=NN2C=C(F)C=NC2=C1C(=O)NC1=C(C=CN=C1)N1CCC(CN2CCC(F)(F)C2)CC1,FC1(F)CCN(CC2CCN([*:1])CC2)C1,[H][*:2],F[*:3],[H][*:4],Inactive
CN1CCC[C@H]1C(=O)N1CCN(CC1)C1=C(NC(=O)C2=C3N=CC(F)=CN3N=C2N)C=NC=C1,CN1CCC[C@H]1C(=O)N1CCN([*:1])CC1,[H][*:2],F[*:3],[H][*:4],Inactive
CN1CCC[C@@H]1C(=O)N1CCN(CC1)C1=C(NC(=O)C2=C3N=CC(F)=CN3N=C2N)C=NC=C1,CN1CCC[C@@H]1C(=O)N1CCN([*:1])CC1,[H][*:2],F[*:3],[H][*:4],Inactive
NC1=NN2C=C(F)C=NC2=C1C(=O)NC1=C(C=CN=C1)N1CCC(CC1)S(=O)(=O)N1CCC1,O=S(=O)(C1CCN([*:1])CC1)N1CCC1,[H][*:2],F[*:3],[H][*:4],Inactive
NC1=NN2C=C(F)C=NC2=C1C(=O)NC1=C(N2CCN(CC2)S(=O)(=O)C2COC2)C(F)=CN=C1,O=S(=O)(C1COC1)N1CCN([*:1])CC1,F[*:2],F[*:3],[H][*:4],Inactive
NC1=NN2C=C(F)C=NC2=C1C(=O)NC1=C(C=CN=C1)N1C=CN=C1C1CC1,c1cn([*:1])c(C2CC2)n1,[H][*:2],F[*:3],[H][*:4],Inactive
NC1=NN2C=C(F)C=NC2=C1C(=O)NC1=C(N2CCN(CC2)C(=O)C2CC3CCCCN3C2)C(F)=CN=C1,O=C(C1CC2CCCCN2C1)N1CCN([*:1])CC1,F[*:2],F[*:3],[H][*:4],Inactive
CCN1CCCCC1C(=O)N1CCN(CC1)C1=C(NC(=O)C2=C3N=CC(F)=CN3N=C2N)C=NC=C1F,CCN1CCCCC1C(=O)N1CCN([*:1])CC1,F[*:2],F[*:3],[H][*:4],Inactive
CC(C)N1CCCC1C(=O)N1CCN(CC1)C1=C(NC(=O)C2=C3N=CC(F)=CN3N=C2N)C=NC=C1F,CC(C)N1CCCC1C(=O)N1CCN([*:1])CC1,F[*:2],F[*:3],[H][*:4],Inactive
CC(C)N1CCC(C1)C(=O)N1CCN(CC1)C1=C(NC(=O)C2=C3N=CC(F)=CN3N=C2N)C=NC=C1F,CC(C)N1CCC(C(=O)N2CCN([*:1])CC2)C1,F[*:2],F[*:3],[H][*:4],Inactive
CCN1CCC(C1)C(=O)N1CCN(CC1)C1=C(NC(=O)C2=C3N=CC(F)=CN3N=C2N)C=NC=C1F,CCN1CCC(C(=O)N2CCN([*:1])CC2)C1,F[*:2],F[*:3],[H][*:4],Inactive
COCCS(=O)(=O)C1CCN(CC1)C1=C(NC(=O)C2=C3N=CC(F)=CN3N=C2N)C=NC=C1,COCCS(=O)(=O)C1CCN([*:1])CC1,[H][*:2],F[*:3],[H][*:4],Inactive
CN1CCN(CC1=O)C1=C(NC(=O)C2=C3N=CC(F)=CN3N=C2N)C=NC=C1,CN1CCN([*:1])CC1=O,[H][*:2],F[*:3],[H][*:4],Inactive
NC1=NN2C=C(F)C=NC2=C1C(=O)NC1=C(C=CN=C1)N1CCS(=O)(=O)CC1,O=S1(=O)CCN([*:1])CC1,[H][*:2],F[*:3],[H][*:4],Inactive
NC1=NN2C=C(F)C=NC2=C1C(=O)NC1=C(N2CCN(CC2)C(=O)C2CCN(CC2)C2COC2)C(F)=CN=C1,O=C(C1CCN(C2COC2)CC1)N1CCN([*:1])CC1,F[*:2],F[*:3],[H][*:4],Inactive
CN1CCN(CC1=O)C1=C(NC(=O)C2=C3N=CC(F)=CN3N=C2N)C=NC=C1F,CN1CCN([*:1])CC1=O,F[*:2],F[*:3],[H][*:4],Inactive
NC1=NN2C=C(F)C=NC2=C1C(=O)NC1=C(N2CCC(CN3CCCC3=O)CC2)C(F)=CN=C1,O=C1CCCN1CC1CCN([*:1])CC1,F[*:2],F[*:3],[H][*:4],Inactive
CS(=O)(=O)CC1CCN(CC1)C1=C(NC(=O)C2=C3N=CC(F)=CN3N=C2N)C=NC=C1,CS(=O)(=O)CC1CCN([*:1])CC1,[H][*:2],F[*:3],[H][*:4],Inactive
CN1CC2(CCN(CC2)C2=C(NC(=O)C3=C4N=CC(F)=CN4N=C3N)C=NC=C2)OC1=O,CN1CC2(CCN([*:1])CC2)OC1=O,[H][*:2],F[*:3],[H][*:4],Inactive
NC1=NN2C=C(F)C=NC2=C1C(=O)NC1=C(C=CN=C1)N1CCN2[C@@H](CCC2=O)C1,O=C1CC[C@H]2CN([*:1])CCN12,[H][*:2],F[*:3],[H][*:4],Inactive
CC1=NN(C(C)=N1)C1=C(NC(=O)C2=C3N=CC(F)=CN3N=C2N)C=NC=C1,Cc1nc(C)n([*:1])n1,[H][*:2],F[*:3],[H][*:4],Inactive
NC1=NN2C=C(F)C=NC2=C1C(=O)NC1=C(C=CN=C1)N1C=CN=C1C(F)(F)F,FC(F)(F)c1nccn1[*:1],[H][*:2],F[*:3],[H][*:4],Inactive
CC1(C)CCCN1C1=C(NC(=O)C2=C3N=CC(F)=CN3N=C2N)C=NC=C1,CC1(C)CCCN1[*:1],[H][*:2],F[*:3],[H][*:4],Inactive
CS(=O)(=O)C1CCCN(C1)C1=C(NC(=O)C2=C3N=CC(F)=CN3N=C2N)C=NC=C1,CS(=O)(=O)C1CCCN([*:1])C1,[H][*:2],F[*:3],[H][*:4],Inactive
NC1=NN2C=C(F)C=NC2=C1C(=O)NC1=C(C=CN=C1)N1CC2CCCN2C(=O)C1,O=C1CN([*:1])CC2CCCN12,[H][*:2],F[*:3],[H][*:4],Inactive
CC1=CC=NN1C1=C(NC(=O)C2=C3N=CC(F)=CN3N=C2N)C=NC=C1,Cc1ccnn1[*:1],[H][*:2],F[*:3],[H][*:4],Inactive
CN1C[C@@H]2CCN(C[C@@H]2C1=O)C1=C(NC(=O)C2=C3N=CC(F)=CN3N=C2N)C=NC=C1,CN1C[C@@H]2CCN([*:1])C[C@@H]2C1=O,[H][*:2],F[*:3],[H][*:4],Inactive
CC1=NN(C=C1)C1=C(NC(=O)C2=C3N=CC(F)=CN3N=C2N)C=NC=C1,Cc1ccn([*:1])n1,[H][*:2],F[*:3],[H][*:4],Inactive
NC1=NN2C=C(F)C=NC2=C1C(=O)NC1=C(C=CN=C1)N1CCC2(COC2)CC1,C1CC2(CCN1[*:1])COC2,[H][*:2],F[*:3],[H][*:4],Inactive
CN1CCOCC1C(=O)N1CCN(CC1)C1=C(NC(=O)C2=C3N=CC(F)=CN3N=C2N)C=NC=C1F,CN1CCOCC1C(=O)N1CCN([*:1])CC1,F[*:2],F[*:3],[H][*:4],Inactive
NC1=NN2C=C(F)C=NC2=C1C(=O)NC1=C(N2CCN(CC(=O)N3CCC3)CC2)C(F)=CN=C1,O=C(CN1CCN([*:1])CC1)N1CCC1,F[*:2],F[*:3],[H][*:4],Inactive
CN1CC2(CCN(CC2)C2=C(NC(=O)C3=C4N=CC(F)=CN4N=C3N)C=NC=C2F)OC1=O,CN1CC2(CCN([*:1])CC2)OC1=O,F[*:2],F[*:3],[H][*:4],Inactive
NC1=NN2C=C(F)C=NC2=C1C(=O)NC1=C(C=CN=C1)N1CCC(CC1)N1CCCC1=O,O=C1CCCN1C1CCN([*:1])CC1,[H][*:2],F[*:3],[H][*:4],Inactive
CN1CC2(CCN(CC2)C2=C(NC(=O)C3=C4N=CC(F)=CN4N=C3N)C=NC=C2)CCC1=O,CN1CC2(CCC1=O)CCN([*:1])CC2,[H][*:2],F[*:3],[H][*:4],Inactive
NC1=NN2C=C(F)C=NC2=C1C(=O)NC1=C(N2CC3CCCN3C(=O)C2)C(F)=CN=C1,O=C1CN([*:1])CC2CCCN12,F[*:2],F[*:3],[H][*:4],Inactive
CN1CCN2CCN(CC2C1=O)C1=C(NC(=O)C2=C3N=CC(F)=CN3N=C2N)C=NC=C1,CN1CCN2CCN([*:1])CC2C1=O,[H][*:2],F[*:3],[H][*:4],Inactive
CN(C)C(=O)C1CN(CCO1)C1=C(NC(=O)C2=C3N=CC(F)=CN3N=C2N)C=NC=C1,CN(C)C(=O)C1CN([*:1])CCO1,[H][*:2],F[*:3],[H][*:4],Inactive
CN1C(=O)CCC11CCN(CC1)C1=C(NC(=O)C2=C3N=CC(F)=CN3N=C2N)C=NC=C1,CN1C(=O)CCC12CCN([*:1])CC2,[H][*:2],F[*:3],[H][*:4],Inactive
CN1CC2(CC1=O)CCN(CC2)C1=C(NC(=O)C2=C3N=CC(F)=CN3N=C2N)C=NC=C1,CN1CC2(CCN([*:1])CC2)CC1=O,[H][*:2],F[*:3],[H][*:4],Inactive
CC1=CC=NN1C1=C(NC(=O)C2=C3N=CC(F)=CN3N=C2N)C=NC=C1C,Cc1ccnn1[*:1],C[*:2],F[*:3],[H][*:4],Inactive
NC1=NN2C=C(F)C=NC2=C1C(=O)NC1=C(C=CN=C1)N1CCN2C(COC2=O)C1,O=C1OCC2CN([*:1])CCN12,[H][*:2],F[*:3],[H][*:4],Inactive
NC1=NN2C=C(F)C=NC2=C1C(=O)NC1=C(N2CCC3(COC3)CC2)C(F)=CN=C1,C1CC2(CCN1[*:1])COC2,F[*:2],F[*:3],[H][*:4],Inactive
CN1CCN2CCN(CC2C1=O)C1=C(NC(=O)C2=C3N=CC(F)=CN3N=C2N)C=NC=C1F,CN1CCN2CCN([*:1])CC2C1=O,F[*:2],F[*:3],[H][*:4],Inactive
NC1=NN2C=C(F)C=NC2=C1C(=O)NC1=C(C=CN=C1)N1CCC(CC1)C1=NOC=N1,c1nc(C2CCN([*:1])CC2)no1,[H][*:2],F[*:3],[H][*:4],Inactive
CC1(CCN(CC1)C1=C(NC(=O)C2=C3N=CC(F)=CN3N=C2N)C=NC=C1)S(C)(=O)=O,CC1(S(C)(=O)=O)CCN([*:1])CC1,[H][*:2],F[*:3],[H][*:4],Inactive
NC1=NN2C=C(F)C=NC2=C1C(=O)NC1=C(C=CN=C1)N1CCN2C(CCCC2=O)C1,O=C1CCCC2CN([*:1])CCN12,[H][*:2],F[*:3],[H][*:4],Inactive
NC1=NN2C=C(F)C=NC2=C1C(=O)NC1=C(N2CCCC2)C(F)=CN=C1,C1CCN([*:1])C1,F[*:2],F[*:3],[H][*:4],Inactive
NC1=NN2C=C(F)C=NC2=C1C(=O)NC1=C(C=CN=C1)N1CCN2[C@@H](CCS2(=O)=O)C1,O=S1(=O)CC[C@H]2CN([*:1])CCN21,[H][*:2],F[*:3],[H][*:4],Inactive
NC1=NN2C=C(F)C=NC2=C1C(=O)NC1=C(N2CCN3[C@H](COC3=O)C2)C(F)=CN=C1,O=C1OC[C@@H]2CN([*:1])CCN12,F[*:2],F[*:3],[H][*:4],Inactive
NC1=NN2C=C(F)C=NC2=C1C(=O)NC1=C(C=CN=C1)N1CCN(CC1)C(=O)C1COC1,O=C(C1COC1)N1CCN([*:1])CC1,[H][*:2],F[*:3],[H][*:4],Inactive
NC1=NN2C=C(F)C=NC2=C1C(=O)NC1=C(N2CCS(=O)(=O)CC2)C(F)=CN=C1,O=S1(=O)CCN([*:1])CC1,F[*:2],F[*:3],[H][*:4],Inactive
CC(=O)N1CC2(C1)CCN(CC2)C1=C(NC(=O)C2=C3N=CC(F)=CN3N=C2N)C=NC=C1,CC(=O)N1CC2(CCN([*:1])CC2)C1,[H][*:2],F[*:3],[H][*:4],Inactive
CC1(C)CN(CCS1(=O)=O)C1=C(NC(=O)C2=C3N=CC(F)=CN3N=C2N)C=NC=C1,CC1(C)CN([*:1])CCS1(=O)=O,[H][*:2],F[*:3],[H][*:4],Inactive
NC1=NN2C=C(F)C=NC2=C1C(=O)NC1=C(C=CN=C1)N1CCCC2(COC2)C1,C1CN([*:1])CC2(C1)COC2,[H][*:2],F[*:3],[H][*:4],Inactive
CC(=O)N1CCN(CC1)C1=C(NC(=O)C2=C3N=CC(F)=CN3N=C2N)C=NC=C1,CC(=O)N1CCN([*:1])CC1,[H][*:2],F[*:3],[H][*:4],Inactive
NC1=NN2C=C(F)C=NC2=C1C(=O)NC1=C(C=CN=C1)N1CCC2(CCNC2)CC1,C1CC2(CCN([*:1])CC2)CN1,[H][*:2],F[*:3],[H][*:4],Inactive
CC1=NN=C(O1)N1CCN(CC1)C1=C(NC(=O)C2=C3N=CC(F)=CN3N=C2N)C=NC=C1,Cc1nnc(N2CCN([*:1])CC2)o1,[H][*:2],F[*:3],[H][*:4],Inactive
CC(=O)N1CCC2(C1)CCN(CC2)C1=C(NC(=O)C2=C3N=CC(F)=CN3N=C2N)C=NC=C1,CC(=O)N1CCC2(CCN([*:1])CC2)C1,[H][*:2],F[*:3],[H][*:4],Inactive
NC1=NN2C=C(F)C=NC2=C1C(=O)NC1=C(C=CN=C1)N1CCN2[C@H](CCC2=O)C1,O=C1CC[C@@H]2CN([*:1])CCN12,[H][*:2],F[*:3],[H][*:4],Inactive
CC1=NON=C1N1CCN(CC1)C1=C(NC(=O)C2=C3N=CC(F)=CN3N=C2N)C=NC=C1,Cc1nonc1N1CCN([*:1])CC1,[H][*:2],F[*:3],[H][*:4],Inactive
COC(=O)N1CCN(CC1)C1=C(NC(=O)C2=C3N=CC(F)=CN3N=C2N)C=NC=C1F,COC(=O)N1CCN([*:1])CC1,F[*:2],F[*:3],[H][*:4],Inactive
CC(=O)N1CCCC11CCN(CC1)C1=C(NC(=O)C2=C3N=CC(F)=CN3N=C2N)C=NC=C1,CC(=O)N1CCCC12CCN([*:1])CC2,[H][*:2],F[*:3],[H][*:4],Inactive
CC1=NN=CN1C1=C(NC(=O)C2=C3N=CC(F)=CN3N=C2N)C=NC=C1,Cc1nncn1[*:1],[H][*:2],F[*:3],[H][*:4],Inactive
NC1=NN2C=C(F)C=NC2=C1C(=O)NC1=C(C=CN=C1)N1CCCCCC1,C1CCCN([*:1])CC1,[H][*:2],F[*:3],[H][*:4],Inactive
CC1=NN=C(O1)C1CCN(CC1)C1=C(NC(=O)C2=C3N=CC(F)=CN3N=C2N)C=NC=C1,Cc1nnc(C2CCN([*:1])CC2)o1,[H][*:2],F[*:3],[H][*:4],Inactive
COC1CCN(CC1)C1=C(NC(=O)C2=C3N=CC(F)=CN3N=C2N)C=NC=C1,COC1CCN([*:1])CC1,[H][*:2],F[*:3],[H][*:4],Inactive
CN(C)CC1CCN(CC1)C1=C(NC(=O)C2=C3N=CC(F)=CN3N=C2N)C=NC=C1,CN(C)CC1CCN([*:1])CC1,[H][*:2],F[*:3],[H][*:4],Inactive
NC1=NN2C=C(F)C=NC2=C1C(=O)NC1=C(C=CN=C1)N1CCC(CC1)C1=NN=CO1,c1nnc(C2CCN([*:1])CC2)o1,[H][*:2],F[*:3],[H][*:4],Inactive
CC1=C(C)N(C=N1)C1=C(NC(=O)C2=C3N=CC(F)=CN3N=C2N)C=NC=C1,Cc1ncn([*:1])c1C,[H][*:2],F[*:3],[H][*:4],Inactive
NC1=NN2C=C(F)C=NC2=C1C(=O)NC1=C(N2CCCCC2)C(F)=CN=C1,C1CCN([*:1])CC1,F[*:2],F[*:3],[H][*:4],Inactive
CN1CCOC2(CCN(CC2)C2=C(NC(=O)C3=C4N=CC(F)=CN4N=C3N)C=NC=C2F)C1,CN1CCOC2(CCN([*:1])CC2)C1,F[*:2],F[*:3],[H][*:4],Inactive
NC1=NN2C=C(F)C=NC2=C1C(=O)NC1=C(N2CCC(CC2)S(=O)(=O)N2CCN3CCC2CC3)C(F)=CN=C1,O=S(=O)(C1CCN([*:1])CC1)N1CCN2CCC1CC2,F[*:2],F[*:3],[H][*:4],Inactive
NC1=NN2C=C(F)C=NC2=C1C(=O)NC1=C(N2CCN(CC2)C(=O)C2CCOC2)C(F)=CN=C1,O=C(C1CCOC1)N1CCN([*:1])CC1,F[*:2],F[*:3],[H][*:4],Inactive
CC(=O)N1CCN(CC1)C1=C(NC(=O)C2=C3N=CC(F)=CN3N=C2N)C=NC=C1F,CC(=O)N1CCN([*:1])CC1,F[*:2],F[*:3],[H][*:4],< 20 nM 
NC1=NN2C=C(F)C=NC2=C1C(=O)NC1=C(N2CCN(CC2)C(=O)C2CC2)C(F)=CN=C1,O=C(C1CC1)N1CCN([*:1])CC1,F[*:2],F[*:3],[H][*:4],Inactive
NC1=NN2C=C(F)C=NC2=C1C(=O)NC1=C(N2CCN3C(CCCC3=O)C2)C(F)=CN=C1,O=C1CCCC2CN([*:1])CCN12,F[*:2],F[*:3],[H][*:4],Inactive
NC1=NN2C=C(F)C=NC2=C1C(=O)NC1=C(N2CCN(CC2)C(=O)C2COC2)C(F)=CN=C1,O=C(C1COC1)N1CCN([*:1])CC1,F[*:2],F[*:3],[H][*:4],Inactive
NC1=NN2C=C(F)C=NC2=C1C(=O)NC1=C(N2CCN3[C@@H](CCCC3=O)C2)C(F)=CN=C1,O=C1CCC[C@H]2CN([*:1])CCN12,F[*:2],F[*:3],[H][*:4],Inactive
NC1=NN2C=C(F)C=NC2=C1C(=O)NC1=C(N2CCN3[C@H](CCCC3=O)C2)C(F)=CN=C1,O=C1CCC[C@@H]2CN([*:1])CCN12,F[*:2],F[*:3],[H][*:4],Inactive
NC1=NN2C=C(F)C=NC2=C1C(=O)NC1=C(N2CCCC2)C(Cl)=CN=C1,C1CCN([*:1])C1,Cl[*:2],F[*:3],[H][*:4],Inactive
COCC1CCN(CC1)C1=C(NC(=O)C2=C3N=CC(F)=CN3N=C2N)C=NC=C1,COCC1CCN([*:1])CC1,[H][*:2],F[*:3],[H][*:4],Inactive
CC1=CN=CN1C1=C(NC(=O)C2=C3N=CC(F)=CN3N=C2N)C=NC=C1,Cc1cncn1[*:1],[H][*:2],F[*:3],[H][*:4],Inactive
NC1=NN2C=C(F)C=NC2=C1C(=O)NC1=C(N2CCC(O)C2)C(Cl)=CN=C1,OC1CCN([*:1])C1,Cl[*:2],F[*:3],[H][*:4],Inactive
NC1=NN2C=C(F)C=NC2=C1C(=O)NC1=C(N2CC[C@H](C2)C#N)C(Cl)=CN=C1,N#C[C@@H]1CCN([*:1])C1,Cl[*:2],F[*:3],[H][*:4],Inactive
CN1CC2CN(CC2C1)C1=C(NC(=O)C2=C3N=CC(F)=CN3N=C2N)C=NC=C1Cl,CN1CC2CN([*:1])CC2C1,Cl[*:2],F[*:3],[H][*:4],Inactive
CS(=O)(=O)C1CCN(C1)C1=C(NC(=O)C2=C3N=CC(F)=CN3N=C2N)C=NC=C1Cl,CS(=O)(=O)C1CCN([*:1])C1,Cl[*:2],F[*:3],[H][*:4],Inactive
NC1=NN2C=C(F)C=NC2=C1C(=O)NC1=C(N2CCC(CC2)N2C=CN=C2)C(F)=CN=C1,c1cn(C2CCN([*:1])CC2)cn1,F[*:2],F[*:3],[H][*:4],Inactive
CN1CCN(CC1)C(=O)C1CCCN(C1)C1=C(NC(=O)C2=C3N=CC(F)=CN3N=C2N)C=NC=C1F,CN1CCN(C(=O)C2CCCN([*:1])C2)CC1,F[*:2],F[*:3],[H][*:4],Inactive
CN(C)C(=O)C1CCCN(C1)C1=C(NC(=O)C2=C3N=CC(F)=CN3N=C2N)C=NC=C1,CN(C)C(=O)C1CCCN([*:1])C1,[H][*:2],F[*:3],[H][*:4],Inactive
CN1CC[C@@H](C1)OC1=C(NC(=O)C2=C3N=CC(F)=CN3N=C2N)C=NC=C1,CN1CC[C@H](O[*:1])C1,[H][*:2],F[*:3],[H][*:4],Inactive
NC1=NN2C=C(CC#N)C=NC2=C1C(=O)NC1=C(OC2CCCNC2)C=CN=C1,C1CNCC(O[*:1])C1,[H][*:2],N#CC[*:3],[H][*:4],Inactive
CN(C)CC1=NC=C(OC2=C(NC(=O)C3=C4N=CC(F)=CN4N=C3N)C=NC=C2)C=C1,CN(C)Cc1ccc(O[*:1])cn1,[H][*:2],F[*:3],[H][*:4],Inactive
COC1=C(NC(=O)C2=C3N=CC(F)=CN3N=C2N)C=NC=C1,CO[*:1],[H][*:2],F[*:3],[H][*:4],Inactive
NC1=NN2C=C(F)C=NC2=C1C(=O)NC1=C(O[C@H]2CN3CCC2CC3)C=CN=C1,C1CN2CCC1[C@@H](O[*:1])C2,[H][*:2],F[*:3],[H][*:4],Inactive
NC1=NN2C=C(F)C=NC2=C1C(=O)NC1=C(OC2CN3CCC2CC3)C=CN=C1,C1CN2CCC1C(O[*:1])C2,[H][*:2],F[*:3],[H][*:4],Inactive
NC1=NN2C=C(F)C=NC2=C1C(=O)NC1=C(OC2=CN=CC=C2)C=CN=C1,c1cncc(O[*:1])c1,[H][*:2],F[*:3],[H][*:4],Inactive
NC1=NN2C=C(F)C=NC2=C1C(=O)NC1=C(OC2CCC(CC2)C(O)=O)C=CN=C1,O=C(O)C1CCC(O[*:1])CC1,[H][*:2],F[*:3],[H][*:4],Inactive
NC1=NN2C=C(F)C=NC2=C1C(=O)NC1=C(O[C@H]2CCCN(C2)C2COC2)C=CN=C1,C1C[C@H](O[*:1])CN(C2COC2)C1,[H][*:2],F[*:3],[H][*:4],Inactive
NC1=NN2C=C(F)C=NC2=C1C(=O)NC1=C(O[C@@H]2CN3CCC2CC3)C=CN=C1,C1CN2CCC1[C@H](O[*:1])C2,[H][*:2],F[*:3],[H][*:4],Inactive
NC1=NN2C=C(F)C=NC2=C1C(=O)NC1=C(OC2CCN(CC2)C2COC2)C=CN=C1,C1CN(C2COC2)CCC1O[*:1],[H][*:2],F[*:3],[H][*:4],Inactive
CN1CCC(CC1)OC1=C(NC(=O)C2=C3N=CC(F)=CN3N=C2N)C=NC=C1,CN1CCC(O[*:1])CC1,[H][*:2],F[*:3],[H][*:4],Inactive
COC(=O)[C@H]1CC[C@@H](CC1)OC1=C(NC(=O)C2=C3N=CC(F)=CN3N=C2N)C=NC=C1,COC(=O)[C@H]1CC[C@H](O[*:1])CC1,[H][*:2],F[*:3],[H][*:4],Inactive
CCOC1=C(NC(=O)C2=C3N=CC(F)=CN3N=C2N)C=NC=C1,CCO[*:1],[H][*:2],F[*:3],[H][*:4],Inactive
NC1=NN2C=C(F)C=NC2=C1C(=O)NC1=C(OC2CCOC2)C=CN=C1,C1CC(O[*:1])CO1,[H][*:2],F[*:3],[H][*:4],Inactive
NC1=NN2C=C(F)C=NC2=C1C(=O)NC1=C(O[C@@H]2CN3C=CN=C3C2)C=CN=C1,c1cn2c(n1)C[C@H](O[*:1])C2,[H][*:2],F[*:3],[H][*:4],Inactive
CN(C)C(=O)[C@@H]1CC[C@@H](CC1)OC1=C(NC(=O)C2=C3N=CC(F)=CN3N=C2N)C=NC=C1,CN(C)C(=O)[C@H]1CC[C@@H](O[*:1])CC1,[H][*:2],F[*:3],[H][*:4],Inactive
COC(=O)[C@@H]1CC[C@@H](CC1)OC1=C(NC(=O)C2=C3N=CC(F)=CN3N=C2N)C=NC=C1,COC(=O)[C@H]1CC[C@@H](O[*:1])CC1,[H][*:2],F[*:3],[H][*:4],Inactive
CN1CCN(CC1)C(=O)[C@@H]1CC[C@@H](CC1)OC1=C(NC(=O)C2=C3N=CC(F)=CN3N=C2N)C=NC=C1,CN1CCN(C(=O)[C@H]2CC[C@@H](O[*:1])CC2)CC1,[H][*:2],F[*:3],[H][*:4],Inactive
CCC(C#N)C1=CN2N=C(N)C(C(=O)NC3=C(OC)C=CN=C3)=C2N=C1,CO[*:1],[H][*:2],CCC(C#N)[*:3],[H][*:4],Inactive
COC1=C(NC(=O)C2=C3N=CC(=CN3N=C2N)C(C)C#N)C=NC=C1,CO[*:1],[H][*:2],CC(C#N)[*:3],[H][*:4],Inactive
NC1=NN2C=C(CC#N)C=NC2=C1C(=O)NC1=C(OC2CN3CCC2CC3)C=CN=C1,C1CN2CCC1C(O[*:1])C2,[H][*:2],N#CC[*:3],[H][*:4],Inactive
CN1CCC(CC1)OC1=C(NC(=O)C2=C3N=CC(CC#N)=CN3N=C2N)C=NC=C1,CN1CCC(O[*:1])CC1,[H][*:2],N#CC[*:3],[H][*:4],Inactive
CN(C)CCOC1=C(NC(=O)C2=C3N=CC(CC#N)=CN3N=C2N)C=NC=C1,CN(C)CCO[*:1],[H][*:2],N#CC[*:3],[H][*:4],Inactive
NC1=NN2C=C(CC#N)C=NC2=C1C(=O)NC1=C(OC2=CC=CC=C2)C=CN=C1,c1ccc(O[*:1])cc1,[H][*:2],N#CC[*:3],[H][*:4],Inactive
COC1=C(NC(=O)C2=C3N=CC(CC#N)=CN3N=C2N)C=NC=C1,CO[*:1],[H][*:2],N#CC[*:3],[H][*:4],Inactive
CCOC1=C(NC(=O)C2=C3N=CC(CC#N)=CN3N=C2N)C=NC=C1,CCO[*:1],[H][*:2],N#CC[*:3],[H][*:4],Inactive
COCCOC1=C(NC(=O)C2=C3N=CC(CC#N)=CN3N=C2N)C=NC=C1,COCCO[*:1],[H][*:2],N#CC[*:3],[H][*:4],Inactive
NC1=NN2C=C(CC#N)C=NC2=C1C(=O)NC1=C(OC2CCOCC2)C=CN=C1,C1CC(O[*:1])CCO1,[H][*:2],N#CC[*:3],[H][*:4],Inactive
NC1=NN2C=C(CC#N)C=NC2=C1C(=O)NC1=C(O[C@@H]2CCOC2)C=CN=C1,C1C[C@@H](O[*:1])CO1,[H][*:2],N#CC[*:3],[H][*:4],Inactive
NC1=NN2C=C(CC#N)C=NC2=C1C(=O)NC1=C(OCC2CC2)C=CN=C1,C1CC1CO[*:1],[H][*:2],N#CC[*:3],[H][*:4],Inactive
NC1=NN2C=C(CC#N)C=NC2=C1C(=O)NC1=C(OCCO)C=CN=C1,OCCO[*:1],[H][*:2],N#CC[*:3],[H][*:4],Inactive
NC1=NN2C=C(CC#N)C=NC2=C1C(=O)NC1=C(OCC(F)(F)F)C=CN=C1,FC(F)(F)CO[*:1],[H][*:2],N#CC[*:3],[H][*:4],Inactive
CC(C)OC1=C(NC(=O)C2=C3N=CC(CC#N)=CN3N=C2N)C=NC=C1,CC(C)O[*:1],[H][*:2],N#CC[*:3],[H][*:4],Inactive
NC1=NN2C=C(CC#N)C=NC2=C1C(=O)NC1=C(OC2CCC2)C=CN=C1,C1CC(O[*:1])C1,[H][*:2],N#CC[*:3],[H][*:4],Inactive
NC1=NN2C=C(CC#N)C=NC2=C1C(=O)NC1=C(OC2CCOC2)C=CN=C1,C1CC(O[*:1])CO1,[H][*:2],N#CC[*:3],[H][*:4],Inactive
NC1=NN2C=C(CC#N)C=NC2=C1C(=O)NC1=C(OC2COC2)C=CN=C1,C1OCC1O[*:1],[H][*:2],N#CC[*:3],[H][*:4],Inactive
NC1=NN2C=C(CC#N)C=NC2=C1C(=O)NC1=C(OC2CCCCC2)C=CN=C1,C1CCC(O[*:1])CC1,[H][*:2],N#CC[*:3],[H][*:4],Inactive
NC1=NN2C=C(CC#N)C=NC2=C1C(=O)NC1=C(OCCCO)C=CN=C1,OCCCO[*:1],[H][*:2],N#CC[*:3],[H][*:4],Inactive
NC1=NN2C=C(CC#N)C=NC2=C1C(=O)NC1=C(OC2CCCOC2)C=CN=C1,C1COCC(O[*:1])C1,[H][*:2],N#CC[*:3],[H][*:4],Inactive
NC1=NN2C=C(CC#N)C=NC2=C1C(=O)NC1=C(O[C@H]2CCOC2)C=CN=C1,C1C[C@H](O[*:1])CO1,[H][*:2],N#CC[*:3],[H][*:4],Inactive
NC1=NN2C=C(CC#N)C=NC2=C1C(=O)NC1=C(OC2CCCC2)C=CN=C1,C1CCC(O[*:1])C1,[H][*:2],N#CC[*:3],[H][*:4],Inactive
NC1=NN2C=C(F)C=NC2=C1C(=O)NC1=C(OC2CC[S+]([O-])CC2)C=CN=C1,[O-][S+]1CCC(O[*:1])CC1,[H][*:2],F[*:3],[H][*:4],Inactive
NC1=NN2C=C(F)C=NC2=C1C(=O)NC1=C(OC2CCS(=O)(=O)CC2)C=CN=C1,O=S1(=O)CCC(O[*:1])CC1,[H][*:2],F[*:3],[H][*:4],Inactive
CN1CCC(CC1)OC1=C(NC(=O)C2=C3N=CC(Cl)=CN3N=C2N)C=NC=C1Cl,CN1CCC(O[*:1])CC1,Cl[*:2],Cl[*:3],[H][*:4],Inactive
CN(C)CCOCCOC1=C(NC(=O)C2=C3N=CC(Cl)=CN3N=C2N)C=NC=C1,CN(C)CCOCCO[*:1],[H][*:2],Cl[*:3],[H][*:4],Inactive
CN(C)CCOC1=C(NC(=O)C2=C3N=CC(Cl)=CN3N=C2N)C=NC=C1,CN(C)CCO[*:1],[H][*:2],Cl[*:3],[H][*:4],Inactive
CN1CCC[C@@H]1COC1=C(NC(=O)C2=C3N=CC(Cl)=CN3N=C2N)C=NC=C1,CN1CCC[C@@H]1CO[*:1],[H][*:2],Cl[*:3],[H][*:4],Inactive
CN1CCC[C@H]1COC1=C(NC(=O)C2=C3N=CC(Cl)=CN3N=C2N)C=NC=C1,CN1CCC[C@H]1CO[*:1],[H][*:2],Cl[*:3],[H][*:4],Inactive
CN1CCCC(C1)OC1=C(NC(=O)C2=C3N=CC(Cl)=CN3N=C2N)C=NC=C1,CN1CCCC(O[*:1])C1,[H][*:2],Cl[*:3],[H][*:4],Inactive
CN(C)CCCOC1=C(NC(=O)C2=C3N=CC(Cl)=CN3N=C2N)C=NC=C1,CN(C)CCCO[*:1],[H][*:2],Cl[*:3],[H][*:4],Inactive
NC1=NN2C=C(Cl)C=NC2=C1C(=O)NC1=C(OCCCO)C=CN=C1,OCCCO[*:1],[H][*:2],Cl[*:3],[H][*:4],Inactive
NC1=NN2C=C(Cl)C=NC2=C1C(=O)NC1=C(O[C@@H]2CCOC2)C=CN=C1,C1C[C@@H](O[*:1])CO1,[H][*:2],Cl[*:3],[H][*:4],Inactive
COCCOC1=C(NC(=O)C2=C3N=CC(Cl)=CN3N=C2N)C=NC=C1,COCCO[*:1],[H][*:2],Cl[*:3],[H][*:4],Inactive
CCOC1=C(NC(=O)C2=C3N=CC(Cl)=CN3N=C2N)C=NC=C1,CCO[*:1],[H][*:2],Cl[*:3],[H][*:4],Inactive
COC1=C(NC(=O)C2=C3N=CC(Cl)=CN3N=C2N)C=NC=C1,CO[*:1],[H][*:2],Cl[*:3],[H][*:4],Inactive
NC1=NN2C=C(Cl)C=NC2=C1C(=O)NC1=C(O[C@H]2CCOC2)C=CN=C1,C1C[C@H](O[*:1])CO1,[H][*:2],Cl[*:3],[H][*:4],Inactive
NC1=NN2C=C(Cl)C=NC2=C1C(=O)NC1=C(OCC(F)(F)F)C=CN=C1,FC(F)(F)CO[*:1],[H][*:2],Cl[*:3],[H][*:4],Inactive
NC1=NN2C=C(Cl)C=NC2=C1C(=O)NC1=C(OCCN2CCOCC2)C=CN=C1,C1CN(CCO[*:1])CCO1,[H][*:2],Cl[*:3],[H][*:4],Inactive
NC1=NN2C=C(Cl)C=NC2=C1C(=O)NC1=C(OC2CCOCC2)C=CN=C1,C1CC(O[*:1])CCO1,[H][*:2],Cl[*:3],[H][*:4],Inactive
NC1=NN2C=C(Cl)C=NC2=C1C(=O)NC1=C(OC2CN3CCC2CC3)C=CN=C1,C1CN2CCC1C(O[*:1])C2,[H][*:2],Cl[*:3],[H][*:4],Inactive
CN1CC[C@H](C1)OC1=C(NC(=O)C2=C3N=CC(Cl)=CN3N=C2N)C=NC=C1,CN1CC[C@@H](O[*:1])C1,[H][*:2],Cl[*:3],[H][*:4],Inactive
CN1CCC(CC1)OC1=C(NC(=O)C2=C3N=CC(Cl)=CN3N=C2N)C=NC=C1,CN1CCC(O[*:1])CC1,[H][*:2],Cl[*:3],[H][*:4],Inactive
NC1=NN2C=C(Cl)C=NC2=C1C(=O)NC1=C(OC2CCCOC2)C=CN=C1,C1COCC(O[*:1])C1,[H][*:2],Cl[*:3],[H][*:4],Inactive
NC1=NN2C=C(Cl)C=NC2=C1C(=O)NC1=C(OCCO)C=CN=C1,OCCO[*:1],[H][*:2],Cl[*:3],[H][*:4],Inactive
COCCN1CCC[C@@H](C1)OC1=C(NC(=O)C2=C3N=CC(Cl)=CN3N=C2N)C=NC=C1,COCCN1CCC[C@H](O[*:1])C1,[H][*:2],Cl[*:3],[H][*:4],Inactive
CN1CC[C@@H](C1)OC1=C(NC(=O)C2=C3N=CC(Cl)=CN3N=C2N)C=NC=C1,CN1CC[C@H](O[*:1])C1,[H][*:2],Cl[*:3],[H][*:4],Inactive
NC1=NN2C=C(Cl)C=NC2=C1C(=O)NC1=C(OC2=CN=CC=C2)C=CN=C1,c1cncc(O[*:1])c1,[H][*:2],Cl[*:3],[H][*:4],Inactive
NC1=NN2C=C(Cl)C=NC2=C1C(=O)NC1=C(OC2CC3(CNC3)C2)C=CN=C1,C1NCC12CC(O[*:1])C2,[H][*:2],Cl[*:3],[H][*:4],Inactive
NC1=NN2C=C(Cl)C=NC2=C1C(=O)NC1=C(OC2CNC2)C=CN=C1,C1NCC1O[*:1],[H][*:2],Cl[*:3],[H][*:4],Inactive
NC1=NN2C=C(Cl)C=NC2=C1C(=O)NC1=C(O[C@H]2CCCNC2)C=CN=C1,C1CNC[C@@H](O[*:1])C1,[H][*:2],Cl[*:3],[H][*:4],Inactive
NC1=NN2C=C(Cl)C=NC2=C1C(=O)NC1=C(OC2CCCNC2)C=CN=C1,C1CNCC(O[*:1])C1,[H][*:2],Cl[*:3],[H][*:4],Inactive
NC1=NN2C=C(Cl)C=NC2=C1C(=O)NC1=C(O[C@H]2CCNC2)C=CN=C1,C1C[C@H](O[*:1])CN1,[H][*:2],Cl[*:3],[H][*:4],Inactive
NC1=NN2C=C(Cl)C=NC2=C1C(=O)NC1=C(O[C@@H]2CCNC2)C=CN=C1,C1C[C@@H](O[*:1])CN1,[H][*:2],Cl[*:3],[H][*:4],Inactive
NC1=NN2C=C(Cl)C=NC2=C1C(=O)NC1=C(O[C@H]2C[C@]3(CCN3)C2)C=CN=C1,C1C[C@]2(C[C@H](O[*:1])C2)N1,[H][*:2],Cl[*:3],[H][*:4],Inactive
NC1=NN2C=C(Cl)C=NC2=C1C(=O)NC1=C(OC2CCNCC2)C=CN=C1,C1CC(O[*:1])CCN1,[H][*:2],Cl[*:3],[H][*:4],Inactive
NC1=NN2C=C(CC#N)C=NC2=C1C(=O)NC1=C(OC2CNC2)C=CN=C1,C1NCC1O[*:1],[H][*:2],N#CC[*:3],[H][*:4],Inactive
NCCOC1=C(NC(=O)C2=C3N=CC(CC#N)=CN3N=C2N)C=NC=C1,NCCO[*:1],[H][*:2],N#CC[*:3],[H][*:4],Inactive
NC1=NN2C=C(CC#N)C=NC2=C1C(=O)NC1=C(OC2CCNCC2)C=CN=C1,C1CC(O[*:1])CCN1,[H][*:2],N#CC[*:3],[H][*:4],Inactive
NC1=NN2C=C(F)C=NC2=C1C(=O)NC1=C(O[C@H]2CCCNC2)C=CN=C1,C1CNC[C@@H](O[*:1])C1,[H][*:2],F[*:3],[H][*:4],Inactive
NC1=NN2C=C(CC#N)C=NC2=C1C(=O)NC1=C(O[C@H]2CCNC2)C=CN=C1,C1C[C@H](O[*:1])CN1,[H][*:2],N#CC[*:3],[H][*:4],Inactive
NC1=NN2C=C(CC#N)C=NC2=C1C(=O)NC1=C(O[C@@H]2CCNC2)C=CN=C1,C1C[C@@H](O[*:1])CN1,[H][*:2],N#CC[*:3],[H][*:4],Inactive
CC(C)(C)OC1=C(NC(=O)C2=C3N=CC(F)=CN3N=C2N)C=NC=C1,CC(C)(C)O[*:1],[H][*:2],F[*:3],[H][*:4],Inactive
CN1CCC(CC1)OC1=C(NC(=O)C2=C3N=CC(F)=CN3N=C2N)C=NC=C1F,CN1CCC(O[*:1])CC1,F[*:2],F[*:3],[H][*:4],Inactive
CNC1=CC(OC)=C(NC(=O)C2=C3N=CC(F)=CN3N=C2N)C=N1,CO[*:1],[H][*:2],F[*:3],CN[*:4],Inactive
NC1=NN2C=C(F)C=NC2=C1C(=O)NC1=C(OC2CCN(CC2)C2COC2)C(F)=CN=C1,C1CN(C2COC2)CCC1O[*:1],F[*:2],F[*:3],[H][*:4],Inactive
NC1=NN2C=C(F)C=NC2=C1C(=O)NC1=C(OC2COC2)C=CN=C1,C1OCC1O[*:1],[H][*:2],F[*:3],[H][*:4],Inactive
CN1CCC(CC1)C1=C(NC(=O)C2=C3N=CC(F)=CN3N=C2N)C=NC=C1,CN1CCC([*:1])CC1,[H][*:2],F[*:3],[H][*:4],Inactive
CC1=C(NC(=O)C2=C3N=CC(Cl)=CN3N=C2N)C=NC=C1,C[*:1],[H][*:2],Cl[*:3],[H][*:4],Inactive
CC1=C(NC(=O)C2=C3N=CC(CC#N)=CN3N=C2N)C=NC=C1,C[*:1],[H][*:2],N#CC[*:3],[H][*:4],Inactive
CC1=C(NC(=O)C2=C3N=CC(F)=CN3N=C2N)C=NC=C1,C[*:1],[H][*:2],F[*:3],[H][*:4],Inactive
NC1=NN2C=C(F)C=NC2=C1C(=O)NC1=C(C=CN=C1)C1=CC=CC=C1,c1ccc([*:1])cc1,[H][*:2],F[*:3],[H][*:4],Inactive
NC1=NN2C=C(CC#N)C=NC2=C1C(=O)NC1=C(C=CN=C1)C1=CC=CC=C1,c1ccc([*:1])cc1,[H][*:2],N#CC[*:3],[H][*:4],Inactive
NC1=NN2C=C(F)C=NC2=C1C(=O)NC1=C2CCNCC2=CN=C1,C(C[*:1])NC[*:2],C(C[*:1])NC[*:2],F[*:3],[H][*:4],Inactive
CN1CCC2=C(NC(=O)C3=C4N=CC(F)=CN4N=C3N)C=NC=C2C1,CN(CC[*:1])C[*:2],CN(CC[*:1])C[*:2],F[*:3],[H][*:4],Inactive
C[N+]1([O-])CCC2=C(NC(=O)C3=C4N=CC(F)=CN4N=C3N)C=NC=C2C1,C[N+]([O-])(CC[*:1])C[*:2],C[N+]([O-])(CC[*:1])C[*:2],F[*:3],[H][*:4],Inactive
NC1=NN2C=C(F)C=NC2=C1C(=O)NC1=C(C=CN=C1)C1CCN(CC1)C1COC1,C1OCC1N1CCC([*:1])CC1,[H][*:2],F[*:3],[H][*:4],Inactive
NC1=NN2C=C(Cl)C=NC2=C1C(=O)NC1=C(C=CN=C1)C1CCN(CC1)C1COC1,C1OCC1N1CCC([*:1])CC1,[H][*:2],Cl[*:3],[H][*:4],Inactive
NC1=NN2C=C(F)C=NC2=C1C(=O)NC1=C(C(F)=CN=C1)C1=CCN(CC1)C1COC1,C1=C([*:1])CCN(C2COC2)C1,F[*:2],F[*:3],[H][*:4],Inactive
NC1=NN2C=C(F)C=NC2=C1C(=O)NC1=C(C2CCN(CC2)C2COC2)C(F)=CN=C1,C1OCC1N1CCC([*:1])CC1,F[*:2],F[*:3],[H][*:4],Inactive
CN1CCC(CC1)C1=C(NC(=O)C2=C3N=CC(F)=CN3N=C2N)C=NC=C1F,CN1CCC([*:1])CC1,F[*:2],F[*:3],[H][*:4],Inactive
NC1=NN2C=C(F)C=NC2=C1C(=O)NC1=C(C=CN=C1)C1=CN=CC=C1,c1cncc([*:1])c1,[H][*:2],F[*:3],[H][*:4],Inactive
CN1CCC(CC1)C(=O)N1CCC(CC1)C1=C(NC(=O)C2=C3N=CC(F)=CN3N=C2N)C=NC=C1,CN1CCC(C(=O)N2CCC([*:1])CC2)CC1,[H][*:2],F[*:3],[H][*:4],Inactive
CN1CCN(CC1)C(=O)N1CCC(CC1)C1=C(NC(=O)C2=C3N=CC(F)=CN3N=C2N)C=NC=C1,CN1CCN(C(=O)N2CCC([*:1])CC2)CC1,[H][*:2],F[*:3],[H][*:4],Inactive
NC1=NN2C=C(F)C=NC2=C1C(=O)NC1=C(C=CN=C1)C1CCN(CC1)C(=O)C12CCN(CC1)CC2,O=C(N1CCC([*:1])CC1)C12CCN(CC1)CC2,[H][*:2],F[*:3],[H][*:4],Inactive
CN1CCN(CC1)C(=O)C1=NC=C(C=C1)C1=C(NC(=O)C2=C3N=CC(F)=CN3N=C2N)C=NC=C1,CN1CCN(C(=O)c2ccc([*:1])cn2)CC1,[H][*:2],F[*:3],[H][*:4],Inactive
CC1=C(C=CC=N1)C1=C(NC(=O)C2=C3N=CC(F)=CN3N=C2N)C=NC=C1,Cc1ncccc1[*:1],[H][*:2],F[*:3],[H][*:4],Inactive
CN1CCN(CC1)C1=NC=C(C=C1)C1=C(NC(=O)C2=C3N=CC(F)=CN3N=C2N)C=NC=C1,CN1CCN(c2ccc([*:1])cn2)CC1,[H][*:2],F[*:3],[H][*:4],Inactive
CC1=NC=C(C=C1)C1=C(NC(=O)C2=C3N=CC(F)=CN3N=C2N)C=NC=C1,Cc1ccc([*:1])cn1,[H][*:2],F[*:3],[H][*:4],Inactive
CN1CCC(CC1)C1=C(NC(=O)C2=C3N=CC(=CN3N=C2N)C(C)(C)C#N)C=NC=C1,CN1CCC([*:1])CC1,[H][*:2],CC(C)(C#N)[*:3],[H][*:4],Inactive
NC1=NN2C=C(F)C=NC2=C1C(=O)NC1=C(C=CN=C1)C1=CC=NC=C1,c1cc([*:1])ccn1,[H][*:2],F[*:3],[H][*:4],Inactive
CN1CCN(CC1)C(=O)C1=CC=C(C=C1)C1=C(NC(=O)C2=C3N=CC(F)=CN3N=C2N)C=NC=C1,CN1CCN(C(=O)c2ccc([*:1])cc2)CC1,[H][*:2],F[*:3],[H][*:4],< 20 nM 
NC1=NN2C=C(F)C=NC2=C1C(=O)NC1=C(C=CN=C1)C1=CC=NN=C1,c1cc([*:1])cnn1,[H][*:2],F[*:3],[H][*:4],Inactive
COC1=NC=C(C=C1)C1=C(NC(=O)C2=C3N=CC(F)=CN3N=C2N)C=NC=C1,COc1ccc([*:1])cn1,[H][*:2],F[*:3],[H][*:4],Inactive
NC1=NN2C=C(F)C=NC2=C1C(=O)NC1=C(C=CN=C1)C1=CN=CN=C1,c1ncc([*:1])cn1,[H][*:2],F[*:3],[H][*:4],Inactive
CC1=C(C=CN=C1)C1=C(NC(=O)C2=C3N=CC(F)=CN3N=C2N)C=NC=C1,Cc1cnccc1[*:1],[H][*:2],F[*:3],[H][*:4],Inactive
CC1=C(C=NC=C1)C1=C(NC(=O)C2=C3N=CC(F)=CN3N=C2N)C=NC=C1,Cc1ccncc1[*:1],[H][*:2],F[*:3],[H][*:4],Inactive
CC1=C(C=CN=N1)C1=C(NC(=O)C2=C3N=CC(F)=CN3N=C2N)C=NC=C1,Cc1nnccc1[*:1],[H][*:2],F[*:3],[H][*:4],< 20 nM 
NC1=NN2C=C(F)C=NC2=C1C(=O)NC1=C(C=CN=C1)C1=C(O)N=CC=C1,Oc1ncccc1[*:1],[H][*:2],F[*:3],[H][*:4],Inactive
CC1=C(N=NC=C1)C1=C(NC(=O)C2=C3N=CC(F)=CN3N=C2N)C=NC=C1,Cc1ccnnc1[*:1],[H][*:2],F[*:3],[H][*:4],Inactive
CC1=C(C=CC(F)=N1)C1=C(NC(=O)C2=C3N=CC(F)=CN3N=C2N)C=NC=C1,Cc1nc(F)ccc1[*:1],[H][*:2],F[*:3],[H][*:4],Inactive
NC1=NN2C=C(F)C=NC2=C1C(=O)NC1=C(C=CN=C1)C1=C(F)N=CC=C1,Fc1ncccc1[*:1],[H][*:2],F[*:3],[H][*:4],Inactive
CC1=C(N=CC=C1)C1=C(NC(=O)C2=C3N=CC(F)=CN3N=C2N)C=NC=C1,Cc1cccnc1[*:1],[H][*:2],F[*:3],[H][*:4],Inactive
NC1=NN2C=C(F)C=NC2=C1C(=O)NC1=C(C=CN=C1)C1=C(Cl)N=CC=C1,Clc1ncccc1[*:1],[H][*:2],F[*:3],[H][*:4],Inactive
CN1CCC(CC1)C(=O)N1CCC(=CC1)C1=C(NC(=O)C2=C3N=CC(F)=CN3N=C2N)C=NC=C1F,CN1CCC(C(=O)N2CC=C([*:1])CC2)CC1,F[*:2],F[*:3],[H][*:4],Inactive
CN1CCN(CC1)C(=O)C1=NC(C)=C(C=C1)C1=C(NC(=O)C2=C3N=CC(F)=CN3N=C2N)C=NC=C1,Cc1nc(C(=O)N2CCN(C)CC2)ccc1[*:1],[H][*:2],F[*:3],[H][*:4],Inactive
CN1CCN(CC1)C1=NC(C)=C(C=C1)C1=C(NC(=O)C2=C3N=CC(F)=CN3N=C2N)C=NC=C1,Cc1nc(N2CCN(C)CC2)ccc1[*:1],[H][*:2],F[*:3],[H][*:4],Inactive
CN1CC[C@H](C1)OC1=NC(C)=C(C=C1)C1=C(NC(=O)C2=C3N=CC(F)=CN3N=C2N)C=NC=C1,Cc1nc(O[C@@H]2CCN(C)C2)ccc1[*:1],[H][*:2],F[*:3],[H][*:4],Inactive
NC1=NN2C=C(F)C=NC2=C1C(=O)NC1=C(C=CN=C1)C1CC1,C1CC1[*:1],[H][*:2],F[*:3],[H][*:4],Inactive
CN1CCN(CC1)C(=O)C1=CC=C(C=C1)C1=C(NC(=O)C2=C3N=CC(F)=CN3N=C2N)C=NC=C1F,CN1CCN(C(=O)c2ccc([*:1])cc2)CC1,F[*:2],F[*:3],[H][*:4],< 20 nM 
NC1=NN2C=C(F)C=NC2=C1C(=O)NC1=C(C=CN=C1)C1=CC=C(C=C1)C(=O)N1CCNCC1,O=C(c1ccc([*:1])cc1)N1CCNCC1,[H][*:2],F[*:3],[H][*:4],Inactive
CN1CCN(CC1)C(=O)C1=CC(C)=C(C=C1)C1=C(NC(=O)C2=C3N=CC(F)=CN3N=C2N)C=NC=C1,Cc1cc(C(=O)N2CCN(C)CC2)ccc1[*:1],[H][*:2],F[*:3],[H][*:4],Inactive
CN1CCN(CC1)C(=O)C1=CC(Cl)=C(N=C1)C1=C(NC(=O)C2=C3N=CC(F)=CN3N=C2N)C=NC=C1,CN1CCN(C(=O)c2cnc([*:1])c(Cl)c2)CC1,[H][*:2],F[*:3],[H][*:4],Inactive
NC1=NN2C=C(F)C=NC2=C1C(=O)NC1=C(C=CN=C1)C1CCN(CC1)S(=O)(=O)C1CC1,O=S(=O)(C1CC1)N1CCC([*:1])CC1,[H][*:2],F[*:3],[H][*:4],Inactive
NC1=NN2C=C(F)C=NC2=C1C(=O)NC1=C(C=CN=C1)C1=CC=C(C=C1)C(=O)N1CCN2CCC1CC2,O=C(c1ccc([*:1])cc1)N1CCN2CCC1CC2,[H][*:2],F[*:3],[H][*:4],Inactive
NC1=NN2C=C(F)C=NC2=C1C(=O)NC1=C(C=CN=C1)C1=CC=C(C=C1)C(=O)N1CCN(CC1)C1COC1,O=C(c1ccc([*:1])cc1)N1CCN(C2COC2)CC1,[H][*:2],F[*:3],[H][*:4],Inactive
NC1=NN2C=C(F)C=NC2=C1C(=O)NC1=C(C=CN=C1)C1=CC=C(C=C1F)C(=O)N1CCN(CC1)C1COC1,O=C(c1ccc([*:1])c(F)c1)N1CCN(C2COC2)CC1,[H][*:2],F[*:3],[H][*:4],Inactive
NC1=NN2C=C(F)C=NC2=C1C(=O)NC1=C(C=CN=C1)C1=CC=C(N=C1)C(=O)N1CCN(CC1)C1COC1,O=C(c1ccc([*:1])cn1)N1CCN(C2COC2)CC1,[H][*:2],F[*:3],[H][*:4],Inactive
NC1=NN2C=C(F)C=NC2=C1C(=O)NC1=C(C=CN=C1)C1=CC=C(N=C1)C(=O)N1CCC(CC1)N1CCCC1,O=C(c1ccc([*:1])cn1)N1CCC(N2CCCC2)CC1,[H][*:2],F[*:3],[H][*:4],Inactive
NC1=NN2C=C(F)C=NC2=C1C(=O)NC1=C(C=CN=C1)C1=CC=C(N=C1)C(=O)N1CCC(CC1)N1CCC1,O=C(c1ccc([*:1])cn1)N1CCC(N2CCC2)CC1,[H][*:2],F[*:3],[H][*:4],Inactive
CN1C=CN=C1C1=C(NC(=O)C2=C3N=CC(F)=CN3N=C2N)C=NC=C1,Cn1ccnc1[*:1],[H][*:2],F[*:3],[H][*:4],Inactive
CN1C=NC=C1C1=C(NC(=O)C2=C3N=CC(F)=CN3N=C2N)C=NC=C1,Cn1cncc1[*:1],[H][*:2],F[*:3],[H][*:4],Inactive
CN1N=CC=C1C1=C(NC(=O)C2=C3N=CC(F)=CN3N=C2N)C=NC=C1,Cn1nccc1[*:1],[H][*:2],F[*:3],[H][*:4],Inactive
CN1C(=O)C=CC=C1C1=C(NC(=O)C2=C3N=CC(F)=CN3N=C2N)C=NC=C1,Cn1c([*:1])cccc1=O,[H][*:2],F[*:3],[H][*:4],Inactive
CN1C=C(C=CC1=O)C1=C(NC(=O)C2=C3N=CC(F)=CN3N=C2N)C=NC=C1,Cn1cc([*:1])ccc1=O,[H][*:2],F[*:3],[H][*:4],Inactive
NC1=NN2C=C(F)C=NC2=C1C(=O)NC1=C(C=CN=C1)C1=CC=CC=N1,c1ccc([*:1])nc1,[H][*:2],F[*:3],[H][*:4],Inactive
CS(=O)(=O)C1=CC=C(C=C1)C1=C(NC(=O)C2=C3N=CC(F)=CN3N=C2N)C=NC=C1,CS(=O)(=O)c1ccc([*:1])cc1,[H][*:2],F[*:3],[H][*:4],Inactive
CC1=NC=CN=C1C1=C(NC(=O)C2=C3N=CC(F)=CN3N=C2N)C=NC=C1,Cc1nccnc1[*:1],[H][*:2],F[*:3],[H][*:4],Inactive
CN1C=C(C(C)=N1)C1=C(NC(=O)C2=C3N=CC(F)=CN3N=C2N)C=NC=C1,Cc1nn(C)cc1[*:1],[H][*:2],F[*:3],[H][*:4],Inactive
NC1=NN2C=C(F)C=NC2=C1C(=O)NC1=C(C=CN=C1)C1=CC=C(C=C1)S(=O)(=O)N1CCC1,O=S(=O)(c1ccc([*:1])cc1)N1CCC1,[H][*:2],F[*:3],[H][*:4],Inactive
CN1N=CN=C1C1=C(NC(=O)C2=C3N=CC(F)=CN3N=C2N)C=NC=C1,Cn1ncnc1[*:1],[H][*:2],F[*:3],[H][*:4],Inactive
CN1CCOC[C@@H]1C1=CC=C(C=C1)C1=C(NC(=O)C2=C3N=CC(F)=CN3N=C2N)C=NC=C1,CN1CCOC[C@@H]1c1ccc([*:1])cc1,[H][*:2],F[*:3],[H][*:4],Inactive
CC1=C(N=CN=C1)C1=C(NC(=O)C2=C3N=CC(F)=CN3N=C2N)C=NC=C1,Cc1cncnc1[*:1],[H][*:2],F[*:3],[H][*:4],Inactive
CN1C=CC(=N1)C1=C(NC(=O)C2=C3N=CC(F)=CN3N=C2N)C=NC=C1,Cn1ccc([*:1])n1,[H][*:2],F[*:3],[H][*:4],Inactive
CC(=O)N1CCC(CC1)C1=C(NC(=O)C2=C3N=CC(F)=CN3N=C2N)C=NC=C1,CC(=O)N1CCC([*:1])CC1,[H][*:2],F[*:3],[H][*:4],Inactive
NC1=NN2C=C(F)C=NC2=C1C(=O)NC1=C(C=CN=C1)C1CCN(CC1)C(=O)C1CC1,O=C(C1CC1)N1CCC([*:1])CC1,[H][*:2],F[*:3],[H][*:4],Inactive
NC1=NN2C=C(F)C=NC2=C1C(=O)NC1=C(C=CN=C1)C1CCN(CC1)C(=O)C1(CC1)C#N,N#CC1(C(=O)N2CCC([*:1])CC2)CC1,[H][*:2],F[*:3],[H][*:4],Inactive
CN1N=NC=C1C1=C(NC(=O)C2=C3N=CC(F)=CN3N=C2N)C=NC=C1,Cn1nncc1[*:1],[H][*:2],F[*:3],[H][*:4],Inactive
CN1CCC(CC1=O)C1=C(NC(=O)C2=C3N=CC(F)=CN3N=C2N)C=NC=C1,CN1CCC([*:1])CC1=O,[H][*:2],F[*:3],[H][*:4],Inactive
NC1=NN2C=C(F)C=NC2=C1C(=O)NC1=C(C=CN=C1)C1CCOC1,C1CC([*:1])CO1,[H][*:2],F[*:3],[H][*:4],Inactive
NC1=NN2C=C(F)C=NC2=C1C(=O)NC1=C(CN2CCCC2=O)C=CN=C1,O=C1CCCN1C[*:1],[H][*:2],F[*:3],[H][*:4],Inactive
CN1C(C)=NC=C1C1=C(NC(=O)C2=C3N=CC(F)=CN3N=C2N)C=NC=C1,Cc1ncc([*:1])n1C,[H][*:2],F[*:3],[H][*:4],Inactive
CN1C=NC(C)=C1C1=C(NC(=O)C2=C3N=CC(F)=CN3N=C2N)C=NC=C1,Cc1ncn(C)c1[*:1],[H][*:2],F[*:3],[H][*:4],Inactive
CN1C=NC=C1C1=C(NC(=O)C2=C3N=CC(F)=CN3N=C2N)C=NC=C1F,Cn1cncc1[*:1],F[*:2],F[*:3],[H][*:4],< 20 nM 
CCN1C=NC=C1C1=C(NC(=O)C2=C3N=CC(F)=CN3N=C2N)C=NC=C1,CCn1cncc1[*:1],[H][*:2],F[*:3],[H][*:4],Inactive
COC1=CN=CC(NC(=O)C2=C3N=CC(F)=CN3N=C2N)=C1C1=CN=CN1C,Cn1cncc1[*:1],CO[*:2],F[*:3],[H][*:4],Inactive
COC1=CN=CC(NC(=O)C2=C3N=CC(F)=CN3N=C2N)=C1C1=CN=CC=C1,c1cncc([*:1])c1,CO[*:2],F[*:3],[H][*:4],Inactive
COCCN1C=NC=C1C1=C(NC(=O)C2=C3N=CC(F)=CN3N=C2N)C=NC=C1,COCCn1cncc1[*:1],[H][*:2],F[*:3],[H][*:4],Inactive
COC1=CN=CC(NC(=O)C2=C3N=CC(F)=CN3N=C2N)=C1C1CC1,C1CC1[*:1],CO[*:2],F[*:3],[H][*:4],Inactive
CN1CCN(CC1)C(=O)C1CCN(CC1)C1=C(NC(=O)C2=C3N=CC(F)=CN3N=C2N)C=NC=C1,CN1CCN(C(=O)C2CCN([*:1])CC2)CC1,[H][*:2],F[*:3],[H][*:4],Inactive
CN(C)C(=O)C1CCN(CC1)C1=C(NC(=O)C2=C3N=CC(F)=CN3N=C2N)C=NC=C1,CN(C)C(=O)C1CCN([*:1])CC1,[H][*:2],F[*:3],[H][*:4],Inactive
CN1CCN(CC1)C(=O)C1CCN(CC1)C1=C(NC(=O)C2=C3N=CC(F)=CN3N=C2N)C=NC=C1Cl,CN1CCN(C(=O)C2CCN([*:1])CC2)CC1,Cl[*:2],F[*:3],[H][*:4],Inactive
CN1CCN(CC1)C(=O)C1CCN(CC1)C1=C(NC(=O)C2=C3N=CC(F)=CN3N=C2N)C=NC=C1F,CN1CCN(C(=O)C2CCN([*:1])CC2)CC1,F[*:2],F[*:3],[H][*:4],< 20 nM 
CN1CCN(CC1)C(=O)C1CCN(CC1)C1=C(NC(=O)C2=C3N=CC(Cl)=CN3N=C2N)C=NC=C1F,CN1CCN(C(=O)C2CCN([*:1])CC2)CC1,F[*:2],Cl[*:3],[H][*:4],Inactive
CN1CCCN(CC1)C(=O)C1CCN(CC1)C1=C(NC(=O)C2=C3N=CC(F)=CN3N=C2N)C=NC=C1F,CN1CCCN(C(=O)C2CCN([*:1])CC2)CC1,F[*:2],F[*:3],[H][*:4],Inactive
NC1=NN2C=C(F)C=NC2=C1C(=O)NC1=C(N2CCC(CC2)C(=O)N2CCN3CCC2CC3)C(F)=CN=C1,O=C(C1CCN([*:1])CC1)N1CCN2CCC1CC2,F[*:2],F[*:3],[H][*:4],< 20 nM 
NC1=NN2C=C(F)C=NC2=C1C(=O)NC1=C(N2CCC(CC2)C(=O)N2CCC2)C(F)=CN=C1,O=C(C1CCN([*:1])CC1)N1CCC1,F[*:2],F[*:3],[H][*:4],Inactive
CCN1CCN(CC1)C(=O)C1CCN(CC1)C1=C(NC(=O)C2=C3N=CC(F)=CN3N=C2N)C=NC=C1F,CCN1CCN(C(=O)C2CCN([*:1])CC2)CC1,F[*:2],F[*:3],[H][*:4],Inactive
NC1=NN2C=C(F)C=NC2=C1C(=O)NC1=C(N2CCC(CC2)C(=O)N2CCN3CCCC3C2)C(F)=CN=C1,O=C(C1CCN([*:1])CC1)N1CCN2CCCC2C1,F[*:2],F[*:3],[H][*:4],Inactive
CN(C)[C@@H]1CCN(C1)C(=O)C1CCN(CC1)C1=C(NC(=O)C2=C3N=CC(F)=CN3N=C2N)C=NC=C1F,CN(C)[C@@H]1CCN(C(=O)C2CCN([*:1])CC2)C1,F[*:2],F[*:3],[H][*:4],Inactive
NC1=NN2C=C(F)C=NC2=C1C(=O)NC1=C(N2CCC(CC2)C(=O)N2CCNCC2)C(F)=CN=C1,O=C(C1CCN([*:1])CC1)N1CCNCC1,F[*:2],F[*:3],[H][*:4],< 20 nM 
NC1=NN2C=C(F)C=NC2=C1C(=O)NC1=C(N2CCC(CC2)C(=O)N2CCN(CC2)C2CC2)C(F)=CN=C1,O=C(C1CCN([*:1])CC1)N1CCN(C2CC2)CC1,F[*:2],F[*:3],[H][*:4],Inactive
NC1=NN2C=C(F)C=NC2=C1C(=O)NC1=C(N2CCC(CC2)C(=O)N2CC3(COC3)C2)C(F)=CN=C1,O=C(C1CCN([*:1])CC1)N1CC2(COC2)C1,F[*:2],F[*:3],[H][*:4],Inactive
CN1CCN(CC1(C)C)C(=O)C1CCN(CC1)C1=C(NC(=O)C2=C3N=CC(F)=CN3N=C2N)C=NC=C1F,CN1CCN(C(=O)C2CCN([*:1])CC2)CC1(C)C,F[*:2],F[*:3],[H][*:4],Inactive
CN(C)CCCN(C)C(=O)C1CCN(CC1)C1=C(NC(=O)C2=C3N=CC(F)=CN3N=C2N)C=NC=C1F,CN(C)CCCN(C)C(=O)C1CCN([*:1])CC1,F[*:2],F[*:3],[H][*:4],Inactive
CN1CC2CN(CC2C1)C(=O)C1CCN(CC1)C1=C(NC(=O)C2=C3N=CC(F)=CN3N=C2N)C=NC=C1F,CN1CC2CN(C(=O)C3CCN([*:1])CC3)CC2C1,F[*:2],F[*:3],[H][*:4],Inactive
CC(C)(C)NC(=O)C1CCN(CC1)C1=C(NC(=O)C2=C3N=CC(F)=CN3N=C2N)C=NC=C1F,CC(C)(C)NC(=O)C1CCN([*:1])CC1,F[*:2],F[*:3],[H][*:4],Inactive
CN1CCC(CC1)NC(=O)C1CCN(CC1)C1=C(NC(=O)C2=C3N=CC(F)=CN3N=C2N)C=NC=C1F,CN1CCC(NC(=O)C2CCN([*:1])CC2)CC1,F[*:2],F[*:3],[H][*:4],Inactive
COC1CN(C1)C(=O)C1CCN(CC1)C1=C(NC(=O)C2=C3N=CC(F)=CN3N=C2N)C=NC=C1F,COC1CN(C(=O)C2CCN([*:1])CC2)C1,F[*:2],F[*:3],[H][*:4],< 20 nM 
CN(C)C1CN(C1)C(=O)C1CCN(CC1)C1=C(NC(=O)C2=C3N=CC(F)=CN3N=C2N)C=NC=C1F,CN(C)C1CN(C(=O)C2CCN([*:1])CC2)C1,F[*:2],F[*:3],[H][*:4],Inactive
CN1CC(C1)NC(=O)C1CCN(CC1)C1=C(NC(=O)C2=C3N=CC(F)=CN3N=C2N)C=NC=C1F,CN1CC(NC(=O)C2CCN([*:1])CC2)C1,F[*:2],F[*:3],[H][*:4],Inactive
CN1CCC(C1)NC(=O)C1CCN(CC1)C1=C(NC(=O)C2=C3N=CC(F)=CN3N=C2N)C=NC=C1F,CN1CCC(NC(=O)C2CCN([*:1])CC2)C1,F[*:2],F[*:3],[H][*:4],Inactive
CN1CCN(CC1)C(=O)C1(CCN(CC1)C1=C(NC(=O)C2=C3N=CC(F)=CN3N=C2N)C=NC=C1F)C#N,CN1CCN(C(=O)C2(C#N)CCN([*:1])CC2)CC1,F[*:2],F[*:3],[H][*:4],Inactive
CN(C)CCCNC(=O)C1CCN(CC1)C1=C(NC(=O)C2=C3N=CC(F)=CN3N=C2N)C=NC=C1F,CN(C)CCCNC(=O)C1CCN([*:1])CC1,F[*:2],F[*:3],[H][*:4],Inactive
CC1(C)CN(CCN1)C(=O)C1CCN(CC1)C1=C(NC(=O)C2=C3N=CC(F)=CN3N=C2N)C=NC=C1F,CC1(C)CN(C(=O)C2CCN([*:1])CC2)CCN1,F[*:2],F[*:3],[H][*:4],Inactive
CN(C)C(=O)C1CCN(CC1)C1=C(NC(=O)C2=C3N=CC(F)=CN3N=C2N)C=NC=C1F,CN(C)C(=O)C1CCN([*:1])CC1,F[*:2],F[*:3],[H][*:4],Inactive
CN(C)CCNC(=O)C1CCN(CC1)C1=C(NC(=O)C2=C3N=CC(F)=CN3N=C2N)C=NC=C1F,CN(C)CCNC(=O)C1CCN([*:1])CC1,F[*:2],F[*:3],[H][*:4],Inactive
CN(C)CCN(C)C(=O)C1CCN(CC1)C1=C(NC(=O)C2=C3N=CC(F)=CN3N=C2N)C=NC=C1F,CN(C)CCN(C)C(=O)C1CCN([*:1])CC1,F[*:2],F[*:3],[H][*:4],Inactive
NC1=NN2C=C(F)C=NC2=C1C(=O)NC1=C(N2CCC(CC2)C(=O)N2CCN(CC2)C2COC2)C(F)=CN=C1,O=C(C1CCN([*:1])CC1)N1CCN(C2COC2)CC1,F[*:2],F[*:3],[H][*:4],< 20 nM 
CNC(=O)C1CCN(CC1)C1=C(NC(=O)C2=C3N=CC(F)=CN3N=C2N)C=NC=C1F,CNC(=O)C1CCN([*:1])CC1,F[*:2],F[*:3],[H][*:4],Inactive
CNC1CN(C1)C(=O)C1CCN(CC1)C1=C(NC(=O)C2=C3N=CC(F)=CN3N=C2N)C=NC=C1F,CNC1CN(C(=O)C2CCN([*:1])CC2)C1,F[*:2],F[*:3],[H][*:4],Inactive
NC1=NN2C=C(F)C=NC2=C1C(=O)NC1=C(N2CCC(CC2)C(=O)N2CCN(CC2)C2CCC2)C(F)=CN=C1,O=C(C1CCN([*:1])CC1)N1CCN(C2CCC2)CC1,F[*:2],F[*:3],[H][*:4],Inactive
NC1=NN2C=C(F)C=NC2=C1C(=O)NC1=C(N2CCC(CC2)C(=O)N2CCOCC2)C(F)=CN=C1,O=C(C1CCN([*:1])CC1)N1CCOCC1,F[*:2],F[*:3],[H][*:4],Inactive
NC1=NN2C=C(F)C=NC2=C1C(=O)NC1=C(N2CCC(CC2)C(=O)NC2COC2)C(F)=CN=C1,O=C(NC1COC1)C1CCN([*:1])CC1,F[*:2],F[*:3],[H][*:4],Inactive
CN1CCN(CC11CC1)C(=O)C1CCN(CC1)C1=C(NC(=O)C2=C3N=CC(F)=CN3N=C2N)C=NC=C1F,CN1CCN(C(=O)C2CCN([*:1])CC2)CC12CC2,F[*:2],F[*:3],[H][*:4],Inactive
COCCN(C)C(=O)C1CCN(CC1)C1=C(NC(=O)C2=C3N=CC(F)=CN3N=C2N)C=NC=C1F,COCCN(C)C(=O)C1CCN([*:1])CC1,F[*:2],F[*:3],[H][*:4],Inactive
NC1=NN2C=C(F)C=NC2=C1C(=O)NC1=C(N2CCC(CC2)C(=O)N2CC(O)C2)C(F)=CN=C1,O=C(C1CCN([*:1])CC1)N1CC(O)C1,F[*:2],F[*:3],[H][*:4],Inactive
NC1=NN2C=C(F)C=NC2=C1C(=O)NC1=C(N2CCC(CC2)C(=O)NCCN2CCC2)C(F)=CN=C1,O=C(NCCN1CCC1)C1CCN([*:1])CC1,F[*:2],F[*:3],[H][*:4],Inactive
NC1=NN2C=C(F)C=NC2=C1C(=O)NC1=C(N2CCC(CC2)C(=O)N2CC(C2)N2CCCC2)C(F)=CN=C1,O=C(C1CCN([*:1])CC1)N1CC(N2CCCC2)C1,F[*:2],F[*:3],[H][*:4],Inactive
NC1=NN2C=C(F)C=NC2=C1C(=O)NC1=C(N2CCC(CC2)C(=O)N2CC3CCC(C2)N3)C(F)=CN=C1,O=C(C1CCN([*:1])CC1)N1CC2CCC(C1)N2,F[*:2],F[*:3],[H][*:4],Inactive
C[C@@H]1CN(CCN1)C(=O)C1CCN(CC1)C1=C(NC(=O)C2=C3N=CC(F)=CN3N=C2N)C=NC=C1F,C[C@@H]1CN(C(=O)C2CCN([*:1])CC2)CCN1,F[*:2],F[*:3],[H][*:4],Inactive
NC1=NN2C=C(F)C=NC2=C1C(=O)NC1=C(N2CCC(CC2)C(=O)N2CCN3CCC2C3)C(F)=CN=C1,O=C(C1CCN([*:1])CC1)N1CCN2CCC1C2,F[*:2],F[*:3],[H][*:4],Inactive
C[C@H]1CN(CCN1C)C(=O)C1CCN(CC1)C1=C(NC(=O)C2=C3N=CC(F)=CN3N=C2N)C=NC=C1F,C[C@H]1CN(C(=O)C2CCN([*:1])CC2)CCN1C,F[*:2],F[*:3],[H][*:4],Inactive
NC1=NN2C=C(F)C=NC2=C1C(=O)NC1=C(N2CCC(CC2)C(=O)N2CCNCC2)C(Cl)=CN=C1,O=C(C1CCN([*:1])CC1)N1CCNCC1,Cl[*:2],F[*:3],[H][*:4],Inactive
NC1=NN2C=C(F)C=NC2=C1C(=O)NC1=C(N2CCC(CC2)C(=O)N2CC(C2)N2CCC2)C(F)=CN=C1,O=C(C1CCN([*:1])CC1)N1CC(N2CCC2)C1,F[*:2],F[*:3],[H][*:4],Inactive
C[C@@H]1CN(CCN1C)C(=O)C1CCN(CC1)C1=C(NC(=O)C2=C3N=CC(F)=CN3N=C2N)C=NC=C1F,C[C@@H]1CN(C(=O)C2CCN([*:1])CC2)CCN1C,F[*:2],F[*:3],[H][*:4],Inactive
NC1=NN2C=C(F)C=NC2=C1C(=O)NC1=C(N2CCC(CC2)C(=O)N2CC3CNCC3C2)C(F)=CN=C1,O=C(C1CCN([*:1])CC1)N1CC2CNCC2C1,F[*:2],F[*:3],[H][*:4],Inactive
CN1C2CCC1CN(C2)C(=O)C1CCN(CC1)C1=C(NC(=O)C2=C3N=CC(F)=CN3N=C2N)C=NC=C1F,CN1C2CCC1CN(C(=O)C1CCN([*:1])CC1)C2,F[*:2],F[*:3],[H][*:4],Inactive
CN1CC2CC1CN2C(=O)C1CCN(CC1)C1=C(NC(=O)C2=C3N=CC(F)=CN3N=C2N)C=NC=C1F,CN1CC2CC1CN2C(=O)C1CCN([*:1])CC1,F[*:2],F[*:3],[H][*:4],Inactive
CN1CCN(CC1)C(=O)C1(C)CCN(CC1)C1=C(NC(=O)C2=C3N=CC(F)=CN3N=C2N)C=NC=C1F,CN1CCN(C(=O)C2(C)CCN([*:1])CC2)CC1,F[*:2],F[*:3],[H][*:4],Inactive
NC1=NN2C=C(F)C=NC2=C1C(=O)NC1=C(N2CCC(CC2)C(=O)N2CC(C2)N2CCCCC2)C(F)=CN=C1,O=C(C1CCN([*:1])CC1)N1CC(N2CCCCC2)C1,F[*:2],F[*:3],[H][*:4],Inactive
NC1=NN2C=C(F)C=NC2=C1C(=O)NC1=C(N2CCC(CC2)C(=O)N2CC[C@@H](C2)N2CCCC2)C(F)=CN=C1,O=C(C1CCN([*:1])CC1)N1CC[C@H](N2CCCC2)C1,F[*:2],F[*:3],[H][*:4],Inactive
NC1=NN2C=C(F)C=NC2=C1C(=O)NC1=C(N2CCC(CC2)C(=O)N2CCC(CC2)N2CCCC2)C(F)=CN=C1,O=C(C1CCN([*:1])CC1)N1CCC(N2CCCC2)CC1,F[*:2],F[*:3],[H][*:4],Inactive
NC1=NN2C=C(F)C=NC2=C1C(=O)NC1=C(N2CCC(CC2)C(=O)N2CCC(CC2)N2CCCCC2)C(F)=CN=C1,O=C(C1CCN([*:1])CC1)N1CCC(N2CCCCC2)CC1,F[*:2],F[*:3],[H][*:4],Inactive
C[C@H]1CN(CCN1)C(=O)C1CCN(CC1)C1=C(NC(=O)C2=C3N=CC(F)=CN3N=C2N)C=NC=C1F,C[C@H]1CN(C(=O)C2CCN([*:1])CC2)CCN1,F[*:2],F[*:3],[H][*:4],Inactive
NC1=NN2C=C(F)C=NC2=C1C(=O)NC1=C(N2CCC(CC2)C(=O)N2CCNC3CC23)C(F)=CN=C1,O=C(C1CCN([*:1])CC1)N1CCNC2CC21,F[*:2],F[*:3],[H][*:4],Inactive
CC1(O)CN(C1)C(=O)C1CCN(CC1)C1=C(NC(=O)C2=C3N=CC(F)=CN3N=C2N)C=NC=C1F,CC1(O)CN(C(=O)C2CCN([*:1])CC2)C1,F[*:2],F[*:3],[H][*:4],Inactive
NC1=NN2C=C(F)C=NC2=C1C(=O)NC1=C(N2CCC(CC2)C(=O)N2CCC(C2)N2CCCCC2)C(F)=CN=C1,O=C(C1CCN([*:1])CC1)N1CCC(N2CCCCC2)C1,F[*:2],F[*:3],[H][*:4],Inactive
CN1CCN(C2CC12)C(=O)C1CCN(CC1)C1=C(NC(=O)C2=C3N=CC(F)=CN3N=C2N)C=NC=C1F,CN1CCN(C(=O)C2CCN([*:1])CC2)C2CC21,F[*:2],F[*:3],[H][*:4],Inactive
NC1=NN2C=C(F)C=NC2=C1C(=O)NC1=C(N2CCC(CC2)C(=O)N2CCN3CCC2CC3)C(Cl)=CN=C1,O=C(C1CCN([*:1])CC1)N1CCN2CCC1CC2,Cl[*:2],F[*:3],[H][*:4],Inactive
NC1=NN2C=C(F)C=NC2=C1C(=O)NC1=C(N2CCC(CC2)C(=O)N2CC(F)C2)C(F)=CN=C1,O=C(C1CCN([*:1])CC1)N1CC(F)C1,F[*:2],F[*:3],[H][*:4],Inactive
NC1=NN2C=C(F)C=NC2=C1C(=O)NC1=C(N2CCC(CC2)C(=O)N2CCC(CC2)N2CCC2)C(F)=CN=C1,O=C(C1CCN([*:1])CC1)N1CCC(N2CCC2)CC1,F[*:2],F[*:3],[H][*:4],Inactive
NC1=NN2C=C(F)C=NC2=C1C(=O)NC1=C(N2CCC(CC2)C(=O)N2CCN3CCC2C3)C(Cl)=CN=C1,O=C(C1CCN([*:1])CC1)N1CCN2CCC1C2,Cl[*:2],F[*:3],[H][*:4],Inactive
NC1=NN2C=C(F)C=NC2=C1C(=O)NC1=C(N2CCC(CC2)C(=O)N2CCN3CC[C@H]2C3)C(F)=CN=C1,O=C(C1CCN([*:1])CC1)N1CCN2CC[C@H]1C2,F[*:2],F[*:3],[H][*:4],Inactive
NC1=NN2C=C(F)C=NC2=C1C(=O)NC1=C(N2CCC(CC2)C(=O)N2CCN3CC[C@@H]2C3)C(F)=CN=C1,O=C(C1CCN([*:1])CC1)N1CCN2CC[C@@H]1C2,F[*:2],F[*:3],[H][*:4],Inactive
NC1=NN2C=C(F)C=NC2=C1C(=O)NC1=C(N2CCC(CC2)C(=O)N2CC(F)(F)C2)C(F)=CN=C1,O=C(C1CCN([*:1])CC1)N1CC(F)(F)C1,F[*:2],F[*:3],[H][*:4],Inactive
COC1(C)CN(C1)C(=O)C1CCN(CC1)C1=C(NC(=O)C2=C3N=CC(F)=CN3N=C2N)C=NC=C1F,COC1(C)CN(C(=O)C2CCN([*:1])CC2)C1,F[*:2],F[*:3],[H][*:4],Inactive
NC1=NN2C=C(F)C=NC2=C1C(=O)NC1=C(N2CCC(CC2)C(=O)N2CC(C2)C#N)C(F)=CN=C1,N#CC1CN(C(=O)C2CCN([*:1])CC2)C1,F[*:2],F[*:3],[H][*:4],Inactive
NC1=NN2C=C(F)C=NC2=C1C(=O)NC1=C(C=CN=C1)N1CCC(CC1)C(=O)N1CCC1,O=C(C1CCN([*:1])CC1)N1CCC1,[H][*:2],F[*:3],[H][*:4],Inactive
COC1CN(C1)C(=O)C1CCN(CC1)C1=C(NC(=O)C2=C3N=CC(F)=CN3N=C2N)C=NC=C1,COC1CN(C(=O)C2CCN([*:1])CC2)C1,[H][*:2],F[*:3],[H][*:4],Inactive
COC1(C)CN(C1)C(=O)C1CCN(CC1)C1=C(NC(=O)C2=C3N=CC(F)=CN3N=C2N)C=NC=C1,COC1(C)CN(C(=O)C2CCN([*:1])CC2)C1,[H][*:2],F[*:3],[H][*:4],Inactive
NC1=NN2C=C(F)C=NC2=C1C(=O)NC1=C(C=CN=C1)N1CCC(CC1)C(=O)N1CC(F)(F)C1,O=C(C1CCN([*:1])CC1)N1CC(F)(F)C1,[H][*:2],F[*:3],[H][*:4],Inactive
NC1=NN2C=C(F)C=NC2=C1C(=O)NC1=C(C=CN=C1)N1CCC(CC1)C(=O)N1CC(C1)C#N,N#CC1CN(C(=O)C2CCN([*:1])CC2)C1,[H][*:2],F[*:3],[H][*:4],Inactive
NC1=NN2C=C(F)C=NC2=C1C(=O)NC1=C(C=CN=C1)N1CCC(CC1)C(=O)N1CC(F)C1,O=C(C1CCN([*:1])CC1)N1CC(F)C1,[H][*:2],F[*:3],[H][*:4],Inactive
NC1=NN2C=C(F)C=NC2=C1C(=O)NC1=C(C=CN=C1)N1CCC(CC1)C(=O)N1CCCC1,O=C(C1CCN([*:1])CC1)N1CCCC1,[H][*:2],F[*:3],[H][*:4],Inactive
NC1=NN2C=C(F)C=NC2=C1C(=O)NC1=C(C=CN=C1)N1CCC(CC1)C(=O)N1CCC2(COC2)C1,O=C(C1CCN([*:1])CC1)N1CCC2(COC2)C1,[H][*:2],F[*:3],[H][*:4],Inactive
NC1=NN2C=C(F)C=NC2=C1C(=O)NC1=C(C=CN=C1)N1CCC(CC1)C(=O)N1CCOCC1,O=C(C1CCN([*:1])CC1)N1CCOCC1,[H][*:2],F[*:3],[H][*:4],Inactive
CS(=O)(=O)C1CN(C1)C(=O)C1CCN(CC1)C1=C(NC(=O)C2=C3N=CC(F)=CN3N=C2N)C=NC=C1F,CS(=O)(=O)C1CN(C(=O)C2CCN([*:1])CC2)C1,F[*:2],F[*:3],[H][*:4],Inactive
NC1=NN2C=C(Cl)C=NC2=C1C(=O)NC1=C(N2CCC(CC2)C(=O)N2CCN3CCC2CC3)C(F)=CN=C1,O=C(C1CCN([*:1])CC1)N1CCN2CCC1CC2,F[*:2],Cl[*:3],[H][*:4],Inactive
NC1=NN2C=C(F)C=NC2=C1C(=O)NC1=C(C=CN=C1)N1CCC(CC1)C(=O)N1CC2(COC2)C1,O=C(C1CCN([*:1])CC1)N1CC2(COC2)C1,[H][*:2],F[*:3],[H][*:4],Inactive
CS(=O)(=O)C1CN(C1)C(=O)C1CCN(CC1)C1=C(NC(=O)C2=C3N=CC(F)=CN3N=C2N)C=NC=C1,CS(=O)(=O)C1CN(C(=O)C2CCN([*:1])CC2)C1,[H][*:2],F[*:3],[H][*:4],Inactive
NC1=NN2C=C(F)C=NC2=C1C(=O)NC1=C(C=CN=C1)N1CCC(CC1)C(=O)N1CC2(CCO2)C1,O=C(C1CCN([*:1])CC1)N1CC2(CCO2)C1,[H][*:2],F[*:3],[H][*:4],Inactive
CCOC1CN(C1)C(=O)C1CCN(CC1)C1=C(NC(=O)C2=C3N=CC(F)=CN3N=C2N)C=NC=C1,CCOC1CN(C(=O)C2CCN([*:1])CC2)C1,[H][*:2],F[*:3],[H][*:4],Inactive
CC1(COC1)N1CCN(CC1)C(=O)C1CCN(CC1)C1=C(NC(=O)C2=C3N=CC(F)=CN3N=C2N)C=NC=C1F,CC1(N2CCN(C(=O)C3CCN([*:1])CC3)CC2)COC1,F[*:2],F[*:3],[H][*:4],Inactive
CO[C@@H]1CCN(C1)C(=O)C1CCN(CC1)C1=C(NC(=O)C2=C3N=CC(F)=CN3N=C2N)C=NC=C1,CO[C@@H]1CCN(C(=O)C2CCN([*:1])CC2)C1,[H][*:2],F[*:3],[H][*:4],Inactive
CO[C@H]1CCN(C1)C(=O)C1CCN(CC1)C1=C(NC(=O)C2=C3N=CC(F)=CN3N=C2N)C=NC=C1,CO[C@H]1CCN(C(=O)C2CCN([*:1])CC2)C1,[H][*:2],F[*:3],[H][*:4],Inactive
NC1=NN2C=C(F)C=NC2=C1C(=O)NC1=C(N2CCC(CC2)C(=O)N2CC[NH+]([O-])CC2)C(F)=CN=C1,O=C(C1CCN([*:1])CC1)N1CC[NH+]([O-])CC1,F[*:2],F[*:3],[H][*:4],Inactive
CN1CC(C1)N1CCN(CC1)C(=O)C1CCN(CC1)C1=C(NC(=O)C2=C3N=CC(F)=CN3N=C2N)C=NC=C1F,CN1CC(N2CCN(C(=O)C3CCN([*:1])CC3)CC2)C1,F[*:2],F[*:3],[H][*:4],Inactive
COCC1CN(C1)C(=O)C1CCN(CC1)C1=C(NC(=O)C2=C3N=CC(F)=CN3N=C2N)C=NC=C1F,COCC1CN(C(=O)C2CCN([*:1])CC2)C1,F[*:2],F[*:3],[H][*:4],Inactive
CO[C@H]1CCN(C1)C(=O)C1CCN(CC1)C1=C(NC(=O)C2=C3N=CC(F)=CN3N=C2N)C=NC=C1F,CO[C@H]1CCN(C(=O)C2CCN([*:1])CC2)C1,F[*:2],F[*:3],[H][*:4],Inactive
CN(C)CC(=O)N1CCN(CC1)C1=C(NC(=O)C2=C3N=CC(F)=CN3N=C2N)C=NC=C1F,CN(C)CC(=O)N1CCN([*:1])CC1,F[*:2],F[*:3],[H][*:4],Inactive
CC1=NC=NN1C1=C(NC(=O)C2=C3N=CC(F)=CN3N=C2N)C=NC=C1F,Cc1ncnn1[*:1],F[*:2],F[*:3],[H][*:4],Inactive
CC(C)N1CCN2CCN(CC2C1=O)C1=C(NC(=O)C2=C3N=CC(F)=CN3N=C2N)C=NC=C1,CC(C)N1CCN2CCN([*:1])CC2C1=O,[H][*:2],F[*:3],[H][*:4],Inactive
NC1=NN2C=C(Cl)C=NC2=C1C(=O)NC1=C(O[C@H]2C[C@@]3(CCN3)C2)C=CN=C1,C1C[C@]2(C[C@@H](O[*:1])C2)N1,[H][*:2],Cl[*:3],[H][*:4],Inactive
NC1=NN2C=C(F)C=NC2=C1C(=O)NC1=C(N2CCC(CC2)C(=O)N2CCNC3(CC3)C2)C(F)=CN=C1,O=C(C1CCN([*:1])CC1)N1CCNC2(CC2)C1,F[*:2],F[*:3],[H][*:4],Inactive
CN1CCN2CCN(CC2C1)C1=C(NC(=O)C2=C3N=CC(F)=CN3N=C2N)C=NC=C1Cl,CN1CCN2CCN([*:1])CC2C1,Cl[*:2],F[*:3],[H][*:4],Inactive
NC1=NN2C=C(Cl)C=NC2=C1C(=O)NC1=C(C=CN=C1)N1CCC(CC1)N1CC2(COC2)C1,C1CN([*:1])CCC1N1CC2(COC2)C1,[H][*:2],Cl[*:3],[H][*:4],Inactive
NC1=NN2C=C(F)C=NC2=C1C(=O)NC1=C(N2CCN(CC2)C2COC2)C(Cl)=CN=C1,C1OCC1N1CCN([*:1])CC1,Cl[*:2],F[*:3],[H][*:4],Inactive
CN1CCN2CCN(CC2C1)C1=C(NC(=O)C2=C3N=CC(F)=CN3N=C2N)C=NC=C1F,CN1CCN2CCN([*:1])CC2C1,F[*:2],F[*:3],[H][*:4],Inactive